nim,kampus,avg_score,top_skill_1,top_skill_2,top_skill_3,weak_skill_1,weak_skill_2,weak_skill_3,skill_Artificial_Intelligence,skill_Business_Process_Information_Systems,skill_Cloud_Computing,skill_Computer_Networking,skill_Data_Mining_Analytics,skill_Database_Data_Management,skill_Enterprise_Architecture_Integration,skill_Financial_Technology,skill_Human_Resource_Management,skill_IT_Governance,skill_Information_Security_Risk_Management,skill_Innovation_Digital_Business,skill_Mobile_Development,skill_Natural_Language_Processing,skill_Professional_Soft_Skills,skill_Programming_Algorithm,skill_Project_Management,skill_Research_Academic_Writing,skill_Smart_City_E-Government,skill_Software_Engineering,skill_Statistics_Mathematics,skill_Supply_Chain_CRM,skill_UI_UX_Interaction_Design,skill_Web_Development
1030500001,Telkom University Surabaya,84.76,Artificial Intelligence,Research & Academic Writing,Innovation & Digital Business,Programming & Algorithm,Data Mining & Analytics,Cloud Computing,0.8976,0.8565,0.7699,0.8683,0.785,0.8284,0.8428,0.7891,0.8248,0.8524,0.8792,0.891,0.8688,0.8234,0.8818,0.786,0.8817,0.8942,0.8004,0.8334,0.821,0.8691,0.8649,0.8553
1030500002,Telkom University Surabaya,75.75,Computer Networking,Supply Chain & CRM,Database & Data Management,UI/UX & Interaction Design,Smart City & E-Government,Mobile Development,0.7662,0.7509,0.7103,0.8262,0.7846,0.7982,0.7519,0.7338,0.7143,0.7982,0.7495,0.7366,0.6505,0.7925,0.7621,0.7816,0.7972,0.7664,0.6924,0.7676,0.7193,0.7992,0.6948,0.7429
1030500003,Telkom University Surabaya,83.35,IT Governance,UI/UX & Interaction Design,Programming & Algorithm,Computer Networking,Financial Technology,Innovation & Digital Business,0.7936,0.8282,0.8657,0.7903,0.8032,0.8311,0.8448,0.7782,0.8587,0.912,0.8729,0.7285,0.816,0.8167,0.8355,0.8779,0.8216,0.8163,0.8162,0.8312,0.7908,0.8182,0.8906,0.8292
1030500004,Telkom University Surabaya,75.53,Artificial Intelligence,Human Resource Management,UI/UX & Interaction Design,Data Mining & Analytics,Project Management,IT Governance,0.8211,0.7308,0.782,0.7391,0.6966,0.7189,0.7718,0.6981,0.8124,0.6555,0.7171,0.731,0.7665,0.7272,0.7494,0.7938,0.6877,0.758,0.7133,0.7549,0.747,0.7779,0.7988,0.7872
1030500005,Telkom University Surabaya,83.05,Smart City & E-Government,Natural Language Processing,Financial Technology,Cloud Computing,Project Management,IT Governance,0.8782,0.8253,0.7725,0.7958,0.8801,0.8442,0.8569,0.9014,0.8664,0.6247,0.8186,0.8695,0.8224,0.9257,0.8331,0.8068,0.6989,0.8222,0.9562,0.8072,0.8271,0.8105,0.8185,0.8238
1030500006,Telkom University Surabaya,85.78,Smart City & E-Government,Natural Language Processing,Innovation & Digital Business,Enterprise Architecture & Integration,Cloud Computing,Human Resource Management,0.8485,0.8525,0.8164,0.8994,0.8611,0.8772,0.82,0.8506,0.783,0.8888,0.8767,0.9132,0.8598,0.924,0.8514,0.8496,0.8945,0.8337,0.9255,0.8609,0.8247,0.869,0.89,0.8582
1030500007,Telkom University Surabaya,85.54,IT Governance,Smart City & E-Government,Information Security & Risk Management,Enterprise Architecture & Integration,Natural Language Processing,Cloud Computing,0.8437,0.847,0.8235,0.8372,0.8377,0.8551,0.8267,0.8436,0.8283,0.9415,0.9097,0.8688,0.8868,0.8242,0.8487,0.8785,0.8901,0.8462,0.9383,0.8534,0.8624,0.8349,0.8822,0.8423
1030500008,Telkom University Surabaya,84.64,Supply Chain & CRM,Financial Technology,Computer Networking,Artificial Intelligence,Project Management,Information Security & Risk Management,0.8091,0.8373,0.8791,0.8887,0.8397,0.8231,0.85,0.8945,0.81,0.8299,0.7696,0.866,0.8799,0.8232,0.8371,0.8605,0.8056,0.8491,0.8746,0.8508,0.8574,0.9276,0.8435,0.851
1030500009,Telkom University Surabaya,75.75,Smart City & E-Government,IT Governance,Data Mining & Analytics,Web Development,Statistics & Mathematics,Computer Networking,0.7765,0.7551,0.7515,0.663,0.7912,0.7512,0.7603,0.7524,0.7719,0.8457,0.7911,0.7581,0.7884,0.7599,0.7424,0.7894,0.7718,0.777,0.8594,0.7569,0.7226,0.7386,0.7492,0.7277
1030500010,Telkom University Surabaya,56.15,Artificial Intelligence,Natural Language Processing,Innovation & Digital Business,Data Mining & Analytics,Supply Chain & CRM,Cloud Computing,0.6637,0.5456,0.5028,0.5476,0.5179,0.5726,0.5354,0.5659,0.5913,0.6018,0.5535,0.6574,0.5922,0.6637,0.5623,0.5313,0.5498,0.541,0.5294,0.5736,0.5516,0.5101,0.5448,0.6008
1030500011,Telkom University Surabaya,85.85,Smart City & E-Government,IT Governance,Mobile Development,Artificial Intelligence,Project Management,Cloud Computing,0.8168,0.8523,0.8034,0.8635,0.861,0.8541,0.8426,0.8844,0.8189,0.9408,0.8519,0.8777,0.9071,0.8678,0.8588,0.8256,0.8168,0.8781,0.9445,0.8547,0.8671,0.9018,0.8905,0.823
1030500012,Telkom University Surabaya,74.8,Natural Language Processing,IT Governance,Database & Data Management,Innovation & Digital Business,Mobile Development,Smart City & E-Government,0.7494,0.7577,0.6907,0.7469,0.742,0.7835,0.7513,0.7356,0.761,0.8009,0.7399,0.6804,0.6559,0.8267,0.743,0.7529,0.7465,0.7703,0.6394,0.7453,0.7425,0.7641,0.6832,0.7328
1030500013,Telkom University Surabaya,86.11,Computer Networking,Natural Language Processing,Supply Chain & CRM,Information Security & Risk Management,Mobile Development,UI/UX & Interaction Design,0.8575,0.8552,0.8468,0.9284,0.8362,0.823,0.8383,0.8196,0.8597,0.822,0.8159,0.8324,0.7842,0.9249,0.8628,0.8789,0.8879,0.8955,0.8639,0.8855,0.8371,0.9038,0.7696,0.852
1030500014,Telkom University Surabaya,75.08,IT Governance,Computer Networking,Information Security & Risk Management,Artificial Intelligence,Financial Technology,Natural Language Processing,0.7051,0.7434,0.7915,0.8368,0.7857,0.7498,0.7369,0.6939,0.7193,0.8884,0.8276,0.7903,0.7372,0.5892,0.7669,0.7591,0.7832,0.7269,0.7429,0.7723,0.7488,0.8164,0.7542,0.7647
1030500015,Telkom University Surabaya,57.97,Smart City & E-Government,Cloud Computing,Computer Networking,Programming & Algorithm,Human Resource Management,Natural Language Processing,0.5681,0.5677,0.6836,0.6579,0.5781,0.5925,0.5809,0.5821,0.5454,0.5958,0.6295,0.5722,0.5866,0.5026,0.5868,0.5584,0.5701,0.5623,0.709,0.5838,0.5956,0.6205,0.5892,0.603
1030500016,Telkom University Surabaya,75.89,Statistics & Mathematics,Natural Language Processing,Human Resource Management,Cloud Computing,IT Governance,Information Security & Risk Management,0.7559,0.7658,0.7181,0.7774,0.7629,0.7909,0.7606,0.7577,0.7915,0.7103,0.6544,0.7877,0.7445,0.7963,0.7683,0.7318,0.7547,0.7354,0.7738,0.757,0.8147,0.7627,0.7576,0.75
1030500017,Telkom University Surabaya,76.05,Cloud Computing,Mobile Development,Natural Language Processing,Computer Networking,Financial Technology,IT Governance,0.8181,0.7561,0.8693,0.7027,0.7418,0.7857,0.738,0.698,0.7315,0.6949,0.7197,0.7355,0.843,0.8184,0.7699,0.7582,0.8079,0.7858,0.7467,0.7694,0.7227,0.7515,0.7533,0.8148
1030500018,Telkom University Surabaya,86.06,Supply Chain & CRM,Research & Academic Writing,Financial Technology,Smart City & E-Government,Programming & Algorithm,Information Security & Risk Management,0.8518,0.8807,0.8781,0.8706,0.861,0.8562,0.875,0.9034,0.8262,0.8197,0.769,0.8798,0.8679,0.8738,0.8612,0.7726,0.8931,0.9101,0.7737,0.8681,0.8443,0.928,0.8925,0.8559
1030500019,Telkom University Surabaya,75.92,IT Governance,Programming & Algorithm,Statistics & Mathematics,Artificial Intelligence,Human Resource Management,Smart City & E-Government,0.6856,0.7521,0.7508,0.7653,0.7463,0.7472,0.7317,0.7322,0.6751,0.8156,0.7868,0.7595,0.7735,0.7028,0.786,0.7963,0.7365,0.7707,0.6602,0.7493,0.7875,0.7826,0.7485,0.7549
1030500020,Telkom University Surabaya,59.62,Cloud Computing,Information Security & Risk Management,Software Engineering,Programming & Algorithm,Human Resource Management,Computer Networking,0.5933,0.596,0.6425,0.5449,0.5962,0.6167,0.5966,0.6033,0.5572,0.5677,0.6421,0.5664,0.5965,0.5843,0.6076,0.5602,0.6108,0.603,0.5741,0.6185,0.564,0.5996,0.6086,0.5698
1030500021,Telkom University Surabaya,75.24,Financial Technology,Cloud Computing,Mobile Development,Artificial Intelligence,Statistics & Mathematics,Innovation & Digital Business,0.7039,0.7656,0.806,0.7182,0.7631,0.776,0.7508,0.8232,0.7242,0.7362,0.7945,0.6959,0.7975,0.7484,0.7585,0.726,0.7685,0.7428,0.7339,0.7673,0.7032,0.7677,0.7789,0.7925
1030500022,Telkom University Surabaya,85.62,Innovation & Digital Business,UI/UX & Interaction Design,Project Management,Computer Networking,Mobile Development,Programming & Algorithm,0.8776,0.8613,0.8311,0.7846,0.9021,0.8426,0.865,0.7879,0.8789,0.8721,0.831,0.92,0.7751,0.8879,0.8634,0.7443,0.9067,0.839,0.8423,0.8706,0.8771,0.8183,0.9137,0.8377
1030500023,Telkom University Surabaya,57.9,Supply Chain & CRM,Project Management,UI/UX & Interaction Design,Mobile Development,Cloud Computing,Natural Language Processing,0.5483,0.6021,0.5078,0.5954,0.57,0.5696,0.5508,0.6019,0.5862,0.5893,0.6035,0.5777,0.5382,0.5021,0.5828,0.5494,0.62,0.5822,0.5839,0.6011,0.5475,0.636,0.6066,0.5903
1030500024,Telkom University Surabaya,86.15,IT Governance,Cloud Computing,Programming & Algorithm,Innovation & Digital Business,Artificial Intelligence,Smart City & E-Government,0.8284,0.8717,0.8957,0.8814,0.8454,0.8816,0.8575,0.841,0.8688,0.9442,0.8394,0.8342,0.8551,0.8505,0.8591,0.8888,0.8799,0.8424,0.8034,0.8611,0.8563,0.8824,0.8605,0.8422
1030500025,Telkom University Surabaya,75.86,Project Management,Cloud Computing,Natural Language Processing,Statistics & Mathematics,IT Governance,UI/UX & Interaction Design,0.7871,0.7801,0.8441,0.7626,0.7079,0.6969,0.7491,0.7502,0.7785,0.6775,0.7254,0.7381,0.7739,0.8133,0.7748,0.7655,0.8445,0.8001,0.7235,0.8013,0.6911,0.7518,0.6656,0.7918
1030500026,Telkom University Surabaya,83.42,Computer Networking,Supply Chain & CRM,Information Security & Risk Management,Cloud Computing,Artificial Intelligence,Natural Language Processing,0.7548,0.8541,0.7623,0.9211,0.8771,0.8372,0.8564,0.8649,0.8225,0.837,0.8998,0.8864,0.8,0.7224,0.8255,0.7931,0.8275,0.7838,0.8204,0.8547,0.8847,0.9203,0.8094,0.7962
1030500027,Telkom University Surabaya,74.77,Cloud Computing,Research & Academic Writing,Information Security & Risk Management,Financial Technology,Mobile Development,IT Governance,0.7663,0.7416,0.7986,0.7197,0.7439,0.744,0.7126,0.6968,0.7193,0.6464,0.7671,0.6986,0.6851,0.7493,0.7553,0.7609,0.7457,0.7962,0.7633,0.7454,0.7528,0.7307,0.7442,0.7077
1030500028,Telkom University Surabaya,83.34,Human Resource Management,Financial Technology,Smart City & E-Government,Innovation & Digital Business,Artificial Intelligence,Information Security & Risk Management,0.7607,0.8435,0.8194,0.8388,0.8225,0.8471,0.8463,0.9024,0.9123,0.8494,0.7135,0.7726,0.7989,0.8324,0.8471,0.8427,0.8372,0.8597,0.8904,0.8479,0.8202,0.8127,0.7782,0.8558
1030500029,Telkom University Surabaya,84.24,Smart City & E-Government,UI/UX & Interaction Design,Human Resource Management,IT Governance,Supply Chain & CRM,Computer Networking,0.869,0.8406,0.8786,0.6931,0.8765,0.8379,0.8584,0.8364,0.8818,0.8121,0.8618,0.8346,0.8371,0.8399,0.8271,0.8636,0.8228,0.8487,0.9029,0.8315,0.8485,0.7458,0.89,0.8156
1030500030,Telkom University Surabaya,74.83,Mobile Development,IT Governance,Project Management,Innovation & Digital Business,Artificial Intelligence,Data Mining & Analytics,0.6913,0.7679,0.7621,0.7178,0.6879,0.7441,0.6952,0.7823,0.7214,0.8078,0.7166,0.6933,0.827,0.7651,0.7473,0.7663,0.792,0.7783,0.7224,0.7561,0.7466,0.7033,0.739,0.7651
1030500031,Telkom University Surabaya,83.46,Smart City & E-Government,Cloud Computing,Research & Academic Writing,Mobile Development,Innovation & Digital Business,IT Governance,0.8283,0.8373,0.8957,0.81,0.8457,0.8057,0.8627,0.803,0.8814,0.7245,0.8217,0.764,0.7797,0.8401,0.8443,0.8104,0.8001,0.8836,0.8962,0.8355,0.7978,0.8413,0.8217,0.8346
1030500032,Telkom University Surabaya,77.51,Project Management,Web Development,Human Resource Management,Computer Networking,IT Governance,Programming & Algorithm,0.7661,0.7971,0.7575,0.7257,0.797,0.7496,0.7927,0.7799,0.8189,0.7054,0.7921,0.7281,0.7533,0.7605,0.7892,0.6745,0.8282,0.7679,0.7957,0.8054,0.8005,0.7474,0.768,0.8197
1030500033,Telkom University Surabaya,74.83,IT Governance,Computer Networking,Data Mining & Analytics,Artificial Intelligence,Mobile Development,Cloud Computing,0.7081,0.7508,0.6829,0.7971,0.7922,0.7384,0.7552,0.7674,0.7336,0.8157,0.7835,0.744,0.6974,0.7856,0.7336,0.7172,0.7765,0.7602,0.718,0.763,0.7674,0.7635,0.7274,0.7667
1030500034,Telkom University Surabaya,84.68,Natural Language Processing,Smart City & E-Government,Innovation & Digital Business,IT Governance,Research & Academic Writing,UI/UX & Interaction Design,0.8503,0.8304,0.8593,0.8788,0.8239,0.8572,0.8549,0.8242,0.8882,0.8112,0.8991,0.9045,0.8646,0.939,0.8324,0.8893,0.8214,0.8101,0.9104,0.8274,0.8755,0.8357,0.8009,0.8294
1030500035,Telkom University Surabaya,75.93,IT Governance,Project Management,Research & Academic Writing,Human Resource Management,Cloud Computing,Mobile Development,0.749,0.7624,0.7023,0.774,0.7256,0.7187,0.737,0.7279,0.7085,0.8216,0.7521,0.7116,0.6751,0.8028,0.757,0.7781,0.8162,0.8063,0.7716,0.7735,0.7318,0.8032,0.7177,0.7266
1030500036,Telkom University Surabaya,56.86,Computer Networking,Smart City & E-Government,Project Management,Data Mining & Analytics,Natural Language Processing,Artificial Intelligence,0.4885,0.5736,0.5585,0.6409,0.5075,0.5427,0.5648,0.5564,0.572,0.6083,0.5785,0.5996,0.569,0.5026,0.5671,0.5847,0.6247,0.6006,0.6248,0.5973,0.5497,0.577,0.5256,0.5359
1030500037,Telkom University Surabaya,86.32,Smart City & E-Government,Statistics & Mathematics,Cloud Computing,Artificial Intelligence,Financial Technology,Information Security & Risk Management,0.7987,0.8556,0.9015,0.8818,0.8584,0.8737,0.8781,0.7916,0.8795,0.8264,0.7654,0.8857,0.8524,0.8629,0.869,0.8393,0.8647,0.8889,0.96,0.8685,0.9066,0.8975,0.8209,0.8279
1030500038,Telkom University Surabaya,74.46,Innovation & Digital Business,Artificial Intelligence,Computer Networking,Project Management,Programming & Algorithm,Human Resource Management,0.8143,0.7314,0.7678,0.7909,0.782,0.7349,0.7473,0.751,0.6706,0.7134,0.7382,0.8291,0.7483,0.761,0.7433,0.6882,0.6988,0.7278,0.7827,0.7537,0.7318,0.7687,0.7652,0.7759
1030500039,Telkom University Surabaya,57.74,Information Security & Risk Management,Web Development,Innovation & Digital Business,Mobile Development,Smart City & E-Government,IT Governance,0.5858,0.5801,0.5592,0.5862,0.5874,0.5581,0.5801,0.5428,0.5682,0.4511,0.6314,0.6114,0.522,0.5885,0.5833,0.5481,0.5889,0.5789,0.4889,0.5745,0.5905,0.5402,0.607,0.6231
1030500040,Telkom University Surabaya,85.42,Natural Language Processing,Web Development,Supply Chain & CRM,Financial Technology,IT Governance,Information Security & Risk Management,0.8898,0.8456,0.8378,0.8678,0.8877,0.8533,0.8634,0.8191,0.838,0.7922,0.7506,0.8476,0.8594,0.9248,0.8674,0.914,0.842,0.8332,0.8226,0.8512,0.8194,0.9222,0.8321,0.9228
1030500041,Telkom University Surabaya,75.15,IT Governance,Financial Technology,Smart City & E-Government,UI/UX & Interaction Design,Programming & Algorithm,Cloud Computing,0.7651,0.775,0.6282,0.7778,0.7287,0.7302,0.7376,0.8148,0.7557,0.8671,0.7845,0.7584,0.7788,0.7823,0.7513,0.7142,0.7657,0.7746,0.7911,0.7469,0.7754,0.7462,0.7175,0.7711
1030500042,Telkom University Surabaya,85.61,Smart City & E-Government,Computer Networking,Innovation & Digital Business,Financial Technology,Mobile Development,IT Governance,0.9043,0.8481,0.8765,0.9279,0.8776,0.8463,0.8466,0.784,0.8459,0.7467,0.8576,0.9169,0.7493,0.8128,0.8455,0.7891,0.8926,0.8753,0.9415,0.87,0.82,0.896,0.869,0.8547
1030500043,Telkom University Surabaya,83.05,Cloud Computing,IT Governance,Smart City & E-Government,Database & Data Management,Data Mining & Analytics,Natural Language Processing,0.833,0.8244,0.9215,0.8592,0.7486,0.7967,0.8283,0.8752,0.8817,0.8946,0.8261,0.8507,0.891,0.7353,0.8146,0.8253,0.7973,0.811,0.8934,0.838,0.8502,0.8609,0.8523,0.845
1030500044,Telkom University Surabaya,85.7,Information Security & Risk Management,Supply Chain & CRM,Data Mining & Analytics,Innovation & Digital Business,Artificial Intelligence,Mobile Development,0.7818,0.8492,0.846,0.886,0.8868,0.82,0.8491,0.8592,0.8294,0.8846,0.9407,0.8033,0.7599,0.8858,0.8471,0.8646,0.8776,0.8744,0.8094,0.8825,0.8632,0.889,0.8291,0.8556
1030500045,Telkom University Surabaya,57.27,IT Governance,Mobile Development,Programming & Algorithm,Natural Language Processing,Information Security & Risk Management,Smart City & E-Government,0.5335,0.5822,0.6067,0.5834,0.5381,0.6003,0.5644,0.5499,0.5844,0.6558,0.5098,0.5352,0.6173,0.5156,0.5878,0.6134,0.6105,0.5955,0.5025,0.5792,0.5662,0.5717,0.522,0.5751
1030500046,Telkom University Surabaya,74.18,IT Governance,Natural Language Processing,Smart City & E-Government,Computer Networking,Research & Academic Writing,Financial Technology,0.7471,0.7245,0.755,0.6566,0.7754,0.7518,0.7717,0.6512,0.7428,0.8525,0.6838,0.7245,0.78,0.786,0.7633,0.7703,0.668,0.653,0.7859,0.7436,0.7551,0.7242,0.7694,0.7663
1030500047,Telkom University Surabaya,84.54,Smart City & E-Government,IT Governance,Financial Technology,Innovation & Digital Business,Statistics & Mathematics,Mobile Development,0.8105,0.8578,0.8336,0.858,0.8321,0.8253,0.8456,0.9051,0.8156,0.9064,0.805,0.8046,0.7253,0.8563,0.8448,0.8328,0.8867,0.8482,0.9186,0.8769,0.796,0.8418,0.865,0.8626
1030500048,Telkom University Surabaya,85.32,IT Governance,Artificial Intelligence,Natural Language Processing,Computer Networking,Programming & Algorithm,Information Security & Risk Management,0.9167,0.8473,0.8817,0.8148,0.8767,0.8947,0.8795,0.873,0.8618,0.9398,0.753,0.8957,0.8844,0.9127,0.8525,0.7686,0.8392,0.8623,0.8415,0.8417,0.8455,0.8238,0.879,0.902
1030500049,Telkom University Surabaya,85.44,IT Governance,Computer Networking,Statistics & Mathematics,Project Management,Artificial Intelligence,Innovation & Digital Business,0.782,0.839,0.8681,0.9071,0.863,0.8725,0.875,0.8583,0.8173,0.9384,0.8367,0.7441,0.8597,0.8344,0.8556,0.8721,0.7957,0.8614,0.8471,0.8561,0.8928,0.8721,0.8556,0.8565
1030500050,Telkom University Surabaya,84.54,Computer Networking,Natural Language Processing,IT Governance,Information Security & Risk Management,Innovation & Digital Business,Cloud Computing,0.8636,0.834,0.769,0.9295,0.8732,0.8851,0.8387,0.875,0.8408,0.9122,0.7906,0.7863,0.8494,0.9287,0.8469,0.8752,0.7955,0.7988,0.9081,0.8519,0.8929,0.8213,0.84,0.8807
1030500051,Telkom University Surabaya,75.34,Natural Language Processing,Smart City & E-Government,Mobile Development,Project Management,Innovation & Digital Business,Cloud Computing,0.7476,0.7534,0.6571,0.778,0.7395,0.7708,0.7624,0.7973,0.7409,0.7652,0.7276,0.7034,0.7998,0.825,0.7563,0.7383,0.7082,0.7499,0.8145,0.7261,0.7465,0.7766,0.79,0.7265
1030500052,Telkom University Surabaya,56.25,Mobile Development,IT Governance,Web Development,Information Security & Risk Management,Data Mining & Analytics,Artificial Intelligence,0.5105,0.5501,0.5538,0.6208,0.5266,0.5601,0.56,0.5487,0.571,0.649,0.5355,0.5891,0.6722,0.6262,0.554,0.5458,0.5418,0.5358,0.572,0.5567,0.5431,0.544,0.6185,0.6322
1030500053,Telkom University Surabaya,75.27,UI/UX & Interaction Design,Web Development,Programming & Algorithm,Human Resource Management,Data Mining & Analytics,Database & Data Management,0.7679,0.7534,0.7541,0.7555,0.7066,0.7003,0.7101,0.7707,0.7098,0.718,0.748,0.7659,0.7981,0.7318,0.7567,0.8014,0.7332,0.7457,0.7955,0.7505,0.7612,0.7317,0.838,0.8034
1030500054,Telkom University Surabaya,57.97,Project Management,Computer Networking,Data Mining & Analytics,Web Development,UI/UX & Interaction Design,Programming & Algorithm,0.5582,0.6051,0.6332,0.635,0.6335,0.5474,0.5888,0.5492,0.5824,0.5589,0.5578,0.5827,0.5842,0.5977,0.61,0.5285,0.6899,0.5855,0.5576,0.5945,0.5943,0.6061,0.534,0.5426
1030500055,Telkom University Surabaya,75.24,Project Management,Human Resource Management,Cloud Computing,Artificial Intelligence,Research & Academic Writing,Computer Networking,0.7099,0.7701,0.7948,0.6722,0.7593,0.7811,0.7593,0.7467,0.8165,0.7442,0.7754,0.734,0.7258,0.7851,0.776,0.7727,0.8448,0.7066,0.7948,0.7395,0.7456,0.7315,0.731,0.7842
1030500056,Telkom University Surabaya,57.47,Artificial Intelligence,Computer Networking,Statistics & Mathematics,Project Management,Research & Academic Writing,Cloud Computing,0.6445,0.5646,0.5063,0.6,0.5507,0.5553,0.5719,0.5641,0.562,0.5696,0.5733,0.5957,0.5608,0.5848,0.5934,0.5925,0.5389,0.5205,0.589,0.5685,0.5976,0.5797,0.5753,0.5608
1030500057,Telkom University Surabaya,59.26,Mobile Development,Cloud Computing,Web Development,Artificial Intelligence,Smart City & E-Government,IT Governance,0.5686,0.6018,0.6718,0.5884,0.5706,0.5809,0.5863,0.5884,0.5804,0.4983,0.6142,0.5821,0.6927,0.592,0.5771,0.6234,0.6262,0.6039,0.5044,0.5854,0.5752,0.6017,0.6161,0.6464
1030500058,Telkom University Surabaya,85.69,Natural Language Processing,Mobile Development,Human Resource Management,Database & Data Management,Information Security & Risk Management,Financial Technology,0.8939,0.868,0.8765,0.8684,0.8717,0.8161,0.8575,0.7958,0.9217,0.8887,0.7987,0.8501,0.928,0.9354,0.8639,0.8908,0.9212,0.817,0.8916,0.8404,0.8646,0.8306,0.8756,0.8585
1030500059,Telkom University Surabaya,57.62,Programming & Algorithm,Cloud Computing,IT Governance,Computer Networking,Mobile Development,Innovation & Digital Business,0.5457,0.5819,0.6253,0.5309,0.6104,0.5858,0.5763,0.5951,0.5458,0.6204,0.5555,0.5146,0.5278,0.5586,0.555,0.6354,0.5492,0.58,0.5643,0.5776,0.5927,0.5571,0.5374,0.5493
1030500060,Telkom University Surabaya,57.08,Human Resource Management,Research & Academic Writing,Statistics & Mathematics,Artificial Intelligence,Supply Chain & CRM,IT Governance,0.5096,0.5656,0.5534,0.5472,0.5973,0.5816,0.5815,0.5894,0.622,0.5023,0.5912,0.5985,0.5463,0.5425,0.5714,0.5281,0.5372,0.6087,0.5638,0.5788,0.6022,0.5072,0.5833,0.573
1030500061,Telkom University Surabaya,85.67,Computer Networking,Supply Chain & CRM,Information Security & Risk Management,Research & Academic Writing,Mobile Development,Smart City & E-Government,0.8489,0.8464,0.8696,0.924,0.884,0.8636,0.8705,0.8612,0.8909,0.8194,0.8987,0.8388,0.7842,0.8333,0.8631,0.8475,0.8218,0.8135,0.7751,0.8719,0.8768,0.9172,0.8561,0.8472
1030500062,Telkom University Surabaya,75.41,IT Governance,Financial Technology,Project Management,Web Development,Mobile Development,Natural Language Processing,0.7186,0.7583,0.7668,0.7464,0.7366,0.7266,0.727,0.8288,0.7221,0.8486,0.7832,0.8172,0.6223,0.6107,0.7739,0.7229,0.8178,0.7873,0.8122,0.7523,0.7002,0.8098,0.7849,0.683
1030500063,Telkom University Surabaya,85.92,Innovation & Digital Business,Project Management,UI/UX & Interaction Design,Natural Language Processing,Artificial Intelligence,Financial Technology,0.7995,0.8539,0.8124,0.8284,0.8409,0.8658,0.8383,0.7923,0.89,0.9012,0.851,0.9115,0.8353,0.8094,0.8646,0.8605,0.9095,0.8838,0.8801,0.8721,0.8139,0.8146,0.9041,0.8911
1030500064,Telkom University Surabaya,76.36,Natural Language Processing,Project Management,Computer Networking,Programming & Algorithm,Cloud Computing,IT Governance,0.7947,0.772,0.6985,0.8097,0.7614,0.7514,0.7659,0.7359,0.7343,0.6904,0.7466,0.777,0.7692,0.8187,0.7713,0.7252,0.8114,0.7871,0.7488,0.769,0.7817,0.7671,0.7677,0.7552
1030500065,Telkom University Surabaya,57.38,Cloud Computing,IT Governance,Smart City & E-Government,UI/UX & Interaction Design,Project Management,Information Security & Risk Management,0.5391,0.566,0.6704,0.6114,0.5521,0.5943,0.5909,0.5779,0.5699,0.648,0.5133,0.5716,0.5939,0.5932,0.5633,0.581,0.5136,0.577,0.6394,0.5522,0.5865,0.6227,0.5285,0.6195
1030500066,Telkom University Surabaya,57.98,Artificial Intelligence,Project Management,Innovation & Digital Business,Natural Language Processing,IT Governance,Smart City & E-Government,0.6224,0.5918,0.6069,0.6036,0.5929,0.5888,0.5798,0.5379,0.5511,0.5158,0.5691,0.6175,0.5684,0.5256,0.5819,0.5442,0.6223,0.5989,0.457,0.5839,0.5586,0.5931,0.6046,0.5817
1030500067,Telkom University Surabaya,58.23,Human Resource Management,IT Governance,UI/UX & Interaction Design,Mobile Development,Natural Language Processing,Information Security & Risk Management,0.5801,0.5843,0.5691,0.5704,0.5764,0.5957,0.5745,0.5587,0.6362,0.6173,0.5137,0.5311,0.5301,0.5289,0.5803,0.5976,0.5817,0.5974,0.578,0.5935,0.5951,0.5339,0.6104,0.5578
1030500068,Telkom University Surabaya,58.44,Computer Networking,Supply Chain & CRM,Project Management,Natural Language Processing,Cloud Computing,IT Governance,0.5582,0.5926,0.5143,0.6319,0.5423,0.5325,0.5867,0.5948,0.5859,0.5136,0.5625,0.6178,0.5606,0.5283,0.587,0.5668,0.6272,0.5893,0.608,0.6039,0.5661,0.6279,0.6057,0.5856
1030500069,Telkom University Surabaya,84.98,Supply Chain & CRM,IT Governance,Mobile Development,Research & Academic Writing,Software Engineering,Innovation & Digital Business,0.861,0.8565,0.8248,0.8762,0.9058,0.8471,0.8749,0.8512,0.8563,0.9191,0.8635,0.801,0.9185,0.8829,0.8218,0.8767,0.8411,0.8158,0.9087,0.8072,0.8629,0.9479,0.8814,0.8399
1030500070,Telkom University Surabaya,57.11,Artificial Intelligence,Innovation & Digital Business,Financial Technology,Human Resource Management,UI/UX & Interaction Design,Programming & Algorithm,0.6775,0.577,0.5882,0.5792,0.5504,0.5598,0.5687,0.626,0.5462,0.5694,0.5535,0.6688,0.6047,0.5632,0.577,0.5039,0.5532,0.5937,0.5803,0.5772,0.5819,0.5965,0.5388,0.5671
1030500071,Telkom University Surabaya,84.51,IT Governance,Database & Data Management,Innovation & Digital Business,Financial Technology,Smart City & E-Government,Mobile Development,0.7842,0.8583,0.7896,0.8636,0.8669,0.8832,0.841,0.7779,0.8144,0.9514,0.8532,0.8816,0.7551,0.8147,0.8422,0.8742,0.8568,0.83,0.7571,0.838,0.8723,0.8239,0.8622,0.8488
1030500072,Telkom University Surabaya,56.3,Cloud Computing,Mobile Development,Natural Language Processing,Research & Academic Writing,UI/UX & Interaction Design,Programming & Algorithm,0.5457,0.5465,0.7168,0.5945,0.5873,0.5864,0.5523,0.5467,0.6,0.5521,0.5591,0.5531,0.6478,0.6285,0.5511,0.507,0.5474,0.5319,0.568,0.5625,0.5791,0.5881,0.5108,0.5455
1030500073,Telkom University Surabaya,74.98,IT Governance,UI/UX & Interaction Design,Natural Language Processing,Innovation & Digital Business,Mobile Development,Smart City & E-Government,0.7858,0.7508,0.7493,0.7825,0.7822,0.7762,0.7356,0.7157,0.7532,0.856,0.7584,0.6962,0.6777,0.7932,0.75,0.699,0.75,0.7023,0.6318,0.7701,0.7628,0.7429,0.806,0.7434
1030500074,Telkom University Surabaya,75.57,Information Security & Risk Management,Smart City & E-Government,Project Management,Innovation & Digital Business,Data Mining & Analytics,Mobile Development,0.7005,0.7381,0.7638,0.7255,0.6949,0.7207,0.7488,0.7004,0.7845,0.7956,0.8364,0.6979,0.6879,0.7635,0.7854,0.7678,0.8042,0.7329,0.8194,0.7624,0.7798,0.7093,0.7628,0.7061
1030500075,Telkom University Surabaya,57.25,Statistics & Mathematics,Data Mining & Analytics,Computer Networking,Research & Academic Writing,Project Management,Information Security & Risk Management,0.5846,0.5662,0.6088,0.6145,0.628,0.6104,0.575,0.5599,0.5674,0.5756,0.5001,0.599,0.5084,0.5812,0.5625,0.5548,0.5061,0.5064,0.5574,0.55,0.635,0.6025,0.5793,0.5952
1030500076,Telkom University Surabaya,84.71,Project Management,Information Security & Risk Management,Programming & Algorithm,IT Governance,Web Development,Natural Language Processing,0.8763,0.8674,0.8378,0.8408,0.838,0.8209,0.8424,0.8395,0.8638,0.8157,0.9049,0.8638,0.8658,0.6788,0.8424,0.8959,0.9216,0.8256,0.8436,0.8434,0.855,0.8578,0.8421,0.8111
1030500077,Telkom University Surabaya,84.48,Database & Data Management,Programming & Algorithm,Mobile Development,UI/UX & Interaction Design,Research & Academic Writing,Project Management,0.8544,0.8267,0.8975,0.859,0.8757,0.9009,0.8487,0.8421,0.8571,0.8429,0.8884,0.8721,0.8997,0.8353,0.8311,0.8999,0.7778,0.7856,0.8702,0.8248,0.869,0.8902,0.8177,0.8705
1030500078,Telkom University Surabaya,83.16,Human Resource Management,UI/UX & Interaction Design,Programming & Algorithm,Artificial Intelligence,Natural Language Processing,Supply Chain & CRM,0.7493,0.8234,0.7888,0.7905,0.8434,0.8199,0.8463,0.8465,0.8901,0.8528,0.8631,0.8207,0.8156,0.713,0.8562,0.887,0.7835,0.7554,0.7649,0.8371,0.853,0.7007,0.8885,0.8715
1030500079,Telkom University Surabaya,84.48,Innovation & Digital Business,Research & Academic Writing,Smart City & E-Government,Mobile Development,Natural Language Processing,UI/UX & Interaction Design,0.8809,0.8426,0.8574,0.8864,0.8473,0.8565,0.8476,0.819,0.8647,0.7965,0.8636,0.9166,0.7925,0.789,0.8393,0.8264,0.8684,0.8921,0.8916,0.8374,0.8474,0.8212,0.7824,0.837
1030500080,Telkom University Surabaya,75.94,Innovation & Digital Business,Cloud Computing,Mobile Development,Smart City & E-Government,IT Governance,UI/UX & Interaction Design,0.7265,0.7803,0.8237,0.7611,0.7932,0.7656,0.7674,0.7889,0.7266,0.6981,0.7512,0.8365,0.8137,0.7159,0.7525,0.7564,0.7917,0.7845,0.6989,0.7409,0.8002,0.7752,0.6724,0.7638
1030500081,Telkom University Surabaya,56.6,Natural Language Processing,Cloud Computing,Artificial Intelligence,Financial Technology,IT Governance,Innovation & Digital Business,0.6021,0.5851,0.6392,0.5323,0.5552,0.5695,0.5585,0.5303,0.5646,0.5155,0.5439,0.4705,0.5655,0.6667,0.5491,0.5792,0.5826,0.5767,0.5495,0.5572,0.5466,0.5876,0.5433,0.5369
1030500082,Telkom University Surabaya,58.05,IT Governance,Human Resource Management,Natural Language Processing,Programming & Algorithm,Statistics & Mathematics,Computer Networking,0.5456,0.573,0.5772,0.5328,0.5396,0.5442,0.6043,0.5394,0.6441,0.6523,0.6193,0.5441,0.609,0.6411,0.5646,0.5345,0.6131,0.6345,0.5979,0.589,0.5329,0.605,0.5671,0.613
1030500083,Telkom University Surabaya,74.45,Innovation & Digital Business,Natural Language Processing,Supply Chain & CRM,Financial Technology,Project Management,Cloud Computing,0.7231,0.7243,0.6281,0.7906,0.7567,0.7332,0.7529,0.6878,0.7279,0.7839,0.7316,0.8222,0.6884,0.8093,0.7678,0.7562,0.6787,0.7542,0.7369,0.7269,0.772,0.7933,0.7771,0.6919
1030500084,Telkom University Surabaya,85.43,Cloud Computing,Mobile Development,Smart City & E-Government,Data Mining & Analytics,IT Governance,Natural Language Processing,0.8583,0.8537,0.9389,0.8867,0.8329,0.8771,0.8531,0.8412,0.8793,0.7619,0.8519,0.8849,0.9187,0.644,0.8688,0.8559,0.8506,0.8816,0.894,0.8635,0.8539,0.8468,0.8469,0.8447
1030500085,Telkom University Surabaya,75.3,Smart City & E-Government,Financial Technology,Statistics & Mathematics,Supply Chain & CRM,Innovation & Digital Business,Programming & Algorithm,0.7755,0.7541,0.7615,0.7402,0.7703,0.7899,0.7655,0.8033,0.7925,0.7356,0.7407,0.6978,0.7391,0.777,0.758,0.6897,0.7139,0.7655,0.8076,0.7618,0.7975,0.7059,0.7064,0.7875
1030500086,Telkom University Surabaya,85.63,Mobile Development,IT Governance,Project Management,Natural Language Processing,Innovation & Digital Business,Human Resource Management,0.8858,0.8511,0.8132,0.8873,0.8849,0.8507,0.8721,0.8778,0.7941,0.8915,0.868,0.8116,0.9112,0.813,0.8692,0.8765,0.8895,0.8435,0.8758,0.8504,0.8423,0.8693,0.8791,0.8282
1030500087,Telkom University Surabaya,87.16,Human Resource Management,Supply Chain & CRM,Computer Networking,Programming & Algorithm,Research & Academic Writing,Smart City & E-Government,0.9011,0.8771,0.8873,0.9074,0.8774,0.8783,0.8747,0.8794,0.9172,0.8412,0.9065,0.8812,0.8505,0.882,0.8961,0.8391,0.9043,0.8306,0.7243,0.8567,0.8612,0.9138,0.8524,0.904
1030500088,Telkom University Surabaya,76.01,Computer Networking,Innovation & Digital Business,Research & Academic Writing,Data Mining & Analytics,Mobile Development,IT Governance,0.7587,0.7615,0.6941,0.816,0.6884,0.7048,0.7466,0.7616,0.7463,0.644,0.7462,0.8094,0.6564,0.7516,0.7773,0.7492,0.7854,0.8063,0.7712,0.7562,0.7459,0.7769,0.7851,0.7436
1030500089,Telkom University Surabaya,85.6,Smart City & E-Government,Natural Language Processing,Project Management,Cloud Computing,Artificial Intelligence,Statistics & Mathematics,0.7991,0.8702,0.8073,0.8648,0.8767,0.8795,0.8752,0.8756,0.8836,0.8212,0.873,0.8908,0.8396,0.9085,0.8259,0.879,0.9008,0.8389,0.9584,0.8704,0.7689,0.8459,0.8354,0.8705
1030500090,Telkom University Surabaya,75.17,Mobile Development,Cloud Computing,Research & Academic Writing,Computer Networking,Artificial Intelligence,Natural Language Processing,0.7003,0.7561,0.8345,0.7092,0.7167,0.7294,0.7606,0.7584,0.7726,0.723,0.7713,0.7394,0.8621,0.6718,0.7315,0.7713,0.7743,0.7854,0.7602,0.7667,0.746,0.7383,0.7369,0.7389
1030500091,Telkom University Surabaya,57.84,Natural Language Processing,Smart City & E-Government,Mobile Development,Database & Data Management,Cloud Computing,Project Management,0.5788,0.5548,0.5425,0.602,0.568,0.5426,0.5857,0.6168,0.5757,0.5975,0.6278,0.548,0.6386,0.6685,0.5821,0.6032,0.5279,0.5634,0.6398,0.5574,0.6093,0.5518,0.5491,0.5801
1030500092,Telkom University Surabaya,83.99,IT Governance,Human Resource Management,Mobile Development,Database & Data Management,UI/UX & Interaction Design,Data Mining & Analytics,0.8633,0.8607,0.8688,0.8502,0.7764,0.7912,0.8364,0.8554,0.896,0.9049,0.8837,0.8422,0.8927,0.8061,0.8301,0.8515,0.8782,0.8267,0.8524,0.8607,0.8235,0.8012,0.7894,0.8364
1030500093,Telkom University Surabaya,83.33,Supply Chain & CRM,Web Development,Statistics & Mathematics,Cloud Computing,Information Security & Risk Management,Project Management,0.8024,0.8333,0.7529,0.8873,0.8891,0.8167,0.8694,0.8848,0.8433,0.8786,0.7301,0.8358,0.8247,0.8284,0.8209,0.7966,0.7245,0.8619,0.837,0.8091,0.8906,0.9003,0.8102,0.8982
1030500094,Telkom University Surabaya,86.74,Information Security & Risk Management,IT Governance,Project Management,Smart City & E-Government,Artificial Intelligence,Programming & Algorithm,0.8149,0.8692,0.881,0.868,0.8441,0.8804,0.8605,0.8965,0.8975,0.9096,0.929,0.8672,0.8956,0.8564,0.8719,0.7976,0.9089,0.8857,0.8422,0.8586,0.8956,0.8559,0.8917,0.8757
1030500095,Telkom University Surabaya,84.13,Cloud Computing,Natural Language Processing,Programming & Algorithm,Human Resource Management,IT Governance,Innovation & Digital Business,0.8795,0.8437,0.9246,0.8839,0.8534,0.8276,0.8429,0.8519,0.7754,0.7448,0.8087,0.7392,0.8182,0.8939,0.8491,0.8851,0.8748,0.7878,0.837,0.8403,0.8758,0.8691,0.7824,0.8426
1030500096,Telkom University Surabaya,84.84,Smart City & E-Government,Mobile Development,Computer Networking,Data Mining & Analytics,IT Governance,Information Security & Risk Management,0.8106,0.8452,0.8146,0.9312,0.7924,0.8115,0.8586,0.8287,0.8273,0.768,0.7598,0.9012,0.9336,0.8445,0.8566,0.8861,0.859,0.8309,0.9522,0.8329,0.8408,0.9107,0.8574,0.823
1030500097,Telkom University Surabaya,75.01,IT Governance,Smart City & E-Government,UI/UX & Interaction Design,Cloud Computing,Innovation & Digital Business,Information Security & Risk Management,0.7438,0.7485,0.7091,0.7796,0.7841,0.7767,0.774,0.7523,0.7908,0.8382,0.6752,0.6868,0.7436,0.7933,0.7438,0.7274,0.7359,0.7231,0.8273,0.7537,0.728,0.7412,0.8063,0.7628
1030500098,Telkom University Surabaya,85.2,Mobile Development,Supply Chain & CRM,Project Management,Data Mining & Analytics,Innovation & Digital Business,Cloud Computing,0.8737,0.8634,0.766,0.8841,0.8061,0.8314,0.8768,0.8412,0.8724,0.826,0.8689,0.7987,0.9407,0.8543,0.8566,0.8923,0.8946,0.8153,0.8841,0.8397,0.8595,0.91,0.8066,0.878
1030500099,Telkom University Surabaya,58.38,Innovation & Digital Business,Natural Language Processing,Programming & Algorithm,Financial Technology,Supply Chain & CRM,Mobile Development,0.5589,0.5726,0.6059,0.566,0.6131,0.6177,0.5672,0.5212,0.5677,0.5805,0.5843,0.6639,0.4678,0.6551,0.5797,0.6288,0.5775,0.5729,0.5881,0.5868,0.569,0.5125,0.5862,0.5799
1030500100,Telkom University Surabaya,56.1,Cloud Computing,Financial Technology,Smart City & E-Government,UI/UX & Interaction Design,Innovation & Digital Business,Computer Networking,0.5726,0.5637,0.6516,0.4757,0.5831,0.5567,0.5521,0.6191,0.5246,0.558,0.5874,0.4886,0.5535,0.5615,0.5424,0.6003,0.5385,0.5966,0.6161,0.5592,0.5892,0.5053,0.4955,0.5174
1030500101,Telkom University Surabaya,75.12,Project Management,Artificial Intelligence,Financial Technology,Research & Academic Writing,IT Governance,Supply Chain & CRM,0.8162,0.7796,0.7263,0.7307,0.7196,0.775,0.7386,0.8154,0.7786,0.6935,0.7368,0.7253,0.7505,0.7546,0.7761,0.7356,0.8385,0.7067,0.7625,0.7775,0.746,0.6508,0.743,0.7583
1030500102,Telkom University Surabaya,73.76,Natural Language Processing,Smart City & E-Government,Information Security & Risk Management,Data Mining & Analytics,Artificial Intelligence,Mobile Development,0.6617,0.7182,0.7067,0.7435,0.6842,0.7213,0.7458,0.7359,0.7052,0.7608,0.788,0.6869,0.6482,0.815,0.7358,0.7192,0.6938,0.7702,0.8099,0.7567,0.717,0.7821,0.7214,0.7406
1030500103,Telkom University Surabaya,83.39,Smart City & E-Government,Computer Networking,Human Resource Management,Innovation & Digital Business,Cloud Computing,Information Security & Risk Management,0.8435,0.8368,0.767,0.8812,0.7922,0.8254,0.8557,0.8448,0.8762,0.8589,0.7294,0.7779,0.845,0.8696,0.8182,0.8743,0.8343,0.8631,0.8895,0.8326,0.8288,0.8607,0.8155,0.8602
1030500104,Telkom University Surabaya,56.34,IT Governance,Financial Technology,Programming & Algorithm,Database & Data Management,Data Mining & Analytics,Project Management,0.5546,0.5403,0.5372,0.5498,0.5042,0.528,0.5732,0.6362,0.5915,0.6722,0.6258,0.5608,0.5328,0.5803,0.5297,0.628,0.4961,0.5822,0.5968,0.5527,0.5498,0.5311,0.5607,0.5698
1030500105,Telkom University Surabaya,76.06,Innovation & Digital Business,Natural Language Processing,Research & Academic Writing,Cloud Computing,Project Management,IT Governance,0.7704,0.7489,0.7306,0.7556,0.7455,0.7574,0.7424,0.7802,0.7568,0.6654,0.7669,0.8605,0.7584,0.8573,0.7574,0.7478,0.7068,0.8002,0.7692,0.7501,0.736,0.7424,0.7363,0.7387
1030500106,Telkom University Surabaya,56.81,Natural Language Processing,Financial Technology,Project Management,Cloud Computing,IT Governance,Data Mining & Analytics,0.535,0.5753,0.5205,0.5718,0.5025,0.562,0.5658,0.6079,0.5447,0.5189,0.5831,0.5868,0.5929,0.6323,0.5481,0.5579,0.6,0.5783,0.5816,0.5821,0.5509,0.5983,0.5706,0.5436
1030500107,Telkom University Surabaya,86.06,Cloud Computing,Artificial Intelligence,Natural Language Processing,UI/UX & Interaction Design,Smart City & E-Government,Innovation & Digital Business,0.9354,0.8734,0.9385,0.8844,0.8742,0.8705,0.8379,0.8967,0.8249,0.86,0.9032,0.7738,0.8735,0.9275,0.8598,0.8797,0.8485,0.8981,0.7805,0.8411,0.841,0.8263,0.8199,0.8761
1030500108,Telkom University Surabaya,74.25,Information Security & Risk Management,Financial Technology,Web Development,IT Governance,Smart City & E-Government,Innovation & Digital Business,0.7104,0.7293,0.7524,0.704,0.7342,0.7608,0.7389,0.7896,0.7326,0.6811,0.8413,0.6739,0.7474,0.7495,0.7299,0.7465,0.6971,0.7105,0.68,0.7433,0.7083,0.7633,0.7721,0.7821
1030500109,Telkom University Surabaya,75.42,Financial Technology,Cloud Computing,Mobile Development,IT Governance,Project Management,Innovation & Digital Business,0.8141,0.7498,0.8189,0.7893,0.7863,0.7688,0.7719,0.8247,0.8072,0.6992,0.6995,0.6495,0.8165,0.7906,0.752,0.7249,0.67,0.7189,0.731,0.7426,0.7553,0.8129,0.7572,0.7981
1030500110,Telkom University Surabaya,58.74,Smart City & E-Government,Project Management,Human Resource Management,Research & Academic Writing,Artificial Intelligence,IT Governance,0.547,0.6009,0.5767,0.6407,0.5971,0.5602,0.5942,0.591,0.6465,0.5402,0.6254,0.5641,0.6273,0.5698,0.5982,0.5871,0.6545,0.5532,0.6955,0.6198,0.5654,0.606,0.585,0.6215
1030500111,Telkom University Surabaya,73.77,IT Governance,Cloud Computing,Statistics & Mathematics,Information Security & Risk Management,Human Resource Management,Programming & Algorithm,0.7663,0.749,0.7872,0.7541,0.7229,0.7789,0.7242,0.7232,0.6963,0.8261,0.697,0.7595,0.7352,0.7379,0.7562,0.69,0.7479,0.7277,0.7529,0.7357,0.7855,0.7542,0.7407,0.7369
1030500112,Telkom University Surabaya,75.44,Information Security & Risk Management,Natural Language Processing,Supply Chain & CRM,Database & Data Management,Mobile Development,Innovation & Digital Business,0.7329,0.7622,0.7788,0.752,0.7551,0.7086,0.7566,0.7293,0.7631,0.7736,0.8118,0.6143,0.6706,0.8116,0.768,0.7367,0.7775,0.7714,0.7916,0.7562,0.7372,0.8044,0.7345,0.7244
1030500113,Telkom University Surabaya,57.35,IT Governance,Smart City & E-Government,Project Management,Information Security & Risk Management,Natural Language Processing,Supply Chain & CRM,0.5745,0.5856,0.6199,0.5784,0.5547,0.5397,0.5598,0.564,0.5567,0.6848,0.5323,0.5417,0.5762,0.5167,0.5882,0.5802,0.6279,0.5653,0.6607,0.5835,0.5792,0.5018,0.5981,0.577
1030500114,Telkom University Surabaya,57.45,Cloud Computing,UI/UX & Interaction Design,IT Governance,Artificial Intelligence,Project Management,Research & Academic Writing,0.5336,0.5558,0.672,0.6315,0.6263,0.613,0.5882,0.6324,0.6088,0.6362,0.5892,0.546,0.6051,0.5605,0.578,0.5464,0.509,0.5056,0.5864,0.5622,0.583,0.5551,0.6523,0.5827
1030500115,Telkom University Surabaya,74.82,Information Security & Risk Management,Research & Academic Writing,Natural Language Processing,Cloud Computing,IT Governance,Mobile Development,0.7104,0.737,0.6977,0.7357,0.7414,0.7281,0.7525,0.7558,0.7612,0.6789,0.8218,0.787,0.6311,0.8057,0.7496,0.7198,0.7527,0.8087,0.7513,0.7452,0.7398,0.7639,0.7297,0.7418
1030500116,Telkom University Surabaya,84.49,Natural Language Processing,Financial Technology,Cloud Computing,Research & Academic Writing,Smart City & E-Government,Computer Networking,0.8442,0.8539,0.8974,0.7891,0.8134,0.8803,0.8323,0.8997,0.846,0.8187,0.8141,0.8462,0.8886,0.9148,0.8415,0.886,0.8924,0.8117,0.8073,0.8381,0.8321,0.8424,0.8368,0.8835
1030500117,Telkom University Surabaya,74.68,Programming & Algorithm,Innovation & Digital Business,Web Development,Cloud Computing,Natural Language Processing,Project Management,0.7777,0.7071,0.6927,0.7421,0.7056,0.7769,0.7209,0.7246,0.7235,0.7321,0.7456,0.8009,0.7814,0.6772,0.7378,0.8338,0.675,0.739,0.7263,0.7374,0.7584,0.7058,0.7862,0.7985
1030500118,Telkom University Surabaya,73.35,Human Resource Management,Innovation & Digital Business,Smart City & E-Government,Programming & Algorithm,Research & Academic Writing,Supply Chain & CRM,0.697,0.7362,0.76,0.7323,0.7329,0.7127,0.7698,0.695,0.807,0.7372,0.7577,0.7837,0.7564,0.7491,0.74,0.6872,0.7465,0.6824,0.7801,0.7537,0.726,0.6465,0.7579,0.7177
1030500119,Telkom University Surabaya,84.46,Project Management,Financial Technology,Information Security & Risk Management,Natural Language Processing,Supply Chain & CRM,Innovation & Digital Business,0.8791,0.8735,0.8411,0.7978,0.8587,0.8538,0.8102,0.8967,0.8356,0.8837,0.8962,0.7598,0.8543,0.7925,0.8375,0.8223,0.9328,0.8682,0.8315,0.8527,0.8398,0.7676,0.8789,0.8546
1030500120,Telkom University Surabaya,83.29,UI/UX & Interaction Design,Project Management,Financial Technology,Human Resource Management,Research & Academic Writing,Data Mining & Analytics,0.8607,0.8449,0.8171,0.8128,0.7497,0.7951,0.8296,0.8841,0.7872,0.87,0.8376,0.87,0.8658,0.7893,0.8389,0.8185,0.8913,0.7586,0.8522,0.8356,0.8452,0.8126,0.9036,0.8549
1030500121,Telkom University Surabaya,74.63,Mobile Development,IT Governance,Supply Chain & CRM,Artificial Intelligence,Project Management,Smart City & E-Government,0.7104,0.7127,0.7163,0.7664,0.7359,0.7662,0.7629,0.7362,0.7436,0.807,0.7761,0.7652,0.8135,0.7246,0.7188,0.7712,0.6208,0.7265,0.6206,0.7283,0.7601,0.7998,0.784,0.7981
1030500122,Telkom University Surabaya,75.0,Financial Technology,Mobile Development,Database & Data Management,Statistics & Mathematics,Professional & Soft Skills,Human Resource Management,0.7815,0.759,0.7886,0.7362,0.7878,0.792,0.7465,0.7945,0.653,0.7748,0.7523,0.7403,0.7922,0.7617,0.7305,0.7323,0.7574,0.7628,0.7535,0.7565,0.7308,0.7674,0.7681,0.7787
1030500123,Telkom University Surabaya,85.43,IT Governance,UI/UX & Interaction Design,Innovation & Digital Business,Enterprise Architecture & Integration,Supply Chain & CRM,Computer Networking,0.8817,0.8573,0.8336,0.7681,0.8486,0.8449,0.8121,0.8734,0.8484,0.9356,0.8568,0.9084,0.8495,0.8926,0.8427,0.8323,0.9083,0.8913,0.8604,0.8505,0.8407,0.7919,0.9244,0.834
1030500124,Telkom University Surabaya,73.95,Innovation & Digital Business,Project Management,Mobile Development,Supply Chain & CRM,Enterprise Architecture & Integration,Financial Technology,0.6922,0.7343,0.776,0.7413,0.7536,0.7326,0.6919,0.6734,0.74,0.705,0.7703,0.8362,0.799,0.7938,0.7364,0.7315,0.801,0.7281,0.7664,0.757,0.7183,0.6922,0.7569,0.7385
1030500125,Telkom University Surabaya,85.6,Research & Academic Writing,Smart City & E-Government,Data Mining & Analytics,Financial Technology,Artificial Intelligence,UI/UX & Interaction Design,0.7985,0.8471,0.8807,0.8324,0.8905,0.8596,0.8457,0.8073,0.8764,0.832,0.853,0.8599,0.8702,0.8533,0.8459,0.8688,0.856,0.9078,0.8989,0.8542,0.8422,0.8638,0.7866,0.8711
1030500126,Telkom University Surabaya,74.13,Natural Language Processing,Innovation & Digital Business,Human Resource Management,Data Mining & Analytics,Supply Chain & CRM,Smart City & E-Government,0.7415,0.7353,0.7549,0.6782,0.6732,0.7151,0.7568,0.7532,0.8101,0.779,0.7465,0.8298,0.7745,0.8479,0.7409,0.6944,0.7371,0.7421,0.6429,0.7524,0.7063,0.6703,0.7421,0.7474
1030500127,Telkom University Surabaya,57.61,Smart City & E-Government,IT Governance,Cloud Computing,Natural Language Processing,Computer Networking,Innovation & Digital Business,0.5844,0.573,0.6421,0.5013,0.5735,0.5621,0.5999,0.565,0.6164,0.6442,0.5712,0.4735,0.577,0.5223,0.589,0.586,0.5653,0.5485,0.6574,0.5758,0.5601,0.5569,0.5818,0.6025
1030500128,Telkom University Surabaya,55.95,Information Security & Risk Management,Cloud Computing,Computer Networking,Smart City & E-Government,Innovation & Digital Business,Project Management,0.5602,0.5491,0.609,0.6048,0.5349,0.5426,0.5845,0.5371,0.5743,0.5842,0.6112,0.5128,0.5891,0.5168,0.5783,0.5799,0.5093,0.5511,0.5142,0.5532,0.5394,0.5286,0.5676,0.5229
1030500129,Telkom University Surabaya,73.76,Cloud Computing,Smart City & E-Government,IT Governance,Computer Networking,Mobile Development,Supply Chain & CRM,0.7981,0.7338,0.8658,0.6448,0.6867,0.6902,0.6994,0.7617,0.6827,0.8313,0.8077,0.8042,0.6356,0.7674,0.7637,0.7102,0.7024,0.7633,0.8617,0.7242,0.7519,0.5824,0.7879,0.72
1030500130,Telkom University Surabaya,84.73,Computer Networking,Supply Chain & CRM,Artificial Intelligence,Research & Academic Writing,Financial Technology,Mobile Development,0.9097,0.8432,0.8465,0.9462,0.8401,0.8409,0.8602,0.7861,0.8412,0.8661,0.866,0.8701,0.7858,0.8128,0.8317,0.8695,0.8105,0.8005,0.8449,0.8398,0.8808,0.9118,0.8243,0.832
1030500131,Telkom University Surabaya,58.3,Computer Networking,Supply Chain & CRM,Cloud Computing,Human Resource Management,Natural Language Processing,Information Security & Risk Management,0.6177,0.5785,0.6419,0.6711,0.5877,0.5951,0.5854,0.6288,0.5391,0.5942,0.5217,0.614,0.5478,0.5247,0.5837,0.575,0.5694,0.5897,0.6037,0.5871,0.5732,0.6503,0.5679,0.5691
1030500132,Telkom University Surabaya,86.47,Supply Chain & CRM,Smart City & E-Government,Information Security & Risk Management,Mobile Development,IT Governance,Financial Technology,0.8836,0.8612,0.8993,0.9067,0.8693,0.8599,0.8605,0.7516,0.8898,0.8119,0.9152,0.8348,0.8327,0.8984,0.8393,0.87,0.9071,0.8572,0.9189,0.8615,0.858,0.9374,0.8542,0.841
1030500133,Telkom University Surabaya,74.57,UI/UX & Interaction Design,Financial Technology,Web Development,Smart City & E-Government,Innovation & Digital Business,Cloud Computing,0.6968,0.7506,0.6278,0.7228,0.7292,0.753,0.758,0.7849,0.7378,0.7133,0.7188,0.6615,0.6898,0.7069,0.7679,0.7167,0.7751,0.7569,0.6753,0.7663,0.7328,0.7414,0.822,0.7774
1030500134,Telkom University Surabaya,84.41,Programming & Algorithm,Innovation & Digital Business,Project Management,Cloud Computing,Mobile Development,IT Governance,0.8768,0.8776,0.7551,0.8465,0.7979,0.8565,0.8614,0.8214,0.8265,0.6591,0.8384,0.9155,0.7529,0.8311,0.8226,0.9245,0.9052,0.8219,0.9014,0.8621,0.8196,0.8339,0.8153,0.8047
1030500135,Telkom University Surabaya,73.61,Project Management,Smart City & E-Government,Human Resource Management,Supply Chain & CRM,UI/UX & Interaction Design,Financial Technology,0.7275,0.7379,0.7142,0.7404,0.7473,0.706,0.729,0.6528,0.7943,0.7792,0.767,0.7673,0.7652,0.7824,0.7537,0.7491,0.8133,0.7289,0.805,0.759,0.7195,0.6734,0.6722,0.7432
1030500136,Telkom University Surabaya,83.29,Financial Technology,Mobile Development,Supply Chain & CRM,Research & Academic Writing,Human Resource Management,Project Management,0.8599,0.8117,0.8355,0.8488,0.8464,0.8095,0.8423,0.8933,0.7762,0.8725,0.855,0.862,0.8856,0.8766,0.7986,0.846,0.7276,0.7959,0.87,0.8064,0.8399,0.8793,0.8406,0.7962
1030500137,Telkom University Surabaya,84.15,Innovation & Digital Business,Mobile Development,Programming & Algorithm,Financial Technology,Natural Language Processing,Project Management,0.8453,0.8268,0.882,0.8408,0.8405,0.8439,0.8659,0.7826,0.871,0.8569,0.8679,0.9053,0.8896,0.7542,0.8503,0.8874,0.7542,0.7886,0.8657,0.8467,0.8397,0.8034,0.8419,0.8656
1030500138,Telkom University Surabaya,57.73,Project Management,Web Development,Artificial Intelligence,Smart City & E-Government,Research & Academic Writing,Information Security & Risk Management,0.6044,0.5959,0.5816,0.6015,0.58,0.5815,0.6003,0.5752,0.5731,0.5816,0.4958,0.5587,0.5635,0.5966,0.5742,0.574,0.6315,0.5444,0.5534,0.5877,0.5618,0.561,0.5877,0.6065
1030500139,Telkom University Surabaya,75.45,Cloud Computing,Mobile Development,Human Resource Management,Database & Data Management,IT Governance,Information Security & Risk Management,0.7661,0.7689,0.8629,0.7689,0.753,0.7113,0.7591,0.7915,0.8113,0.6467,0.646,0.718,0.845,0.7217,0.7485,0.7722,0.7957,0.7881,0.7806,0.7494,0.7627,0.7201,0.7762,0.7381
1030500140,Telkom University Surabaya,85.91,Cloud Computing,Mobile Development,Human Resource Management,Natural Language Processing,Computer Networking,Smart City & E-Government,0.8576,0.8526,0.9235,0.7943,0.8815,0.8998,0.8731,0.8592,0.9084,0.8138,0.8708,0.8369,0.9132,0.8055,0.8524,0.8286,0.8301,0.8825,0.7801,0.86,0.9059,0.857,0.8623,0.8271
1030500141,Telkom University Surabaya,84.96,Computer Networking,Project Management,Artificial Intelligence,Data Mining & Analytics,Programming & Algorithm,IT Governance,0.9036,0.8812,0.9036,0.9276,0.7964,0.811,0.8659,0.8217,0.8555,0.7067,0.8506,0.8512,0.8758,0.8342,0.8424,0.7652,0.9148,0.842,0.8191,0.8935,0.83,0.8921,0.8611,0.8275
1030500142,Telkom University Surabaya,73.27,Cloud Computing,Mobile Development,Financial Technology,Data Mining & Analytics,Supply Chain & CRM,Natural Language Processing,0.7182,0.7389,0.8447,0.7741,0.6839,0.7177,0.7138,0.7895,0.7344,0.7488,0.7512,0.7874,0.81,0.6712,0.7113,0.7746,0.7287,0.7012,0.7554,0.7379,0.7059,0.6779,0.7511,0.7312
1030500143,Telkom University Surabaya,74.26,Project Management,Artificial Intelligence,Business Process & Information Systems,UI/UX & Interaction Design,Information Security & Risk Management,Cloud Computing,0.7865,0.77,0.6601,0.7436,0.7343,0.7615,0.7557,0.712,0.7679,0.7366,0.6845,0.7268,0.768,0.7687,0.7369,0.7404,0.7902,0.7297,0.7624,0.7556,0.7542,0.732,0.7015,0.766
1030500144,Telkom University Surabaya,85.39,IT Governance,Cloud Computing,Research & Academic Writing,Mobile Development,UI/UX & Interaction Design,Smart City & E-Government,0.8085,0.8546,0.9218,0.8169,0.8943,0.8643,0.8617,0.804,0.8212,0.9484,0.8461,0.8356,0.763,0.9,0.8724,0.7801,0.8849,0.908,0.7378,0.8706,0.8508,0.8958,0.7429,0.8916
1030500145,Telkom University Surabaya,84.8,Mobile Development,Cloud Computing,Innovation & Digital Business,Natural Language Processing,Information Security & Risk Management,Computer Networking,0.8477,0.8632,0.8963,0.7614,0.8381,0.8639,0.8846,0.8644,0.8686,0.8547,0.7874,0.8952,0.9329,0.7883,0.8439,0.8108,0.8338,0.8531,0.8753,0.8584,0.8422,0.7929,0.8634,0.8794
1030500146,Telkom University Surabaya,58.45,Supply Chain & CRM,Natural Language Processing,Innovation & Digital Business,Database & Data Management,Web Development,Smart City & E-Government,0.5914,0.5924,0.6097,0.608,0.5519,0.55,0.5866,0.5876,0.6017,0.5771,0.588,0.6297,0.6092,0.6346,0.5761,0.5638,0.5715,0.5925,0.467,0.5825,0.5736,0.6546,0.576,0.5334
1030500147,Telkom University Surabaya,74.77,Smart City & E-Government,Cloud Computing,Supply Chain & CRM,UI/UX & Interaction Design,Natural Language Processing,Data Mining & Analytics,0.7406,0.7444,0.7874,0.7428,0.6832,0.7071,0.727,0.7419,0.7129,0.7738,0.7197,0.7773,0.7533,0.6974,0.7811,0.746,0.7528,0.7486,0.8534,0.7566,0.7426,0.7856,0.6982,0.754
1030500148,Telkom University Surabaya,85.12,Financial Technology,Project Management,Information Security & Risk Management,Database & Data Management,Research & Academic Writing,Mobile Development,0.85,0.8643,0.8843,0.8333,0.85,0.8059,0.849,0.9298,0.8661,0.8638,0.9039,0.8382,0.7848,0.829,0.8588,0.8346,0.9164,0.7952,0.8739,0.8784,0.8671,0.8465,0.8443,0.8153
1030500149,Telkom University Surabaya,84.87,Natural Language Processing,Computer Networking,Supply Chain & CRM,Cloud Computing,IT Governance,Mobile Development,0.8721,0.8513,0.7491,0.9002,0.8249,0.8263,0.8817,0.8547,0.8493,0.6986,0.8257,0.8683,0.6459,0.9127,0.8514,0.874,0.8328,0.8958,0.8953,0.8371,0.8654,0.9001,0.7846,0.7771
1030500150,Telkom University Surabaya,75.59,Financial Technology,Programming & Algorithm,UI/UX & Interaction Design,Computer Networking,Smart City & E-Government,IT Governance,0.7837,0.7556,0.7383,0.6849,0.7161,0.7073,0.7472,0.8142,0.7482,0.6802,0.7335,0.7652,0.7844,0.7312,0.7484,0.8035,0.7295,0.7501,0.6806,0.7702,0.6969,0.7841,0.7892,0.7652
1040500001,Telkom University Jakarta,85.08,Information Security & Risk Management,Artificial Intelligence,Financial Technology,UI/UX & Interaction Design,Mobile Development,Statistics & Mathematics,0.8933,0.8627,0.8802,0.8443,0.8337,0.8468,0.8433,0.8871,0.858,0.8252,0.9176,0.8225,0.809,0.8512,0.8289,0.8787,0.8569,0.8523,0.8808,0.8585,0.7805,0.8783,0.8161,0.8283
1040500002,Telkom University Jakarta,85.55,Innovation & Digital Business,IT Governance,UI/UX & Interaction Design,Programming & Algorithm,Data Mining & Analytics,Smart City & E-Government,0.8873,0.8546,0.8875,0.8365,0.7997,0.8256,0.8436,0.8801,0.8465,0.919,0.8713,0.941,0.8544,0.8621,0.8512,0.803,0.9037,0.8811,0.7683,0.8761,0.8112,0.8385,0.904,0.8687
1040500003,Telkom University Jakarta,58.46,Programming & Algorithm,Artificial Intelligence,Research & Academic Writing,Information Security & Risk Management,Cloud Computing,Mobile Development,0.6515,0.5747,0.5068,0.5717,0.602,0.5992,0.5692,0.5853,0.5958,0.5746,0.5341,0.5562,0.4965,0.6097,0.5778,0.6525,0.557,0.6208,0.6058,0.5789,0.5814,0.5548,0.5485,0.5684
1040500004,Telkom University Jakarta,82.34,Smart City & E-Government,Artificial Intelligence,Natural Language Processing,Financial Technology,Software Engineering,Project Management,0.9187,0.8186,0.8893,0.8347,0.8071,0.841,0.802,0.7813,0.8063,0.8042,0.811,0.8839,0.8677,0.8982,0.8145,0.8126,0.7569,0.8181,0.9635,0.7804,0.8435,0.788,0.8313,0.8378
1040500005,Telkom University Jakarta,85.2,Natural Language Processing,Supply Chain & CRM,Computer Networking,Artificial Intelligence,Mobile Development,Project Management,0.8093,0.8307,0.8389,0.894,0.8823,0.8378,0.8348,0.821,0.8774,0.8719,0.8919,0.8372,0.762,0.9118,0.8542,0.8402,0.7256,0.8519,0.8559,0.841,0.846,0.9018,0.8665,0.8373
1040500006,Telkom University Jakarta,74.36,Computer Networking,Smart City & E-Government,Innovation & Digital Business,Human Resource Management,Mobile Development,IT Governance,0.7862,0.7383,0.7942,0.8286,0.7638,0.7559,0.7504,0.7589,0.654,0.6507,0.7583,0.7966,0.6518,0.7095,0.7676,0.7158,0.703,0.7397,0.7988,0.7321,0.7327,0.7639,0.7119,0.7957
1040500007,Telkom University Jakarta,85.75,Natural Language Processing,Innovation & Digital Business,Human Resource Management,Project Management,Financial Technology,Smart City & E-Government,0.8808,0.8457,0.8169,0.8531,0.8831,0.8637,0.869,0.7944,0.8943,0.8577,0.8597,0.9306,0.8332,0.9352,0.8615,0.8253,0.7955,0.865,0.7466,0.8462,0.8416,0.8329,0.8855,0.8394
1040500008,Telkom University Jakarta,85.58,Research & Academic Writing,Information Security & Risk Management,Cloud Computing,Innovation & Digital Business,Natural Language Processing,Smart City & E-Government,0.8712,0.8593,0.8945,0.8527,0.8717,0.8758,0.8473,0.839,0.8197,0.8108,0.8957,0.801,0.8858,0.7537,0.8604,0.8528,0.8703,0.9111,0.7171,0.8578,0.8566,0.8424,0.8679,0.8216
1040500009,Telkom University Jakarta,75.69,Mobile Development,Innovation & Digital Business,UI/UX & Interaction Design,Human Resource Management,Computer Networking,Data Mining & Analytics,0.7955,0.7421,0.792,0.7045,0.6862,0.7425,0.7456,0.7623,0.7166,0.7684,0.7451,0.8085,0.814,0.7848,0.7425,0.7855,0.7655,0.7505,0.7259,0.737,0.749,0.7369,0.8074,0.7967
1040500010,Telkom University Jakarta,75.28,IT Governance,Project Management,Innovation & Digital Business,Natural Language Processing,Statistics & Mathematics,UI/UX & Interaction Design,0.748,0.7639,0.7519,0.7898,0.7474,0.7494,0.7682,0.744,0.7691,0.8154,0.7872,0.8069,0.7884,0.7157,0.7583,0.7219,0.8109,0.789,0.7506,0.7508,0.6861,0.7903,0.6664,0.754
1040500011,Telkom University Jakarta,85.83,Artificial Intelligence,IT Governance,UI/UX & Interaction Design,Innovation & Digital Business,Project Management,Information Security & Risk Management,0.9288,0.8351,0.7983,0.8806,0.8838,0.8957,0.865,0.8732,0.8613,0.9232,0.7745,0.7973,0.8514,0.8735,0.852,0.8686,0.7909,0.8438,0.878,0.8362,0.8564,0.8742,0.9035,0.8973
1040500012,Telkom University Jakarta,75.13,Financial Technology,Human Resource Management,Information Security & Risk Management,Artificial Intelligence,Supply Chain & CRM,Cloud Computing,0.6793,0.7794,0.6454,0.7096,0.7672,0.7369,0.7639,0.8374,0.7949,0.7589,0.7926,0.6819,0.7209,0.752,0.7563,0.7492,0.7641,0.7868,0.7751,0.7718,0.7697,0.6654,0.6965,0.7383
1040500013,Telkom University Jakarta,85.26,Cloud Computing,IT Governance,Innovation & Digital Business,Computer Networking,Information Security & Risk Management,Research & Academic Writing,0.8449,0.8668,0.9347,0.8043,0.8589,0.8875,0.8464,0.8776,0.8802,0.9229,0.7998,0.9033,0.8716,0.8818,0.8531,0.8632,0.8987,0.7606,0.8597,0.8733,0.8618,0.8335,0.8344,0.8722
1040500014,Telkom University Jakarta,74.84,IT Governance,Web Development,Software Engineering,Cloud Computing,Financial Technology,Information Security & Risk Management,0.7553,0.7464,0.6956,0.7333,0.7132,0.7238,0.7351,0.6811,0.7464,0.7923,0.681,0.745,0.7425,0.7043,0.7594,0.7385,0.7574,0.7751,0.74,0.7817,0.7347,0.7402,0.7356,0.7878
1040500015,Telkom University Jakarta,74.44,Mobile Development,Innovation & Digital Business,UI/UX & Interaction Design,Artificial Intelligence,IT Governance,Information Security & Risk Management,0.6931,0.7281,0.705,0.7253,0.7256,0.7347,0.7459,0.7272,0.7932,0.6716,0.6578,0.806,0.8138,0.7597,0.7274,0.732,0.702,0.7643,0.7777,0.7406,0.7584,0.7324,0.8035,0.7547
1040500016,Telkom University Jakarta,84.22,Programming & Algorithm,Smart City & E-Government,Information Security & Risk Management,Cloud Computing,Statistics & Mathematics,Financial Technology,0.8329,0.8211,0.8095,0.8104,0.8363,0.8156,0.8112,0.7761,0.8527,0.861,0.8832,0.8417,0.8696,0.8824,0.8503,0.8878,0.85,0.8265,0.8835,0.8452,0.8019,0.8419,0.8761,0.8633
1040500017,Telkom University Jakarta,56.83,Smart City & E-Government,Artificial Intelligence,Mobile Development,Professional & Soft Skills,Data Mining & Analytics,UI/UX & Interaction Design,0.6444,0.5789,0.582,0.5714,0.5417,0.5717,0.5914,0.5965,0.5945,0.588,0.5535,0.5731,0.6352,0.5657,0.5453,0.5707,0.5719,0.5494,0.665,0.5761,0.5664,0.5665,0.527,0.5697
1040500018,Telkom University Jakarta,74.87,Mobile Development,Cloud Computing,Research & Academic Writing,Innovation & Digital Business,Natural Language Processing,Smart City & E-Government,0.7623,0.7587,0.7954,0.7862,0.7246,0.756,0.7547,0.7509,0.7688,0.6909,0.7657,0.6691,0.811,0.6525,0.7584,0.7397,0.7342,0.7882,0.6351,0.7516,0.7751,0.7772,0.7049,0.726
1040500019,Telkom University Jakarta,85.1,IT Governance,Natural Language Processing,Information Security & Risk Management,Artificial Intelligence,Research & Academic Writing,Smart City & E-Government,0.8184,0.8523,0.8324,0.8604,0.8267,0.8429,0.8493,0.8772,0.8409,0.937,0.9081,0.8441,0.8764,0.9361,0.8187,0.8585,0.8516,0.8148,0.7447,0.832,0.8765,0.858,0.8977,0.8936
1040500020,Telkom University Jakarta,85.06,Programming & Algorithm,Financial Technology,Project Management,Cloud Computing,Mobile Development,Smart City & E-Government,0.8641,0.8531,0.7879,0.8141,0.7952,0.7978,0.8671,0.9051,0.8327,0.8468,0.8551,0.8523,0.7598,0.8536,0.8673,0.9074,0.8803,0.8184,0.7412,0.8648,0.8272,0.8247,0.8722,0.8532
1040500021,Telkom University Jakarta,56.46,Computer Networking,Supply Chain & CRM,Natural Language Processing,Statistics & Mathematics,Information Security & Risk Management,Financial Technology,0.5796,0.5499,0.5692,0.6364,0.541,0.5525,0.563,0.5195,0.5583,0.5816,0.5209,0.5631,0.5333,0.6192,0.5566,0.6085,0.5519,0.5634,0.598,0.5516,0.5257,0.6205,0.5431,0.5403
1040500022,Telkom University Jakarta,58.54,Project Management,IT Governance,Smart City & E-Government,Programming & Algorithm,Natural Language Processing,Information Security & Risk Management,0.5493,0.5961,0.6035,0.5516,0.574,0.5665,0.5698,0.5549,0.6388,0.6491,0.51,0.618,0.5828,0.5337,0.5698,0.5357,0.6558,0.618,0.6457,0.6038,0.5624,0.5919,0.5796,0.5989
1040500023,Telkom University Jakarta,75.65,Project Management,Artificial Intelligence,Data Mining & Analytics,Smart City & E-Government,Financial Technology,IT Governance,0.8221,0.7719,0.7991,0.7781,0.7992,0.734,0.7292,0.685,0.7515,0.668,0.704,0.7944,0.7332,0.776,0.7469,0.7433,0.831,0.7888,0.7019,0.7782,0.7671,0.7402,0.7216,0.7513
1040500024,Telkom University Jakarta,85.58,Supply Chain & CRM,Innovation & Digital Business,Human Resource Management,Data Mining & Analytics,Information Security & Risk Management,Mobile Development,0.8481,0.8736,0.8889,0.8555,0.7926,0.847,0.8584,0.8751,0.8909,0.8796,0.7719,0.8956,0.7707,0.8739,0.8268,0.8567,0.8523,0.8512,0.8907,0.8676,0.8056,0.9161,0.8886,0.8647
1040500025,Telkom University Jakarta,57.75,Smart City & E-Government,Information Security & Risk Management,Cloud Computing,Mobile Development,Project Management,Innovation & Digital Business,0.5536,0.5596,0.6181,0.6079,0.5456,0.5491,0.5942,0.5565,0.5485,0.5434,0.6318,0.5246,0.533,0.5772,0.587,0.6018,0.525,0.5924,0.6617,0.5715,0.5899,0.5778,0.5654,0.5756
1040500026,Telkom University Jakarta,85.76,Natural Language Processing,Artificial Intelligence,Cloud Computing,Human Resource Management,IT Governance,Supply Chain & CRM,0.9213,0.8573,0.888,0.8416,0.8716,0.8532,0.8477,0.887,0.826,0.817,0.8736,0.8741,0.8673,0.9384,0.8613,0.8486,0.8787,0.8686,0.8824,0.8548,0.8544,0.8066,0.8571,0.8391
1040500027,Telkom University Jakarta,85.73,Project Management,Mobile Development,Smart City & E-Government,Programming & Algorithm,Research & Academic Writing,Innovation & Digital Business,0.8426,0.87,0.8846,0.8531,0.8379,0.852,0.8408,0.8666,0.8646,0.8681,0.8928,0.7643,0.9187,0.8503,0.8461,0.8303,0.9335,0.8301,0.9187,0.8737,0.8464,0.8553,0.89,0.8848
1040500028,Telkom University Jakarta,83.67,Smart City & E-Government,Computer Networking,Supply Chain & CRM,Business Process & Information Systems,Project Management,Mobile Development,0.8173,0.7868,0.8099,0.9255,0.867,0.8468,0.8673,0.837,0.8663,0.8367,0.8682,0.844,0.6625,0.8697,0.8178,0.8624,0.6762,0.8292,0.9457,0.7987,0.8086,0.8913,0.8364,0.8394
1040500029,Telkom University Jakarta,54.97,Natural Language Processing,IT Governance,Smart City & E-Government,Mobile Development,Research & Academic Writing,Project Management,0.5656,0.5337,0.5868,0.5663,0.5422,0.562,0.5592,0.5616,0.5546,0.5883,0.534,0.5312,0.5132,0.6355,0.5702,0.5603,0.4948,0.5128,0.5874,0.5542,0.5395,0.5297,0.5606,0.5833
1040500030,Telkom University Jakarta,74.36,Artificial Intelligence,Project Management,Information Security & Risk Management,Mobile Development,Cloud Computing,IT Governance,0.8364,0.7413,0.6766,0.7056,0.7441,0.7556,0.6922,0.7619,0.7373,0.6424,0.7999,0.7653,0.6859,0.7479,0.7316,0.7877,0.8027,0.7881,0.7375,0.7508,0.7126,0.6959,0.735,0.7561
1040500031,Telkom University Jakarta,85.03,IT Governance,Mobile Development,Innovation & Digital Business,Data Mining & Analytics,Enterprise Architecture & Integration,Information Security & Risk Management,0.8387,0.85,0.8371,0.9088,0.8186,0.8547,0.8178,0.8931,0.8645,0.9546,0.7838,0.9094,0.9376,0.8735,0.8627,0.8246,0.8201,0.8273,0.8833,0.8373,0.8861,0.8311,0.8788,0.8648
1040500032,Telkom University Jakarta,85.95,Smart City & E-Government,Information Security & Risk Management,Computer Networking,Web Development,Enterprise Architecture & Integration,Financial Technology,0.8758,0.8381,0.8969,0.9039,0.8434,0.8642,0.8324,0.7966,0.8942,0.863,0.9128,0.8465,0.8816,0.8444,0.8393,0.864,0.8588,0.8887,0.9154,0.8529,0.8641,0.8834,0.8497,0.833
1040500033,Telkom University Jakarta,74.8,Mobile Development,Innovation & Digital Business,Web Development,Computer Networking,UI/UX & Interaction Design,Supply Chain & CRM,0.7404,0.7275,0.7382,0.7086,0.7515,0.7805,0.7277,0.7372,0.7155,0.7382,0.7513,0.8439,0.8766,0.7339,0.7571,0.7775,0.7431,0.7392,0.7927,0.7529,0.7695,0.6764,0.7027,0.8087
1040500034,Telkom University Jakarta,85.42,Supply Chain & CRM,Natural Language Processing,Information Security & Risk Management,Smart City & E-Government,Research & Academic Writing,Computer Networking,0.8316,0.8449,0.866,0.7783,0.8465,0.8451,0.8769,0.8661,0.8938,0.863,0.8987,0.8236,0.8235,0.8999,0.8451,0.8553,0.8486,0.7805,0.817,0.8445,0.8601,0.9279,0.8783,0.8773
1040500035,Telkom University Jakarta,73.81,Innovation & Digital Business,Smart City & E-Government,Natural Language Processing,IT Governance,Mobile Development,Project Management,0.7849,0.7307,0.7442,0.7306,0.6989,0.7094,0.7409,0.7066,0.7608,0.6937,0.7572,0.8309,0.6915,0.7889,0.7356,0.7867,0.6848,0.7419,0.8056,0.727,0.6972,0.6988,0.7371,0.707
1040500036,Telkom University Jakarta,85.5,Computer Networking,Supply Chain & CRM,Mobile Development,Database & Data Management,Project Management,Information Security & Risk Management,0.8803,0.8428,0.8402,0.9328,0.8672,0.8229,0.864,0.8497,0.8851,0.8831,0.6694,0.8262,0.9191,0.8594,0.872,0.8566,0.787,0.8406,0.8901,0.8648,0.8547,0.9225,0.8572,0.8604
1040500037,Telkom University Jakarta,85.2,Innovation & Digital Business,Programming & Algorithm,Research & Academic Writing,Supply Chain & CRM,Natural Language Processing,Computer Networking,0.8608,0.8627,0.8912,0.7184,0.8719,0.8458,0.8518,0.8913,0.9065,0.903,0.8552,0.9303,0.7881,0.7309,0.8455,0.9228,0.8871,0.9095,0.8425,0.8651,0.7936,0.7523,0.836,0.8464
1040500038,Telkom University Jakarta,76.77,Computer Networking,Smart City & E-Government,Supply Chain & CRM,Web Development,Natural Language Processing,Financial Technology,0.8154,0.7718,0.7737,0.8452,0.7945,0.7841,0.7508,0.7053,0.7327,0.7486,0.7707,0.7583,0.7961,0.7107,0.7742,0.7914,0.8082,0.7853,0.8216,0.7623,0.7465,0.819,0.7315,0.7135
1040500039,Telkom University Jakarta,85.01,Financial Technology,UI/UX & Interaction Design,Data Mining & Analytics,Information Security & Risk Management,Smart City & E-Government,Mobile Development,0.8156,0.8577,0.8659,0.8579,0.8887,0.8558,0.8291,0.9015,0.799,0.8241,0.7878,0.851,0.7253,0.8153,0.8792,0.8636,0.8612,0.8346,0.7792,0.8626,0.8858,0.807,0.8958,0.7951
1040500040,Telkom University Jakarta,83.3,Artificial Intelligence,Innovation & Digital Business,Natural Language Processing,Research & Academic Writing,Human Resource Management,Smart City & E-Government,0.9213,0.8233,0.8861,0.846,0.8158,0.8057,0.8502,0.8842,0.7602,0.8174,0.8264,0.9105,0.8692,0.9052,0.8272,0.8678,0.804,0.7705,0.6502,0.8062,0.8415,0.8718,0.8605,0.8655
1040500041,Telkom University Jakarta,75.36,Natural Language Processing,Mobile Development,Web Development,Database & Data Management,Data Mining & Analytics,Information Security & Risk Management,0.7478,0.7442,0.7652,0.7687,0.6942,0.7174,0.7365,0.7607,0.752,0.7761,0.6848,0.7659,0.7935,0.8259,0.7431,0.763,0.7177,0.7911,0.7884,0.7535,0.7276,0.728,0.763,0.793
1040500042,Telkom University Jakarta,86.65,Mobile Development,IT Governance,Smart City & E-Government,Database & Data Management,Financial Technology,Artificial Intelligence,0.821,0.8586,0.8968,0.8686,0.848,0.8298,0.8432,0.8257,0.8717,0.9025,0.8947,0.8707,0.9384,0.8912,0.8758,0.8774,0.8846,0.8556,0.8973,0.8712,0.8777,0.8437,0.8761,0.8604
1040500043,Telkom University Jakarta,86.06,Smart City & E-Government,IT Governance,Artificial Intelligence,Natural Language Processing,Mobile Development,Supply Chain & CRM,0.918,0.8558,0.8719,0.8133,0.8522,0.8865,0.8402,0.873,0.8676,0.9413,0.8768,0.8983,0.7754,0.8087,0.8538,0.8542,0.8341,0.867,0.9916,0.843,0.8844,0.7722,0.8709,0.8798
1040500044,Telkom University Jakarta,74.06,Mobile Development,Artificial Intelligence,Information Security & Risk Management,IT Governance,Cloud Computing,Smart City & E-Government,0.8123,0.757,0.6832,0.7675,0.7513,0.7541,0.7366,0.7874,0.7329,0.6848,0.791,0.7904,0.8226,0.7538,0.7351,0.6872,0.7542,0.7721,0.6432,0.7322,0.7576,0.7541,0.708,0.7262
1040500045,Telkom University Jakarta,58.6,Supply Chain & CRM,Computer Networking,Research & Academic Writing,UI/UX & Interaction Design,Cloud Computing,Natural Language Processing,0.6099,0.5798,0.5158,0.6814,0.5527,0.5959,0.5833,0.5597,0.5633,0.5693,0.577,0.5991,0.5464,0.4791,0.5855,0.5756,0.6184,0.6209,0.5596,0.6092,0.5739,0.6979,0.5206,0.5878
1040500046,Telkom University Jakarta,74.45,IT Governance,Financial Technology,Smart City & E-Government,Human Resource Management,UI/UX & Interaction Design,Natural Language Processing,0.7659,0.7549,0.7084,0.778,0.7519,0.7449,0.7339,0.7886,0.7001,0.8586,0.7669,0.7347,0.706,0.6572,0.7475,0.7537,0.7629,0.7864,0.7874,0.7471,0.7338,0.7249,0.6881,0.7309
1040500047,Telkom University Jakarta,85.91,Natural Language Processing,Project Management,UI/UX & Interaction Design,IT Governance,Innovation & Digital Business,Cloud Computing,0.8243,0.8746,0.7328,0.8259,0.8739,0.8627,0.8787,0.8794,0.8715,0.8055,0.8367,0.7415,0.8094,0.9041,0.8492,0.8892,0.8999,0.8578,0.8247,0.8494,0.8488,0.894,0.8969,0.8439
1040500048,Telkom University Jakarta,74.93,Smart City & E-Government,Financial Technology,Project Management,Research & Academic Writing,Cloud Computing,Mobile Development,0.7482,0.764,0.6517,0.7438,0.7694,0.7748,0.7725,0.8253,0.7617,0.706,0.7842,0.7382,0.646,0.8024,0.7252,0.7412,0.8048,0.6976,0.879,0.7541,0.7711,0.7253,0.7694,0.7418
1040500049,Telkom University Jakarta,75.99,Natural Language Processing,Smart City & E-Government,Project Management,Web Development,Supply Chain & CRM,Computer Networking,0.7725,0.7834,0.7602,0.679,0.7888,0.7514,0.7492,0.7454,0.7356,0.7899,0.7293,0.7715,0.7258,0.8346,0.7657,0.7546,0.8117,0.7967,0.8204,0.7683,0.7423,0.7049,0.7368,0.7183
1040500050,Telkom University Jakarta,84.7,Smart City & E-Government,Supply Chain & CRM,Mobile Development,Database & Data Management,Project Management,Human Resource Management,0.8233,0.8216,0.8915,0.8279,0.8283,0.792,0.8387,0.8985,0.7387,0.878,0.8791,0.8111,0.9036,0.8731,0.8622,0.8198,0.7583,0.8676,0.9177,0.8279,0.8572,0.9124,0.8877,0.8496
1040500051,Telkom University Jakarta,76.29,UI/UX & Interaction Design,Information Security & Risk Management,Human Resource Management,Computer Networking,IT Governance,Mobile Development,0.7721,0.7519,0.7672,0.7168,0.7618,0.7451,0.7667,0.7562,0.7921,0.7015,0.7952,0.7579,0.6532,0.7737,0.7573,0.7907,0.7192,0.7692,0.7695,0.7595,0.7603,0.7234,0.8018,0.7611
1040500052,Telkom University Jakarta,84.21,Supply Chain & CRM,Computer Networking,Statistics & Mathematics,Project Management,Research & Academic Writing,Smart City & E-Government,0.8793,0.8366,0.8557,0.9001,0.8281,0.8195,0.8767,0.8923,0.8723,0.805,0.8834,0.8931,0.8252,0.8551,0.8283,0.8395,0.7983,0.7661,0.6939,0.804,0.8937,0.9266,0.8849,0.852
1040500053,Telkom University Jakarta,57.19,IT Governance,Smart City & E-Government,Financial Technology,Information Security & Risk Management,Natural Language Processing,UI/UX & Interaction Design,0.5521,0.5979,0.6092,0.5668,0.5415,0.5933,0.578,0.6242,0.5954,0.6327,0.528,0.5921,0.5545,0.512,0.5551,0.618,0.6153,0.5875,0.6246,0.5684,0.6027,0.5399,0.4837,0.5495
1040500054,Telkom University Jakarta,74.93,Human Resource Management,Information Security & Risk Management,IT Governance,Database & Data Management,Web Development,Mobile Development,0.7212,0.7466,0.7278,0.7364,0.7807,0.7175,0.7799,0.7246,0.8107,0.7974,0.7978,0.7272,0.6804,0.7199,0.7524,0.7188,0.7895,0.7533,0.7612,0.757,0.7501,0.7552,0.7231,0.6917
1040500055,Telkom University Jakarta,86.87,Financial Technology,UI/UX & Interaction Design,Programming & Algorithm,IT Governance,Natural Language Processing,Artificial Intelligence,0.7856,0.8625,0.8448,0.864,0.8833,0.8786,0.8921,0.943,0.8922,0.8093,0.8465,0.894,0.814,0.8046,0.8625,0.9169,0.8611,0.8799,0.9085,0.8592,0.8301,0.8718,0.9182,0.8865
1040500056,Telkom University Jakarta,57.03,Financial Technology,Project Management,Natural Language Processing,Information Security & Risk Management,Artificial Intelligence,IT Governance,0.4993,0.5884,0.5926,0.5414,0.6234,0.5961,0.5774,0.647,0.5627,0.3896,0.5108,0.5854,0.5184,0.6321,0.5859,0.5932,0.6356,0.5327,0.5884,0.5899,0.5952,0.5567,0.542,0.5647
1040500057,Telkom University Jakarta,84.88,IT Governance,Financial Technology,Mobile Development,Project Management,Artificial Intelligence,Human Resource Management,0.7623,0.8271,0.8677,0.899,0.8795,0.9193,0.8544,0.9244,0.7535,0.9374,0.8812,0.8724,0.9233,0.8952,0.8207,0.8569,0.7754,0.8742,0.8973,0.8198,0.8621,0.8344,0.8264,0.9004
1040500058,Telkom University Jakarta,84.46,Computer Networking,Smart City & E-Government,Project Management,Financial Technology,Human Resource Management,Programming & Algorithm,0.9003,0.8569,0.9064,0.9646,0.8449,0.8374,0.8362,0.801,0.7308,0.8754,0.8985,0.8855,0.8879,0.861,0.8368,0.7289,0.911,0.8173,0.9461,0.8508,0.8694,0.8995,0.8591,0.8292
1040500059,Telkom University Jakarta,83.31,Mobile Development,Financial Technology,IT Governance,Programming & Algorithm,Information Security & Risk Management,Natural Language Processing,0.8548,0.8477,0.805,0.8281,0.7668,0.7791,0.8768,0.9103,0.8713,0.9076,0.7242,0.8806,0.9172,0.7142,0.8356,0.7497,0.7929,0.8427,0.8876,0.8533,0.8389,0.7972,0.8672,0.8355
1040500060,Telkom University Jakarta,85.07,Innovation & Digital Business,IT Governance,Cloud Computing,Natural Language Processing,Web Development,Smart City & E-Government,0.8728,0.8615,0.8978,0.8505,0.8502,0.8392,0.8382,0.8341,0.84,0.899,0.8263,0.9433,0.8948,0.8262,0.8561,0.841,0.8819,0.8754,0.7346,0.8445,0.8577,0.834,0.8345,0.8107
1040500061,Telkom University Jakarta,75.43,Information Security & Risk Management,Programming & Algorithm,Research & Academic Writing,Artificial Intelligence,Smart City & E-Government,IT Governance,0.6841,0.7596,0.739,0.6912,0.7205,0.7754,0.7566,0.7506,0.7342,0.6482,0.8358,0.7434,0.7465,0.7323,0.7384,0.793,0.7579,0.7925,0.6484,0.7754,0.7404,0.7078,0.7138,0.7617
1040500062,Telkom University Jakarta,84.93,Innovation & Digital Business,Programming & Algorithm,Project Management,UI/UX & Interaction Design,Cloud Computing,Smart City & E-Government,0.8015,0.8472,0.7427,0.8007,0.8506,0.8276,0.844,0.8597,0.8325,0.813,0.8713,0.9395,0.803,0.8578,0.8385,0.8869,0.8796,0.869,0.7248,0.8666,0.8452,0.7959,0.7915,0.8567
1040500063,Telkom University Jakarta,85.72,Smart City & E-Government,Innovation & Digital Business,Project Management,Mobile Development,Programming & Algorithm,IT Governance,0.8842,0.8464,0.8255,0.8619,0.8843,0.8529,0.8552,0.8118,0.8891,0.759,0.8119,0.9081,0.7807,0.891,0.8697,0.7739,0.9035,0.8408,0.9225,0.8723,0.8552,0.8638,0.8896,0.8583
1040500064,Telkom University Jakarta,58.0,Project Management,Mobile Development,Information Security & Risk Management,Database & Data Management,Smart City & E-Government,Natural Language Processing,0.6166,0.5834,0.5752,0.5558,0.5887,0.5405,0.5738,0.5911,0.5609,0.6037,0.6289,0.5453,0.6436,0.4964,0.5852,0.623,0.6552,0.5914,0.5248,0.6092,0.5469,0.5739,0.5813,0.554
1040500065,Telkom University Jakarta,83.56,Natural Language Processing,Innovation & Digital Business,IT Governance,UI/UX & Interaction Design,Web Development,Mobile Development,0.8472,0.8416,0.8354,0.8865,0.8438,0.8069,0.8145,0.8621,0.793,0.9048,0.8123,0.9261,0.722,0.9321,0.842,0.8557,0.861,0.858,0.8699,0.8393,0.8291,0.8155,0.7677,0.7497
1040500066,Telkom University Jakarta,84.68,Human Resource Management,IT Governance,Financial Technology,Natural Language Processing,Cloud Computing,Mobile Development,0.8309,0.8508,0.7744,0.8627,0.8408,0.834,0.8322,0.8813,0.8918,0.8825,0.8761,0.8705,0.7002,0.7778,0.8549,0.864,0.8735,0.7994,0.8133,0.8443,0.8739,0.839,0.8774,0.8557
1040500067,Telkom University Jakarta,75.53,Cloud Computing,Smart City & E-Government,Computer Networking,Project Management,IT Governance,Artificial Intelligence,0.6686,0.7396,0.8203,0.7986,0.7612,0.7877,0.7727,0.7738,0.7104,0.6878,0.694,0.7508,0.7762,0.7298,0.7612,0.7385,0.6926,0.7681,0.817,0.7749,0.7663,0.7789,0.7587,0.7761
1040500068,Telkom University Jakarta,74.91,Financial Technology,Programming & Algorithm,UI/UX & Interaction Design,Smart City & E-Government,Project Management,Human Resource Management,0.7238,0.7278,0.7448,0.7245,0.7593,0.7811,0.7226,0.8405,0.6575,0.7689,0.7081,0.7236,0.7236,0.7818,0.7454,0.8127,0.6642,0.7484,0.6829,0.7298,0.7517,0.7185,0.7901,0.7126
1040500069,Telkom University Jakarta,75.09,Information Security & Risk Management,Cloud Computing,Web Development,Project Management,Research & Academic Writing,Human Resource Management,0.8054,0.7372,0.8136,0.7956,0.7642,0.7631,0.7542,0.7484,0.6725,0.7786,0.8144,0.7329,0.7233,0.7583,0.7627,0.72,0.7088,0.7075,0.7948,0.7608,0.7839,0.7543,0.7785,0.8136
1040500070,Telkom University Jakarta,75.25,Mobile Development,Smart City & E-Government,Cloud Computing,Artificial Intelligence,IT Governance,Research & Academic Writing,0.7059,0.7591,0.8289,0.7369,0.7644,0.8023,0.7615,0.7308,0.7802,0.6949,0.8043,0.7829,0.8513,0.7993,0.7313,0.7706,0.7866,0.6886,0.8311,0.7381,0.7718,0.732,0.7654,0.7772
1040500071,Telkom University Jakarta,75.58,IT Governance,Mobile Development,Programming & Algorithm,Natural Language Processing,Research & Academic Writing,Cloud Computing,0.7139,0.7542,0.6744,0.7538,0.7571,0.7973,0.767,0.7677,0.7972,0.8372,0.725,0.7335,0.8363,0.6966,0.7633,0.8074,0.7838,0.6847,0.7384,0.7653,0.7674,0.7223,0.8056,0.7673
1040500072,Telkom University Jakarta,74.13,Innovation & Digital Business,Project Management,Computer Networking,Data Mining & Analytics,Information Security & Risk Management,Mobile Development,0.744,0.7517,0.7543,0.7837,0.6868,0.6938,0.74,0.6949,0.7524,0.7337,0.6748,0.8136,0.644,0.7208,0.7657,0.7346,0.8029,0.7431,0.7385,0.757,0.7517,0.7459,0.7151,0.7061
1040500073,Telkom University Jakarta,57.11,Cloud Computing,Mobile Development,Natural Language Processing,Financial Technology,Information Security & Risk Management,IT Governance,0.5971,0.5655,0.6819,0.5745,0.5948,0.5302,0.5845,0.5296,0.5476,0.4997,0.5118,0.5611,0.6552,0.6162,0.5898,0.5476,0.571,0.5818,0.6128,0.5731,0.5631,0.5904,0.5723,0.5702
1040500074,Telkom University Jakarta,74.68,Smart City & E-Government,Computer Networking,Artificial Intelligence,Research & Academic Writing,Information Security & Risk Management,UI/UX & Interaction Design,0.7972,0.7621,0.7622,0.8022,0.71,0.7285,0.7605,0.7481,0.745,0.7711,0.6923,0.7139,0.7312,0.7474,0.7473,0.775,0.7966,0.7081,0.8286,0.7643,0.7756,0.7971,0.6531,0.7967
1040500075,Telkom University Jakarta,76.28,Project Management,Financial Technology,Natural Language Processing,Computer Networking,Cloud Computing,Artificial Intelligence,0.6206,0.7866,0.6574,0.6598,0.7455,0.7208,0.7381,0.8191,0.7397,0.7376,0.7706,0.8103,0.6679,0.8147,0.7659,0.8007,0.8403,0.8071,0.7034,0.7654,0.7678,0.6885,0.7828,0.739
1040500076,Telkom University Jakarta,73.13,Natural Language Processing,Information Security & Risk Management,Human Resource Management,UI/UX & Interaction Design,IT Governance,Mobile Development,0.6946,0.7291,0.769,0.7503,0.7647,0.7361,0.7394,0.7228,0.7977,0.6497,0.7985,0.7604,0.6266,0.8001,0.7143,0.7396,0.7262,0.7485,0.7123,0.7324,0.7712,0.707,0.6514,0.7546
1040500077,Telkom University Jakarta,55.18,Cloud Computing,Innovation & Digital Business,IT Governance,Smart City & E-Government,Supply Chain & CRM,Mobile Development,0.5543,0.5542,0.6447,0.5284,0.5802,0.5864,0.5614,0.5565,0.5468,0.5953,0.5514,0.6258,0.4603,0.545,0.5595,0.5539,0.5447,0.5268,0.5089,0.5468,0.5661,0.5078,0.5191,0.5341
1040500078,Telkom University Jakarta,58.79,Natural Language Processing,UI/UX & Interaction Design,Project Management,Computer Networking,Information Security & Risk Management,Smart City & E-Government,0.5646,0.5937,0.6158,0.5474,0.6067,0.5862,0.5769,0.5865,0.5519,0.5727,0.5305,0.5976,0.6001,0.6719,0.5874,0.5551,0.6206,0.6052,0.4872,0.591,0.5789,0.5617,0.647,0.5634
1040500079,Telkom University Jakarta,73.45,Information Security & Risk Management,Smart City & E-Government,Innovation & Digital Business,Mobile Development,Artificial Intelligence,Natural Language Processing,0.6863,0.7256,0.7738,0.7523,0.7237,0.7539,0.7471,0.7611,0.7212,0.7829,0.8184,0.8078,0.6984,0.6248,0.7221,0.783,0.6997,0.7316,0.808,0.7181,0.7272,0.7879,0.7098,0.7286
1040500080,Telkom University Jakarta,74.63,Human Resource Management,Programming & Algorithm,Innovation & Digital Business,Mobile Development,UI/UX & Interaction Design,Supply Chain & CRM,0.7716,0.7446,0.6963,0.7255,0.7347,0.7519,0.7715,0.7334,0.814,0.7653,0.7705,0.802,0.693,0.7491,0.7229,0.8075,0.7214,0.7175,0.77,0.7484,0.7433,0.6892,0.6928,0.738
1040500081,Telkom University Jakarta,56.73,Mobile Development,Web Development,Cloud Computing,Natural Language Processing,Smart City & E-Government,Project Management,0.5744,0.557,0.5975,0.5462,0.5621,0.5923,0.5964,0.5814,0.5666,0.5906,0.52,0.5841,0.6246,0.5166,0.5753,0.5633,0.4834,0.5548,0.5067,0.5432,0.5881,0.5768,0.5684,0.6227
1040500082,Telkom University Jakarta,74.55,Project Management,Data Mining & Analytics,Computer Networking,IT Governance,Human Resource Management,UI/UX & Interaction Design,0.7306,0.7679,0.764,0.777,0.7981,0.7682,0.7459,0.7597,0.6922,0.7088,0.7645,0.7348,0.7571,0.71,0.7726,0.7186,0.8079,0.7284,0.7515,0.7438,0.7574,0.7607,0.6836,0.7767
1040500083,Telkom University Jakarta,75.88,UI/UX & Interaction Design,IT Governance,Natural Language Processing,Data Mining & Analytics,Computer Networking,Innovation & Digital Business,0.7813,0.755,0.7306,0.7098,0.7107,0.7411,0.7376,0.7212,0.7448,0.8248,0.7531,0.6737,0.7367,0.8088,0.7533,0.7692,0.7463,0.7968,0.7887,0.75,0.7485,0.7242,0.8258,0.7234
1040500084,Telkom University Jakarta,76.65,IT Governance,Mobile Development,Cloud Computing,Human Resource Management,Information Security & Risk Management,Smart City & E-Government,0.7105,0.7753,0.7928,0.7672,0.7879,0.7389,0.7563,0.775,0.7097,0.838,0.6714,0.759,0.8044,0.7544,0.7637,0.7924,0.7871,0.7766,0.6698,0.7809,0.7882,0.7637,0.7675,0.7891
1040500085,Telkom University Jakarta,84.33,Innovation & Digital Business,Project Management,Natural Language Processing,Data Mining & Analytics,Database & Data Management,Mobile Development,0.8332,0.8519,0.8187,0.8093,0.7912,0.7699,0.8469,0.8261,0.8257,0.8603,0.8884,0.9227,0.7346,0.9165,0.8528,0.8273,0.9203,0.8361,0.907,0.8537,0.8268,0.8008,0.8091,0.7927
1040500086,Telkom University Jakarta,84.04,Financial Technology,Supply Chain & CRM,Mobile Development,Data Mining & Analytics,Computer Networking,UI/UX & Interaction Design,0.8327,0.8714,0.8724,0.786,0.7944,0.8021,0.8369,0.9171,0.8196,0.8616,0.8335,0.8893,0.9058,0.8354,0.8505,0.8377,0.867,0.7982,0.8471,0.839,0.866,0.9077,0.7794,0.8302
1040500087,Telkom University Jakarta,86.47,Computer Networking,Cloud Computing,Supply Chain & CRM,Financial Technology,Smart City & E-Government,Innovation & Digital Business,0.8844,0.8554,0.9194,0.9215,0.8371,0.8517,0.8726,0.8008,0.8333,0.8717,0.8291,0.756,0.8663,0.8306,0.8613,0.8605,0.8912,0.8822,0.7625,0.8809,0.8605,0.9189,0.8593,0.8654
1040500088,Telkom University Jakarta,56.72,Human Resource Management,Data Mining & Analytics,Database & Data Management,Research & Academic Writing,IT Governance,Computer Networking,0.5775,0.5677,0.5835,0.4924,0.6152,0.6013,0.5794,0.5409,0.6373,0.5084,0.5766,0.5936,0.5389,0.566,0.5825,0.5773,0.5358,0.5184,0.5991,0.5473,0.5804,0.5457,0.5999,0.543
1040500089,Telkom University Jakarta,85.04,Natural Language Processing,Computer Networking,Database & Data Management,Human Resource Management,IT Governance,Cloud Computing,0.8779,0.8504,0.7536,0.8949,0.8535,0.8905,0.8511,0.8517,0.7964,0.7767,0.8845,0.8438,0.8409,0.9036,0.85,0.8351,0.8829,0.8089,0.8157,0.847,0.8639,0.8521,0.8789,0.8514
1040500090,Telkom University Jakarta,75.5,Information Security & Risk Management,Web Development,Research & Academic Writing,UI/UX & Interaction Design,Project Management,Innovation & Digital Business,0.7574,0.7344,0.7667,0.7431,0.7896,0.7597,0.746,0.7336,0.7866,0.7756,0.8074,0.6937,0.7448,0.7828,0.7657,0.7401,0.7031,0.7992,0.7275,0.7459,0.7454,0.7375,0.7113,0.8068
1040500091,Telkom University Jakarta,84.01,Mobile Development,Cloud Computing,Project Management,Innovation & Digital Business,Artificial Intelligence,IT Governance,0.7315,0.8536,0.9143,0.8167,0.8447,0.8412,0.828,0.8051,0.8386,0.7209,0.8896,0.7402,0.9362,0.7566,0.834,0.812,0.913,0.8629,0.8389,0.8542,0.8812,0.8286,0.8467,0.8669
1040500092,Telkom University Jakarta,75.84,IT Governance,Computer Networking,Innovation & Digital Business,Artificial Intelligence,Data Mining & Analytics,Information Security & Risk Management,0.7013,0.7399,0.7044,0.8334,0.6757,0.7317,0.7418,0.7838,0.7297,0.842,0.655,0.818,0.7709,0.8087,0.7649,0.7715,0.7383,0.7949,0.7698,0.7611,0.7505,0.7729,0.777,0.7837
1040500093,Telkom University Jakarta,74.31,Mobile Development,Supply Chain & CRM,Computer Networking,Human Resource Management,Artificial Intelligence,Smart City & E-Government,0.6815,0.731,0.7888,0.7971,0.7033,0.7473,0.7404,0.7332,0.6999,0.7004,0.7343,0.7064,0.8257,0.7876,0.7426,0.7312,0.7146,0.7509,0.662,0.7436,0.7418,0.7983,0.7475,0.7563
1040500094,Telkom University Jakarta,76.4,Smart City & E-Government,Information Security & Risk Management,Project Management,IT Governance,Computer Networking,Natural Language Processing,0.7895,0.77,0.7718,0.7084,0.7508,0.7618,0.7561,0.7514,0.7521,0.714,0.8344,0.766,0.7493,0.704,0.7566,0.753,0.8057,0.7576,0.8825,0.7771,0.737,0.8028,0.7542,0.7707
1040500095,Telkom University Jakarta,77.26,Project Management,Natural Language Processing,UI/UX & Interaction Design,IT Governance,Smart City & E-Government,Innovation & Digital Business,0.7636,0.7827,0.7638,0.7422,0.7932,0.7784,0.7577,0.7938,0.7326,0.6996,0.7434,0.6716,0.7197,0.8218,0.7667,0.7729,0.8422,0.7989,0.6947,0.7878,0.7349,0.7906,0.8119,0.7964
1040500096,Telkom University Jakarta,84.96,Cloud Computing,Smart City & E-Government,Information Security & Risk Management,IT Governance,Mobile Development,Natural Language Processing,0.8594,0.8481,0.9369,0.869,0.8479,0.8844,0.8458,0.8916,0.8147,0.7781,0.9286,0.8936,0.7743,0.7186,0.8096,0.9037,0.8734,0.8107,0.9369,0.8403,0.8788,0.8143,0.8668,0.7974
1040500097,Telkom University Jakarta,86.27,Project Management,Innovation & Digital Business,Cloud Computing,Computer Networking,Smart City & E-Government,IT Governance,0.8298,0.875,0.9133,0.7657,0.8599,0.8304,0.8354,0.8773,0.9115,0.7215,0.8594,0.9272,0.8323,0.8293,0.8766,0.902,0.9354,0.8276,0.7338,0.8995,0.8488,0.7919,0.8772,0.8699
1040500098,Telkom University Jakarta,85.59,Computer Networking,Project Management,Innovation & Digital Business,Cloud Computing,Mobile Development,Financial Technology,0.8825,0.8695,0.7958,0.9266,0.8982,0.8841,0.8388,0.7672,0.7974,0.8208,0.8928,0.908,0.7893,0.8387,0.852,0.8626,0.9196,0.8776,0.8938,0.8473,0.8494,0.8616,0.8074,0.8761
1040500099,Telkom University Jakarta,58.93,Project Management,Natural Language Processing,Human Resource Management,Web Development,Innovation & Digital Business,Smart City & E-Government,0.5883,0.5805,0.6111,0.5926,0.6131,0.5833,0.5847,0.5867,0.6316,0.623,0.611,0.5425,0.5706,0.6369,0.5933,0.5884,0.6701,0.5935,0.5396,0.5865,0.6105,0.6055,0.564,0.5634
1040500100,Telkom University Jakarta,84.9,Artificial Intelligence,Cloud Computing,Research & Academic Writing,Human Resource Management,Financial Technology,IT Governance,0.9385,0.839,0.9049,0.8478,0.8475,0.8405,0.8256,0.7993,0.8131,0.734,0.8866,0.8865,0.8551,0.9013,0.8458,0.8267,0.84,0.9034,0.8492,0.8173,0.8546,0.8592,0.8228,0.833
1040500101,Telkom University Jakarta,85.9,Smart City & E-Government,IT Governance,Information Security & Risk Management,Statistics & Mathematics,Computer Networking,Innovation & Digital Business,0.873,0.8518,0.8325,0.8154,0.8214,0.8728,0.8399,0.8899,0.8516,0.9273,0.9055,0.8043,0.8797,0.8247,0.8491,0.8952,0.8612,0.8966,0.9593,0.8587,0.8178,0.8319,0.8257,0.8829
1040500102,Telkom University Jakarta,84.0,Supply Chain & CRM,Natural Language Processing,Computer Networking,Financial Technology,IT Governance,Innovation & Digital Business,0.8331,0.8294,0.8223,0.8945,0.7811,0.8099,0.8396,0.77,0.8289,0.7496,0.8657,0.728,0.8847,0.9155,0.8502,0.8393,0.8217,0.8619,0.7784,0.8607,0.7775,0.9383,0.8839,0.8716
1040500103,Telkom University Jakarta,84.99,Mobile Development,Cloud Computing,Supply Chain & CRM,Software Engineering,UI/UX & Interaction Design,Human Resource Management,0.879,0.8347,0.9207,0.8784,0.8419,0.8646,0.8138,0.8549,0.7603,0.9108,0.8788,0.8716,0.9451,0.8325,0.8533,0.9027,0.8919,0.8662,0.8413,0.8138,0.8553,0.9121,0.7884,0.8233
1040500104,Telkom University Jakarta,85.75,Research & Academic Writing,Innovation & Digital Business,IT Governance,Information Security & Risk Management,Mobile Development,Cloud Computing,0.8749,0.8585,0.6865,0.8337,0.8551,0.8311,0.834,0.8684,0.8474,0.8997,0.8134,0.9129,0.7824,0.8396,0.8562,0.8604,0.8817,0.9249,0.8242,0.8499,0.8958,0.8632,0.8209,0.8164
1040500105,Telkom University Jakarta,75.31,Mobile Development,UI/UX & Interaction Design,Computer Networking,Professional & Soft Skills,Human Resource Management,Research & Academic Writing,0.7931,0.7541,0.7935,0.811,0.773,0.7809,0.7405,0.7669,0.7172,0.7628,0.7289,0.7776,0.8123,0.7746,0.7268,0.7817,0.7277,0.6966,0.7962,0.7413,0.7386,0.8085,0.8111,0.7349
1040500106,Telkom University Jakarta,76.05,IT Governance,Artificial Intelligence,Smart City & E-Government,UI/UX & Interaction Design,Database & Data Management,Web Development,0.8306,0.7666,0.7333,0.7513,0.7469,0.7236,0.7374,0.7321,0.7697,0.834,0.7431,0.8024,0.7912,0.7592,0.7301,0.7804,0.7959,0.7921,0.8108,0.7623,0.7579,0.7804,0.7285,0.6907
1040500107,Telkom University Jakarta,75.08,IT Governance,Innovation & Digital Business,UI/UX & Interaction Design,Smart City & E-Government,Human Resource Management,Web Development,0.7854,0.7364,0.7819,0.7845,0.7376,0.7416,0.7337,0.7524,0.7027,0.8202,0.7708,0.8001,0.7847,0.7563,0.7504,0.7541,0.7169,0.7423,0.7072,0.7133,0.7697,0.7852,0.7975,0.6961
1040500108,Telkom University Jakarta,76.59,Computer Networking,Cloud Computing,Supply Chain & CRM,Human Resource Management,Smart City & E-Government,Information Security & Risk Management,0.8039,0.771,0.8294,0.8549,0.7364,0.7575,0.7523,0.7794,0.7178,0.8082,0.7,0.8223,0.7258,0.7356,0.7753,0.7289,0.8157,0.782,0.7172,0.7906,0.7235,0.8242,0.7698,0.7278
1040500109,Telkom University Jakarta,73.85,Project Management,Supply Chain & CRM,Mobile Development,Financial Technology,Natural Language Processing,Innovation & Digital Business,0.7445,0.7529,0.7204,0.7565,0.7491,0.719,0.7475,0.7022,0.7806,0.7897,0.774,0.6098,0.8067,0.6352,0.7377,0.7214,0.8233,0.7028,0.7809,0.7656,0.7162,0.8121,0.7517,0.7678
1040500110,Telkom University Jakarta,85.94,Project Management,IT Governance,Mobile Development,Research & Academic Writing,Financial Technology,Cloud Computing,0.8858,0.8543,0.7816,0.8693,0.8327,0.8462,0.8433,0.7937,0.8741,0.9044,0.8279,0.8402,0.9037,0.8565,0.8813,0.8376,0.9116,0.8085,0.8785,0.8895,0.8507,0.8821,0.8819,0.8873
1040500111,Telkom University Jakarta,84.72,Supply Chain & CRM,Cloud Computing,Human Resource Management,Smart City & E-Government,UI/UX & Interaction Design,Innovation & Digital Business,0.8316,0.8624,0.9116,0.9,0.8785,0.825,0.8813,0.8748,0.9105,0.8734,0.8441,0.7458,0.8285,0.8805,0.8674,0.8301,0.8441,0.8325,0.7845,0.8494,0.8664,0.9277,0.7633,0.8084
1040500112,Telkom University Jakarta,83.16,Smart City & E-Government,IT Governance,Cloud Computing,Innovation & Digital Business,Human Resource Management,Project Management,0.8907,0.8052,0.8993,0.8247,0.8625,0.8265,0.8106,0.8724,0.7351,0.9216,0.8027,0.7793,0.8609,0.8633,0.8411,0.8372,0.7023,0.8328,0.9269,0.8128,0.8544,0.8127,0.8682,0.8746
1040500113,Telkom University Jakarta,57.42,Project Management,IT Governance,Programming & Algorithm,UI/UX & Interaction Design,Cloud Computing,Natural Language Processing,0.5765,0.6037,0.5063,0.5484,0.5764,0.5606,0.5881,0.5954,0.5916,0.6276,0.5839,0.5501,0.5826,0.4652,0.5885,0.6049,0.656,0.5529,0.5979,0.5997,0.5644,0.5326,0.5265,0.5664
1040500114,Telkom University Jakarta,74.98,IT Governance,UI/UX & Interaction Design,Human Resource Management,Mobile Development,Information Security & Risk Management,Innovation & Digital Business,0.6985,0.7619,0.7325,0.7565,0.7743,0.7389,0.7773,0.7374,0.804,0.852,0.6882,0.6808,0.6932,0.7186,0.7357,0.719,0.7517,0.7654,0.7529,0.7727,0.7411,0.7466,0.8155,0.7136
1040500115,Telkom University Jakarta,86.6,Supply Chain & CRM,Cloud Computing,Project Management,UI/UX & Interaction Design,Financial Technology,Natural Language Processing,0.8626,0.8636,0.9133,0.8584,0.8528,0.8504,0.839,0.806,0.89,0.8955,0.8846,0.8796,0.8368,0.7995,0.8708,0.8488,0.9034,0.9014,0.8568,0.871,0.8561,0.9435,0.8289,0.8421
1040500116,Telkom University Jakarta,74.82,Smart City & E-Government,Innovation & Digital Business,Research & Academic Writing,Statistics & Mathematics,Natural Language Processing,Project Management,0.7676,0.7403,0.7232,0.7332,0.7596,0.7825,0.7451,0.7818,0.7348,0.7652,0.7142,0.8286,0.7872,0.6813,0.7281,0.757,0.6782,0.7891,0.8569,0.7533,0.7101,0.7241,0.7418,0.7753
1040500117,Telkom University Jakarta,84.25,IT Governance,Natural Language Processing,Statistics & Mathematics,Information Security & Risk Management,Innovation & Digital Business,Smart City & E-Government,0.8454,0.8497,0.7874,0.8706,0.8829,0.889,0.8579,0.8924,0.8574,0.9312,0.757,0.7563,0.8783,0.9072,0.8555,0.8174,0.8189,0.7978,0.751,0.8421,0.895,0.8593,0.8507,0.8345
1040500118,Telkom University Jakarta,84.8,Innovation & Digital Business,Smart City & E-Government,Database & Data Management,Computer Networking,Information Security & Risk Management,Natural Language Processing,0.8002,0.8296,0.8795,0.7988,0.8562,0.8853,0.8401,0.8646,0.8303,0.8115,0.794,0.9206,0.8134,0.7591,0.8458,0.8836,0.8591,0.8819,0.9151,0.8498,0.8475,0.8009,0.8245,0.874
1040500119,Telkom University Jakarta,75.87,Smart City & E-Government,Innovation & Digital Business,IT Governance,Research & Academic Writing,Mobile Development,Artificial Intelligence,0.6898,0.7504,0.7846,0.7926,0.7817,0.759,0.7582,0.7567,0.7394,0.8219,0.7885,0.8358,0.7219,0.7814,0.762,0.7502,0.7377,0.7283,0.889,0.7386,0.7622,0.774,0.767,0.7578
1040500120,Telkom University Jakarta,85.13,Innovation & Digital Business,Human Resource Management,IT Governance,Natural Language Processing,Programming & Algorithm,Cloud Computing,0.815,0.8552,0.784,0.8452,0.8536,0.8652,0.859,0.8873,0.8945,0.8898,0.839,0.9308,0.8224,0.8117,0.8551,0.8066,0.8561,0.828,0.8299,0.8557,0.8586,0.8638,0.8807,0.8766
1040500121,Telkom University Jakarta,85.33,Computer Networking,Programming & Algorithm,Information Security & Risk Management,Project Management,Smart City & E-Government,Innovation & Digital Business,0.8645,0.8373,0.7997,0.9328,0.8448,0.8542,0.8548,0.7919,0.8024,0.8863,0.9163,0.7333,0.8096,0.8316,0.8317,0.9296,0.7752,0.9128,0.7567,0.8486,0.8479,0.8423,0.8318,0.8795
1040500122,Telkom University Jakarta,84.61,Smart City & E-Government,Project Management,Computer Networking,Programming & Algorithm,Natural Language Processing,IT Governance,0.8918,0.8727,0.7793,0.9122,0.847,0.8604,0.8467,0.9042,0.8257,0.7117,0.8449,0.8872,0.7949,0.7567,0.8851,0.7666,0.9185,0.8457,0.9345,0.8601,0.8554,0.87,0.8529,0.873
1040500123,Telkom University Jakarta,84.49,Innovation & Digital Business,Programming & Algorithm,Natural Language Processing,Supply Chain & CRM,Smart City & E-Government,Human Resource Management,0.8452,0.8519,0.8547,0.7616,0.8299,0.8377,0.7746,0.8441,0.7024,0.8301,0.8594,0.9243,0.8405,0.9147,0.8442,0.9192,0.9001,0.8576,0.7296,0.8488,0.8521,0.7371,0.8575,0.8556
1040500124,Telkom University Jakarta,84.12,Artificial Intelligence,Database & Data Management,Information Security & Risk Management,Financial Technology,Smart City & E-Government,Project Management,0.8889,0.8112,0.882,0.8425,0.8836,0.8879,0.8454,0.783,0.8466,0.838,0.8875,0.8566,0.8669,0.8279,0.8383,0.8679,0.7668,0.8694,0.7746,0.7962,0.8368,0.8488,0.8195,0.8419
1040500125,Telkom University Jakarta,83.74,Computer Networking,Supply Chain & CRM,Financial Technology,Cloud Computing,Information Security & Risk Management,Mobile Development,0.8118,0.8434,0.7814,0.9093,0.8299,0.824,0.8437,0.894,0.7897,0.8732,0.7483,0.8222,0.7106,0.8456,0.8592,0.8041,0.8535,0.8578,0.8561,0.8267,0.8462,0.8971,0.8713,0.8063
1040500126,Telkom University Jakarta,74.68,Artificial Intelligence,Natural Language Processing,Cloud Computing,Supply Chain & CRM,IT Governance,Human Resource Management,0.8516,0.7286,0.7971,0.7299,0.7622,0.7193,0.7129,0.7417,0.6833,0.7054,0.7719,0.7822,0.7495,0.8415,0.7387,0.7866,0.7196,0.7699,0.7169,0.7204,0.7544,0.7085,0.7296,0.7372
1040500127,Telkom University Jakarta,85.55,Innovation & Digital Business,Web Development,Data Mining & Analytics,Artificial Intelligence,Smart City & E-Government,IT Governance,0.802,0.8645,0.844,0.8869,0.8965,0.8509,0.8682,0.8882,0.8811,0.7366,0.869,0.9049,0.8632,0.8298,0.8507,0.849,0.8561,0.8579,0.7448,0.8271,0.8719,0.8798,0.8671,0.9008
1040500128,Telkom University Jakarta,74.65,Artificial Intelligence,UI/UX & Interaction Design,Cloud Computing,Research & Academic Writing,Smart City & E-Government,Project Management,0.8259,0.7249,0.8183,0.7914,0.7361,0.7519,0.7673,0.7895,0.7662,0.8169,0.7512,0.7778,0.7728,0.764,0.7408,0.754,0.6343,0.688,0.6503,0.7179,0.7447,0.7645,0.8197,0.7273
1040500129,Telkom University Jakarta,76.1,Innovation & Digital Business,Human Resource Management,Programming & Algorithm,Computer Networking,Mobile Development,Natural Language Processing,0.7411,0.7512,0.7837,0.6841,0.7212,0.7339,0.7701,0.7627,0.8168,0.742,0.7955,0.8209,0.6832,0.6613,0.7453,0.804,0.774,0.7523,0.7734,0.7693,0.767,0.7658,0.7482,0.7816
1040500130,Telkom University Jakarta,76.88,Financial Technology,Cloud Computing,UI/UX & Interaction Design,Artificial Intelligence,Computer Networking,IT Governance,0.7115,0.7707,0.8139,0.7097,0.7944,0.805,0.779,0.8423,0.7715,0.6122,0.7461,0.7141,0.7611,0.7386,0.7684,0.7949,0.7657,0.7447,0.8,0.7675,0.769,0.7865,0.8137,0.7589
1040500131,Telkom University Jakarta,74.77,Innovation & Digital Business,Cloud Computing,Mobile Development,Research & Academic Writing,Artificial Intelligence,Statistics & Mathematics,0.7206,0.7391,0.8336,0.7385,0.7477,0.7615,0.7622,0.7618,0.7517,0.7562,0.7325,0.8368,0.8168,0.781,0.7458,0.7554,0.7417,0.7311,0.7571,0.7351,0.7193,0.7462,0.7527,0.7357
1040500132,Telkom University Jakarta,74.72,IT Governance,Cloud Computing,Information Security & Risk Management,Smart City & E-Government,Web Development,Supply Chain & CRM,0.7868,0.7419,0.8163,0.7502,0.7349,0.7772,0.7202,0.7162,0.7143,0.8251,0.7981,0.7522,0.7767,0.7512,0.7614,0.7814,0.7344,0.7112,0.7112,0.7388,0.7613,0.705,0.7275,0.707
1040500133,Telkom University Jakarta,86.67,Research & Academic Writing,Programming & Algorithm,Natural Language Processing,Information Security & Risk Management,Financial Technology,Smart City & E-Government,0.8783,0.8523,0.837,0.8452,0.8669,0.8892,0.8554,0.7931,0.8927,0.8887,0.8226,0.8434,0.8307,0.9017,0.8476,0.9024,0.8685,0.9109,0.7313,0.8673,0.8643,0.8606,0.8934,0.8834
1040500134,Telkom University Jakarta,85.18,Computer Networking,Smart City & E-Government,Innovation & Digital Business,Artificial Intelligence,Mobile Development,Natural Language Processing,0.7878,0.8559,0.8318,0.941,0.8529,0.7979,0.8487,0.8791,0.8956,0.8436,0.8715,0.8963,0.7735,0.7191,0.8653,0.8787,0.8122,0.8618,0.9002,0.8629,0.848,0.8558,0.8661,0.8456
1040500135,Telkom University Jakarta,56.96,IT Governance,Human Resource Management,Project Management,Research & Academic Writing,Innovation & Digital Business,Information Security & Risk Management,0.5885,0.5738,0.5543,0.6049,0.5694,0.5703,0.5996,0.5411,0.6368,0.6428,0.4931,0.5183,0.5899,0.5416,0.5725,0.5787,0.6169,0.5186,0.5907,0.597,0.5524,0.6112,0.6053,0.6078
1040500136,Telkom University Jakarta,85.45,Project Management,Financial Technology,Natural Language Processing,Innovation & Digital Business,Supply Chain & CRM,Human Resource Management,0.8515,0.877,0.9015,0.8286,0.876,0.879,0.8365,0.9093,0.7853,0.9022,0.811,0.8014,0.8284,0.9062,0.8523,0.8828,0.9103,0.8526,0.8271,0.8538,0.8699,0.7934,0.8762,0.825
1040500137,Telkom University Jakarta,56.75,Cloud Computing,Innovation & Digital Business,Natural Language Processing,Data Mining & Analytics,Database & Data Management,UI/UX & Interaction Design,0.5541,0.5713,0.6654,0.5998,0.5275,0.5252,0.553,0.5478,0.5905,0.5562,0.6048,0.6324,0.5482,0.6166,0.5626,0.5506,0.6017,0.5911,0.529,0.5842,0.5504,0.5812,0.5013,0.5599
1040500138,Telkom University Jakarta,84.41,Project Management,Artificial Intelligence,Information Security & Risk Management,Supply Chain & CRM,Cloud Computing,Computer Networking,0.9089,0.8663,0.7402,0.7329,0.7876,0.7833,0.8164,0.8716,0.8431,0.7921,0.9086,0.9001,0.8326,0.7932,0.8373,0.8505,0.9132,0.8908,0.8926,0.8576,0.8333,0.7559,0.861,0.8067
1040500139,Telkom University Jakarta,85.38,Computer Networking,Supply Chain & CRM,Programming & Algorithm,Financial Technology,Smart City & E-Government,Project Management,0.8459,0.8204,0.8467,0.9272,0.8579,0.8479,0.8477,0.7794,0.8926,0.8706,0.8552,0.8429,0.8508,0.8688,0.8432,0.8956,0.7745,0.8273,0.7789,0.8465,0.8336,0.9014,0.8765,0.8672
1040500140,Telkom University Jakarta,85.15,Smart City & E-Government,IT Governance,Information Security & Risk Management,Web Development,Project Management,Computer Networking,0.8438,0.8398,0.9061,0.7844,0.8702,0.8752,0.8559,0.8972,0.8849,0.9166,0.9132,0.874,0.8562,0.8485,0.8149,0.8573,0.7877,0.8819,0.9266,0.8382,0.8823,0.8149,0.8159,0.7978
1040500141,Telkom University Jakarta,58.31,Cloud Computing,Supply Chain & CRM,Data Mining & Analytics,Human Resource Management,Smart City & E-Government,Project Management,0.5623,0.5815,0.6411,0.6089,0.6235,0.5865,0.6062,0.5878,0.541,0.5917,0.6216,0.5689,0.5709,0.5992,0.5742,0.6195,0.5042,0.567,0.5358,0.5796,0.6093,0.6255,0.5519,0.6155
1040500142,Telkom University Jakarta,83.83,Artificial Intelligence,Natural Language Processing,Mobile Development,Information Security & Risk Management,Programming & Algorithm,Project Management,0.9453,0.8284,0.849,0.8428,0.8281,0.8572,0.8652,0.8071,0.8704,0.8504,0.7994,0.8985,0.8998,0.9144,0.8418,0.7966,0.7769,0.8087,0.8175,0.8192,0.81,0.839,0.8767,0.8527
1040500143,Telkom University Jakarta,84.19,Smart City & E-Government,Database & Data Management,IT Governance,UI/UX & Interaction Design,Mobile Development,Innovation & Digital Business,0.8213,0.835,0.8659,0.8284,0.8551,0.8812,0.8359,0.8534,0.8332,0.8741,0.8546,0.7917,0.7988,0.8273,0.8529,0.8258,0.8144,0.8167,0.9427,0.837,0.8679,0.8626,0.8117,0.8415
1040500144,Telkom University Jakarta,57.95,IT Governance,Data Mining & Analytics,Project Management,Innovation & Digital Business,Information Security & Risk Management,Smart City & E-Government,0.5707,0.5862,0.577,0.5853,0.6321,0.5915,0.5594,0.5699,0.5858,0.6782,0.5182,0.5408,0.5669,0.6023,0.5933,0.5832,0.6253,0.5878,0.4452,0.5911,0.6011,0.6174,0.5569,0.5863
1040500145,Telkom University Jakarta,87.69,Computer Networking,Innovation & Digital Business,Research & Academic Writing,Programming & Algorithm,Cloud Computing,Natural Language Processing,0.8873,0.8649,0.807,0.9613,0.8833,0.8827,0.8869,0.8719,0.8863,0.8647,0.8715,0.9375,0.8486,0.8014,0.8715,0.8293,0.9241,0.9246,0.8367,0.8597,0.8696,0.9197,0.9052,0.901
1040500146,Telkom University Jakarta,84.02,Smart City & E-Government,Financial Technology,UI/UX & Interaction Design,Cloud Computing,Project Management,Artificial Intelligence,0.7643,0.8386,0.7908,0.9066,0.8353,0.8271,0.8562,0.9215,0.8832,0.8025,0.8043,0.867,0.8226,0.8995,0.8266,0.8234,0.7754,0.8075,0.9261,0.8378,0.7942,0.8686,0.9194,0.8365
1040500147,Telkom University Jakarta,85.19,Smart City & E-Government,Financial Technology,Project Management,Innovation & Digital Business,Research & Academic Writing,Mobile Development,0.8226,0.8661,0.8219,0.8674,0.8769,0.8133,0.8674,0.8966,0.8768,0.8791,0.878,0.8006,0.7067,0.8882,0.8647,0.8692,0.8962,0.7839,0.9476,0.8685,0.8432,0.8748,0.8345,0.8695
1040500148,Telkom University Jakarta,74.17,Statistics & Mathematics,Smart City & E-Government,Programming & Algorithm,Mobile Development,Information Security & Risk Management,Research & Academic Writing,0.7517,0.732,0.7803,0.7425,0.7948,0.742,0.7534,0.7253,0.7293,0.7413,0.6871,0.7555,0.6982,0.7447,0.7409,0.8011,0.6996,0.6854,0.8175,0.739,0.8296,0.7646,0.7019,0.7082
1040500149,Telkom University Jakarta,57.83,Cloud Computing,Project Management,Smart City & E-Government,Computer Networking,Supply Chain & CRM,IT Governance,0.536,0.5998,0.6629,0.516,0.5947,0.5767,0.5693,0.5544,0.5502,0.4702,0.5857,0.586,0.6221,0.5964,0.5827,0.5518,0.6572,0.6057,0.6246,0.5985,0.5679,0.5002,0.6111,0.5703
1040500150,Telkom University Jakarta,56.75,Human Resource Management,Artificial Intelligence,Project Management,Programming & Algorithm,Statistics & Mathematics,Mobile Development,0.6227,0.5706,0.5323,0.581,0.5785,0.5904,0.5693,0.5554,0.6541,0.6063,0.6184,0.5881,0.4848,0.6052,0.5713,0.5299,0.6201,0.5811,0.5512,0.5778,0.5146,0.571,0.5342,0.5409
