nim,kampus,ADOPSI_TEKNOLOGI_INFORMASI__CLO1-01,ADOPSI_TEKNOLOGI_INFORMASI__CLO1-02,ADOPSI_TEKNOLOGI_INFORMASI__CLO1-03,ADOPSI_TEKNOLOGI_INFORMASI__CLO1-04,ADOPSI_TEKNOLOGI_INFORMASI__CLO2-01,ADOPSI_TEKNOLOGI_INFORMASI__CLO2-02,ADOPSI_TEKNOLOGI_INFORMASI__CLO3-01,ADOPSI_TEKNOLOGI_INFORMASI__CLO3-02,ALGORITMA_DAN_PEMROGRAMAN__CLO1-01,ALGORITMA_DAN_PEMROGRAMAN__CLO1-02,ALGORITMA_DAN_PEMROGRAMAN__CLO1-03,ALGORITMA_DAN_PEMROGRAMAN__CLO1-04,ALGORITMA_DAN_PEMROGRAMAN__CLO1-05,ALGORITMA_DAN_PEMROGRAMAN__CLO1-06,ALGORITMA_DAN_PEMROGRAMAN__CLO1-07,ALGORITMA_DAN_PEMROGRAMAN__CLO1-08,ALGORITMA_DAN_PEMROGRAMAN__CLO1-09,ALGORITMA_DAN_PEMROGRAMAN__CLO1-10,ALGORITMA_DAN_PEMROGRAMAN__CLO1-11,ALGORITMA_DAN_PEMROGRAMAN__CLO1-12,ALGORITMA_DAN_PEMROGRAMAN__CLO1-13,ALGORITMA_DAN_PEMROGRAMAN__CLO2-01,ALGORITMA_DAN_PEMROGRAMAN__CLO3-01,ANALISIS_DAN_PERANCANGAN_SISTEM_INFORMASI__CLO1,ANALISIS_DAN_PERANCANGAN_SISTEM_INFORMASI__CLO1-01,ANALISIS_DAN_PERANCANGAN_SISTEM_INFORMASI__CLO2,ANALISIS_DAN_PERANCANGAN_SISTEM_INFORMASI__CLO3,ANALISIS_DAN_PERANCANGAN_SISTEM_INFORMASI__CLO4,ARSITEKTUR_DAN_PENGEMBANGAN_BACKEND__CLO1-01,ARSITEKTUR_DAN_PENGEMBANGAN_BACKEND__CLO1-02,ARSITEKTUR_DAN_PENGEMBANGAN_BACKEND__CLO2-02,ARSITEKTUR_DAN_PENGEMBANGAN_BACKEND__CLO2-03,ARSITEKTUR_DAN_PENGEMBANGAN_BACKEND__CLO2-05,ARSITEKTUR_DAN_PENGEMBANGAN_BACKEND__CLO3-01,ARSITEKTUR_DAN_PENGEMBANGAN_BACKEND__CLO3-03,ARSITEKTUR_DAN_PENGEMBANGAN_BACKEND__CLO3-04,ARSITEKTUR_DAN_PENGEMBANGAN_BACKEND__CLO3-05,ARSITEKTUR_ENTERPRISE__CLO1-01,ARSITEKTUR_ENTERPRISE__CLO2-02,ARSITEKTUR_ENTERPRISE__CLO3-03,ARSITEKTUR_ENTERPRISE__CLO3-04,BAHASA_INGGRIS_II__CLO1,BAHASA_INGGRIS_II__CLO2,BAHASA_INGGRIS_II__CLO3,BAHASA_INGGRIS_II__CLO4,CAPSTONE_DESIGN_AND_PROJECT__CLO1-01,CAPSTONE_DESIGN_AND_PROJECT__CLO1-02,CAPSTONE_DESIGN_AND_PROJECT__CLO2-01,CAPSTONE_DESIGN_AND_PROJECT__CLO2-02,CAPSTONE_DESIGN_AND_PROJECT__CLO2-03,CAPSTONE_DESIGN_AND_PROJECT__CLO2-04,CAPSTONE_DESIGN_AND_PROJECT__CLO3-01,CAPSTONE_DESIGN_AND_PROJECT__CLO4-01,CAPSTONE_DESIGN_AND_PROJECT__CLO5-01,CAPSTONE_DESIGN_AND_PROJECT__CLO6-01,CAPSTONE_DESIGN_AND_PROJECT__CLO6-02,DASAR_KEUANGAN_SISTEM_INFORMASI__CLO1,DASAR_KEUANGAN_SISTEM_INFORMASI__CLO2,DASAR_KEUANGAN_SISTEM_INFORMASI__CLO3,DASAR_KEUANGAN_SISTEM_INFORMASI__CLO4,DATA_WAREHOUSE_DAN_BUSINESS_INTELLIGENCE__CLO1,DATA_WAREHOUSE_DAN_BUSINESS_INTELLIGENCE__CLO2,DATA_WAREHOUSE_DAN_BUSINESS_INTELLIGENCE__CLO3,DATA_WAREHOUSE_DAN_BUSINESS_INTELLIGENCE__CLO4,DESIGN_THINKING__CLO1-01,DESIGN_THINKING__CLO1-02,DESIGN_THINKING__CLO2-01,DESIGN_THINKING__CLO3-01,ETIKA_PROFESI_REGULASI_TEKNOLOGI_INFORMASI_DAN_PROPERTI_INTELEKTUAL__CLO1-01,ETIKA_PROFESI_REGULASI_TEKNOLOGI_INFORMASI_DAN_PROPERTI_INTELEKTUAL__CLO1-02,ETIKA_PROFESI_REGULASI_TEKNOLOGI_INFORMASI_DAN_PROPERTI_INTELEKTUAL__CLO2-03,ETIKA_PROFESI_REGULASI_TEKNOLOGI_INFORMASI_DAN_PROPERTI_INTELEKTUAL__CLO2-04,ETIKA_PROFESI_REGULASI_TEKNOLOGI_INFORMASI_DAN_PROPERTI_INTELEKTUAL__CLO2-05,IMPLEMENTASI_ARSITEKTUR_ENTERPRISE__CLO1,IMPLEMENTASI_ARSITEKTUR_ENTERPRISE__CLO2,IMPLEMENTASI_ARSITEKTUR_ENTERPRISE__CLO3,INTEGRASI_APLIKASI_ENTERPRISE__CLO1-01,INTEGRASI_APLIKASI_ENTERPRISE__CLO2-02,INTEGRASI_APLIKASI_ENTERPRISE__CLO2-03,JARINGAN_KOMPUTER__CLO1-01,JARINGAN_KOMPUTER__CLO2-02,JARINGAN_KOMPUTER__CLO3-03,KEAMANAN_SISTEM_INFORMASI__CLO1,KEAMANAN_SISTEM_INFORMASI__CLO2,KEAMANAN_SISTEM_INFORMASI__CLO3,KEAMANAN_SISTEM_INFORMASI__CLO4,KEPEMIMPINAN_DAN_KOMUNIKASI_INTERPERSONAL__CLO1,KEPEMIMPINAN_DAN_KOMUNIKASI_INTERPERSONAL__CLO2,KEPEMIMPINAN_DAN_KOMUNIKASI_INTERPERSONAL__CLO3,KEPEMIMPINAN_DAN_KOMUNIKASI_INTERPERSONAL__CLO4,KERJA_PRAKTEK_DAN_PENGABDIAN_MASYARAKAT__CLO1-01,KERJA_PRAKTEK_DAN_PENGABDIAN_MASYARAKAT__CLO2-01,KERJA_PRAKTEK_DAN_PENGABDIAN_MASYARAKAT__CLO3-01,KERJA_PRAKTEK_DAN_PENGABDIAN_MASYARAKAT__CLO4-01,KOMPUTASI_AWAN__CLO1,KOMPUTASI_AWAN__CLO2,KOMPUTASI_AWAN__CLO3,KOMPUTASI_AWAN__CLO4,MANAJEMEN_DATA_ENTERPRISE__CLO1-01,MANAJEMEN_DATA_ENTERPRISE__CLO3-01,MANAJEMEN_DATA_ENTERPRISE__CLO5-01,MANAJEMEN_PROYEK_SISTEM_INFORMASI__CLO1,MANAJEMEN_PROYEK_SISTEM_INFORMASI__CLO2,MANAJEMEN_PROYEK_SISTEM_INFORMASI__CLO3,MANAJEMEN_PROYEK_SISTEM_INFORMASI__CLO3-01,MANAJEMEN_PROYEK_SISTEM_INFORMASI__CLO3-02,MANAJEMEN_PROYEK_SISTEM_INFORMASI__CLO3-03,MANAJEMEN_PROYEK_SISTEM_INFORMASI__CLO3-04,MANAJEMEN_PROYEK_SISTEM_INFORMASI__CLO3-05,MANAJEMEN_PROYEK_SISTEM_INFORMASI__CLO3-06,MANAJEMEN_PROYEK_SISTEM_INFORMASI__CLO3-07,MANAJEMEN_PROYEK_SISTEM_INFORMASI__CLO4-01,MANAJEMEN_PROYEK_SISTEM_INFORMASI__CLO4-02,MANAJEMEN_PROYEK_SISTEM_INFORMASI__CLO4-03,MANAJEMEN_PROYEK_SISTEM_INFORMASI__CLO4-04,MANAJEMEN_PROYEK_SISTEM_INFORMASI__CLO4-05,MANAJEMEN_PROYEK_SISTEM_INFORMASI__CLO4-06,MANAJEMEN_PROYEK_SISTEM_INFORMASI__CLO4-07,MANAJEMEN_PROYEK_SISTEM_INFORMASI__CLO4-08,MANAJEMEN_PROYEK_SISTEM_INFORMASI__CLO5,MANAJEMEN_PROYEK_SISTEM_INFORMASI__CLO5-01,MANAJEMEN_PROYEK_SISTEM_INFORMASI__CLO5-02,MANAJEMEN_PROYEK_SISTEM_INFORMASI__CLO5-03,MANAJEMEN_PROYEK_SISTEM_INFORMASI__CLO5-04,MANAJEMEN_PROYEK_SISTEM_INFORMASI__CLO5-05,MANAJEMEN_PROYEK_SISTEM_INFORMASI__CLO5-06,MANAJEMEN_PROYEK_SISTEM_INFORMASI__CLO5-07,MANAJEMEN_RANTAI_PASOK__CLO2-01a,MANAJEMEN_RANTAI_PASOK__CLO2-02,MANAJEMEN_RANTAI_PASOK__CLO2-03,MANAJEMEN_RANTAI_PASOK__CLO2-04,MANAJEMEN_RANTAI_PASOK__CLO6-01,MANAJEMEN_RANTAI_PASOK__CLO1,MANAJEMEN_RANTAI_PASOK__CLO1-01,MANAJEMEN_RANTAI_PASOK__CLO1-02,MANAJEMEN_RANTAI_PASOK__CLO1-03,MANAJEMEN_RANTAI_PASOK__CLO1-04,MANAJEMEN_RANTAI_PASOK__CLO2,MANAJEMEN_RANTAI_PASOK__CLO2-01b,MANAJEMEN_RISIKO_TEKNOLOGI_INFORMASI__CLO1-01,MANAJEMEN_RISIKO_TEKNOLOGI_INFORMASI__CLO1-02,MANAJEMEN_RISIKO_TEKNOLOGI_INFORMASI__CLO2-01,MANAJEMEN_RISIKO_TEKNOLOGI_INFORMASI__CLO2-02,MANAJEMEN_RISIKO_TEKNOLOGI_INFORMASI__CLO2-03,MANAJEMEN_RISIKO_TEKNOLOGI_INFORMASI__CLO2-04,MANAJEMEN_RISIKO_TEKNOLOGI_INFORMASI__CLO3-01,MANAJEMEN_RISIKO_TEKNOLOGI_INFORMASI__CLO3-02,MANAJEMEN_RISIKO_TEKNOLOGI_INFORMASI__CLO3-03,MANAJEMEN_SUMBER_DAYA_MANUSIA__CLO1-01,MANAJEMEN_SUMBER_DAYA_MANUSIA__CLO2-01,MANAJEMEN_SUMBER_DAYA_MANUSIA__CLO2-02,MANAJEMEN_SUMBER_DAYA_MANUSIA__CLO2-03,MANAJEMEN_SUMBER_DAYA_MANUSIA__CLO3-01,MANAJEMEN_SUMBER_DAYA_MANUSIA__CLO3-02,MANAJEMEN_SUMBER_DAYA_MANUSIA__CLO4-01,MANAJEMEN_SUMBER_DAYA_MANUSIA__CLO4-02,MANAJEMEN_SUMBER_DAYA_MANUSIA__CLO5-01,MANAJEMEN_SUMBER_DAYA_MANUSIA__CLO5-02,MATEMATIKA_DISKRIT__CLO1-01,MATEMATIKA_DISKRIT__CLO1-02,MATEMATIKA_DISKRIT__CLO1-03,MATEMATIKA_DISKRIT__CLO1-04,MATEMATIKA_DISKRIT__CLO1-05,MATEMATIKA_DISKRIT__CLO2-03,MATEMATIKA_DISKRIT__CLO2-04,MATEMATIKA_UNTUK_SISTEM_INFORMASI__CLO1-01,MATEMATIKA_UNTUK_SISTEM_INFORMASI__CLO1-02,MATEMATIKA_UNTUK_SISTEM_INFORMASI__CLO2-03,METODE_PENELITIAN_DAN_PENYUSUNAN_KARYA_ILMIAH__CLO1,METODE_PENELITIAN_DAN_PENYUSUNAN_KARYA_ILMIAH__CLO1-01,METODE_PENELITIAN_DAN_PENYUSUNAN_KARYA_ILMIAH__CLO1-02,METODE_PENELITIAN_DAN_PENYUSUNAN_KARYA_ILMIAH__CLO1-03,METODE_PENELITIAN_DAN_PENYUSUNAN_KARYA_ILMIAH__CLO1-04,METODE_PENELITIAN_DAN_PENYUSUNAN_KARYA_ILMIAH__CLO2,METODE_PENELITIAN_DAN_PENYUSUNAN_KARYA_ILMIAH__CLO2-01,METODE_PENELITIAN_DAN_PENYUSUNAN_KARYA_ILMIAH__CLO2-02,METODE_PENELITIAN_DAN_PENYUSUNAN_KARYA_ILMIAH__CLO2-03,METODE_PENELITIAN_DAN_PENYUSUNAN_KARYA_ILMIAH__CLO2-04,METODE_PENELITIAN_DAN_PENYUSUNAN_KARYA_ILMIAH__CLO3,METODE_PENELITIAN_DAN_PENYUSUNAN_KARYA_ILMIAH__CLO3-01,METODE_PENELITIAN_DAN_PENYUSUNAN_KARYA_ILMIAH__CLO3-02,METODE_PENELITIAN_DAN_PENYUSUNAN_KARYA_ILMIAH__CLO3-03,METODE_PENELITIAN_DAN_PENYUSUNAN_KARYA_ILMIAH__CLO3-04,METODE_PENELITIAN_DAN_PENYUSUNAN_KARYA_ILMIAH__CLO3-05,METODE_PENELITIAN_DAN_PENYUSUNAN_KARYA_ILMIAH__CLO3-06,METODE_PENELITIAN_DAN_PENYUSUNAN_KARYA_ILMIAH__CLO4,METODE_PENELITIAN_DAN_PENYUSUNAN_KARYA_ILMIAH__CLO4-01,METODE_PENELITIAN_DAN_PENYUSUNAN_KARYA_ILMIAH__CLO4-02,METODE_PENELITIAN_DAN_PENYUSUNAN_KARYA_ILMIAH__CLO4-03,METODE_PENELITIAN_DAN_PENYUSUNAN_KARYA_ILMIAH__CLO4-04,PEMERINTAHAN_ELEKTRONIK_DAN_KOTA_CERDAS__CLO1-01,PEMERINTAHAN_ELEKTRONIK_DAN_KOTA_CERDAS__CLO1-02,PEMERINTAHAN_ELEKTRONIK_DAN_KOTA_CERDAS__CLO3-01,PEMERINTAHAN_ELEKTRONIK_DAN_KOTA_CERDAS__CLO4-01,PEMODELAN_PROSES_BISNIS__CLO1-01,PEMODELAN_PROSES_BISNIS__CLO1-02,PEMODELAN_PROSES_BISNIS__CLO2-01,PEMODELAN_PROSES_BISNIS__CLO3-01,PEMODELAN_PROSES_BISNIS__CLO4-01,PEMROGRAMAN_BERORIENTASI_OBJEK__CLO1-01,PEMROGRAMAN_BERORIENTASI_OBJEK__CLO2-02,PEMROGRAMAN_BERORIENTASI_OBJEK__CLO2-03,PEMROGRAMAN_BERORIENTASI_OBJEK__CLO3-04,PEMROGRAMAN_BERORIENTASI_OBJEK__CLO3-05,PEMROSESAN_BAHASA_ALAMI__CLO1-01,PEMROSESAN_BAHASA_ALAMI__CLO1-02,PEMROSESAN_BAHASA_ALAMI__CLO1-03,PEMROSESAN_BAHASA_ALAMI__CLO2-01,PEMROSESAN_BAHASA_ALAMI__CLO2-02,PEMROSESAN_BAHASA_ALAMI__CLO2-03,PEMROSESAN_BAHASA_ALAMI__CLO2-04,PEMROSESAN_BAHASA_ALAMI__CLO3-01,PEMROSESAN_BAHASA_ALAMI__CLO3-02,PEMROSESAN_BAHASA_ALAMI__CLO3-03,PEMROSESAN_BAHASA_ALAMI__CLO3-04,PENAMBANGAN_DATA__CLO1,PENAMBANGAN_DATA__CLO1-01,PENAMBANGAN_DATA__CLO1-02,PENAMBANGAN_DATA__CLO1-03,PENAMBANGAN_DATA__CLO2,PENAMBANGAN_DATA__CLO2-01,PENAMBANGAN_DATA__CLO2-02,PENAMBANGAN_DATA__CLO2-03,PENAMBANGAN_DATA__CLO3,PENAMBANGAN_DATA__CLO3-01,PENAMBANGAN_DATA__CLO3-02,PENAMBANGAN_DATA__CLO4,PENAMBANGAN_DATA__CLO4-01,PENGANTAR_SISTEM_INFORMASI__CLO1-02,PENGANTAR_SISTEM_INFORMASI__CLO2-01,PENGANTAR_SISTEM_INFORMASI__CLO2-04,PENGANTAR_SISTEM_INFORMASI__CLO3-03,PENGEMBANGAN_APLIKASI_BERGERAK__CLO1-01,PENGEMBANGAN_APLIKASI_BERGERAK__CLO1-02,PENGEMBANGAN_APLIKASI_BERGERAK__CLO2-01,PENGEMBANGAN_APLIKASI_BERGERAK__CLO3-01,PENGEMBANGAN_APLIKASI_BERGERAK__CLO3-02,PENGEMBANGAN_APLIKASI_BERGERAK__CLO3-03,PENGEMBANGAN_APLIKASI_WEBSITE__CLO1-01,PENGEMBANGAN_APLIKASI_WEBSITE__CLO1-02,PENGEMBANGAN_APLIKASI_WEBSITE__CLO2-01,PENGEMBANGAN_APLIKASI_WEBSITE__CLO2-02,PENGEMBANGAN_APLIKASI_WEBSITE__CLO2-03,PENGEMBANGAN_SISTEM_CERDAS__CLO1,PENGEMBANGAN_SISTEM_CERDAS__CLO2,PENGEMBANGAN_SISTEM_CERDAS__CLO3,PENGEMBANGAN_SISTEM_CERDAS__CLO4,PENGEMBANGAN_SISTEM_CERDAS__CLO5,PENGEMBANGAN_UI_LANJUT__CLO1-01,PENGEMBANGAN_UI_LANJUT__CLO1-02,PENGEMBANGAN_UI_LANJUT__CLO1-03,PENGEMBANGAN_UI_LANJUT__CLO2-01,PENGEMBANGAN_UI_LANJUT__CLO2-02,PENGEMBANGAN_UI_LANJUT__CLO3-01,PENGEMBANGAN_UI_LANJUT__CLO3-02,PENGEMBANGAN_UI_LANJUT__CLO3-03,PENGEMBANGAN_UI_LANJUT__CLO3-04,PENGEMBANGAN_UI_LANJUT__CLO3-05,PENGEMBANGAN_UI_LANJUT__CLO3-06,PENGEMBANGAN_UI_LANJUT__CLO4-01,PENGEMBANGAN_UI_LANJUT__CLO4-02,PENGEMBANGAN_UI_LANJUT__CLO5-01,PENGUJIAN_DAN_IMPLEMENTASI_SISTEM__CLO1-02,PENGUJIAN_DAN_IMPLEMENTASI_SISTEM__CLO1-03,PENGUJIAN_DAN_IMPLEMENTASI_SISTEM__CLO2-01,PENGUJIAN_DAN_IMPLEMENTASI_SISTEM__CLO2-02,PENGUJIAN_DAN_IMPLEMENTASI_SISTEM__CLO3-01,PENGUJIAN_DAN_IMPLEMENTASI_SISTEM__CLO3-02,PENGUJIAN_DAN_IMPLEMENTASI_SISTEM__CLO4-01,PENGUJIAN_DAN_IMPLEMENTASI_SISTEM__CLO4-03,PERANCANGAN_INTERAKSI__CLO1-01,PERANCANGAN_INTERAKSI__CLO1-02,PERANCANGAN_INTERAKSI__CLO2-01,PERANCANGAN_INTERAKSI__CLO3-01,PERANCANGAN_INTERAKSI__CLO3-02,PERANCANGAN_INTERAKSI__CLO3-03,PERANCANGAN_INTERAKSI__CLO3-04,PERANCANGAN_INTERAKSI__CLO4-01,PERANCANGAN_INTERAKSI__CLO5-01,PROBABILITAS_DAN_STATISTIK__CLO1-01,PROBABILITAS_DAN_STATISTIK__CLO1-02,PROBABILITAS_DAN_STATISTIK__CLO2-03,PROYEK_PERANGKAT_LUNAK__CLO1-01,PROYEK_PERANGKAT_LUNAK__CLO1-02,PROYEK_PERANGKAT_LUNAK__CLO2-01,PROYEK_PERANGKAT_LUNAK__CLO2-02,PROYEK_PERANGKAT_LUNAK__CLO3-01,PROYEK_PERANGKAT_LUNAK__CLO4-01,PROYEK_PERANGKAT_LUNAK__CLO4-02,PROYEK_PERANGKAT_LUNAK__CLO5-01,PROYEK_PERANGKAT_LUNAK__CLO5-02,REKAYASA_PROSES_BISNIS__CLO1,REKAYASA_PROSES_BISNIS__CLO2,REKAYASA_PROSES_BISNIS__CLO3,REKAYASA_PROSES_BISNIS__CLO4,SISTEM_BASIS_DATA__CLO1-01,SISTEM_BASIS_DATA__CLO2-02,SISTEM_BASIS_DATA__CLO2-03,SISTEM_BASIS_DATA__CLO3-04,SISTEM_BASIS_DATA__CLO4-05,SISTEM_ENTERPRISE__CLO1-02,SISTEM_ENTERPRISE__CLO1-04,SISTEM_ENTERPRISE__CLO2-01,SISTEM_ENTERPRISE__CLO2-03,SISTEM_ENTERPRISE__CLO2-05,SISTEM_INFORMASI_AKUNTANSI__CLO1,SISTEM_INFORMASI_AKUNTANSI__CLO2,SISTEM_INFORMASI_AKUNTANSI__CLO3,SISTEM_INFORMASI_AKUNTANSI__CLO4,SISTEM_MANAJEMEN_HUBUNGAN_PELANGGAN__CLO1,SISTEM_MANAJEMEN_HUBUNGAN_PELANGGAN__CLO2,SISTEM_MANAJEMEN_HUBUNGAN_PELANGGAN__CLO3,SISTEM_MANAJEMEN_HUBUNGAN_PELANGGAN__CLO4,SISTEM_MANAJEMEN_HUBUNGAN_PELANGGAN__CLO5,SISTEM_OPERASI__CLO1,SISTEM_OPERASI__CLO2,SISTEM_OPERASI__CLO3,SISTEM_OPERASI__CLO4,STATISTIKA_INDUSTRI__CLO1-01,STATISTIKA_INDUSTRI__CLO2-02,STATISTIKA_INDUSTRI__CLO3-03,TATA_KELOLA_DAN_MANAJEMEN_TEKNOLOGI_INFORMASI__CLO1-01,TATA_KELOLA_DAN_MANAJEMEN_TEKNOLOGI_INFORMASI__CLO2-02,TATA_KELOLA_DAN_MANAJEMEN_TEKNOLOGI_INFORMASI__CLO3-03,TATA_KELOLA_DAN_MANAJEMEN_TEKNOLOGI_INFORMASI__CLO3-04
1030500001,Telkom University Surabaya,100.0,80.7,86.71,92.52,87.24,84.4,93.73,90.87,79.54,70.77,76.8,84.05,77.02,76.29,75.1,81.46,75.52,77.35,68.21,78.44,69.57,79.66,72.02,82.68,83.68,87.28,89.67,96.26,90.55,86.44,90.35,79.9,86.61,97.72,78.1,90.75,87.22,79.88,84.58,92.67,97.36,98.43,95.11,89.77,94.4,93.49,90.7,80.65,88.23,89.25,93.3,89.44,100.0,98.8,87.24,91.2,77.26,79.88,83.63,78.22,77.16,87.41,72.59,89.38,85.77,82.96,74.78,91.62,97.28,83.07,93.62,86.36,89.99,94.73,90.95,96.6,91.4,94.63,76.38,94.44,73.27,88.36,79.91,93.38,89.43,84.72,87.65,93.22,87.56,99.67,80.38,85.52,90.19,76.71,78.33,77.6,75.51,61.85,95.26,83.62,100.0,76.54,98.7,83.69,83.17,85.48,84.58,93.91,85.8,90.09,84.96,93.37,98.77,83.03,87.65,87.23,79.57,83.75,81.08,89.91,93.32,78.74,87.71,89.11,91.96,91.21,94.62,90.82,83.21,88.57,92.82,84.99,92.5,87.46,89.18,85.56,92.54,86.79,87.02,84.93,93.43,92.75,88.96,90.4,89.49,81.93,86.4,93.08,78.88,82.07,86.85,74.12,89.91,91.15,82.82,82.99,78.32,87.33,73.86,74.6,78.77,71.35,68.29,79.55,77.87,82.4,81.16,88.49,100.0,83.77,94.14,91.48,82.58,80.03,87.45,92.47,100.0,100.0,94.9,94.62,92.74,86.95,88.08,85.47,87.07,94.55,87.44,87.01,90.4,85.32,72.94,72.08,73.77,93.41,89.56,94.48,88.88,80.47,93.31,78.71,78.41,81.33,82.11,89.12,80.6,73.95,81.32,88.2,82.77,81.2,72.35,87.24,91.49,83.17,83.41,76.53,75.4,67.34,68.83,74.71,65.16,80.02,66.61,82.99,76.38,67.68,64.14,80.43,86.17,81.08,100.0,90.9,87.46,80.35,90.75,86.58,84.5,91.67,76.64,77.8,85.88,83.24,77.24,100.0,97.63,86.66,88.78,89.48,82.66,86.43,88.86,69.67,81.31,79.9,85.34,85.35,86.21,79.37,89.5,75.95,90.0,86.9,74.48,70.08,79.05,70.7,74.63,78.18,70.9,67.54,93.98,100.0,99.13,75.21,89.74,92.78,100.0,93.7,93.35,86.75,71.31,80.06,84.93,83.64,71.49,79.4,84.96,79.08,82.03,70.86,85.24,85.96,80.15,83.36,78.47,78.76,87.41,80.2,87.72,100.0,85.1,87.02,85.31,73.5,81.49,70.06,88.8,79.93,82.41,81.28,82.61,91.07,74.16,81.5,66.9,83.04,69.29,82.74,91.52,86.25,97.05,92.63,84.33,85.43,78.59
1030500002,Telkom University Surabaya,70.67,73.54,78.72,68.36,71.03,74.41,68.55,86.61,82.27,81.32,75.01,76.91,73.42,83.07,77.67,72.64,69.75,68.03,68.7,77.87,86.96,77.25,74.51,70.76,65.17,73.18,78.18,76.16,84.65,75.57,83.43,72.66,82.74,83.04,74.16,78.84,78.15,78.19,81.63,82.77,71.9,81.12,75.44,79.01,86.94,74.96,68.65,61.03,70.57,76.04,68.02,77.51,61.86,66.5,79.8,76.67,77.52,62.87,77.2,52.73,62.12,62.48,60.47,55.78,71.08,82.49,80.71,81.5,80.0,72.72,67.13,78.78,85.5,78.5,76.93,76.53,73.11,77.8,86.17,83.26,79.64,86.51,82.17,72.99,85.49,85.98,70.43,63.02,64.25,58.7,79.57,69.12,70.67,76.84,78.4,70.84,61.81,81.21,74.95,88.04,75.63,73.67,82.29,74.15,82.08,81.44,84.97,78.9,70.31,76.63,77.65,74.26,83.44,76.27,73.39,75.04,76.01,84.05,91.24,83.25,81.31,80.17,87.19,84.39,89.96,79.73,84.39,80.05,88.55,74.55,77.09,88.84,80.66,76.95,77.1,83.17,79.68,86.9,85.02,76.63,63.12,75.92,69.26,68.02,71.34,72.61,84.33,66.05,78.14,64.4,70.75,85.36,70.14,66.48,59.31,81.76,60.76,70.19,69.85,66.05,76.02,77.17,72.8,64.8,77.75,57.38,82.23,70.79,74.26,73.9,77.95,79.76,71.92,81.14,83.54,70.87,88.55,71.33,78.37,81.79,79.88,84.99,79.8,70.7,74.61,76.35,88.97,77.11,72.41,93.86,69.59,72.35,64.28,73.85,86.75,88.14,84.25,84.45,79.58,76.97,82.29,76.58,82.82,82.71,77.69,78.45,84.02,77.13,80.98,78.2,82.4,77.89,76.42,82.05,76.49,81.41,84.57,84.6,78.37,82.44,95.99,78.5,81.0,80.91,76.29,78.64,74.58,81.92,75.27,71.18,74.58,71.13,65.24,68.65,61.22,72.16,60.16,62.89,60.17,62.42,77.64,71.76,76.3,82.33,66.32,79.45,74.36,75.94,67.09,80.75,66.3,60.42,74.02,74.18,65.82,70.32,66.31,66.71,66.04,73.91,61.85,59.99,80.7,71.43,73.48,62.8,81.35,60.69,73.25,74.59,68.34,68.67,71.34,70.65,72.05,75.3,73.44,73.04,63.02,61.6,73.55,63.7,77.38,90.08,88.86,92.86,88.61,87.96,86.16,86.5,90.8,62.12,60.33,76.41,73.25,91.16,85.46,91.27,85.32,90.13,81.55,80.94,81.68,82.25,75.35,74.67,79.04,80.73,68.43,74.12,75.87,71.71,78.53,66.08,75.44,78.57,66.36,65.59,60.0,66.94,59.69,70.82,77.84,89.51,81.09
1030500003,Telkom University Surabaya,58.72,76.51,73.05,75.78,79.95,64.99,71.77,66.02,93.15,98.61,89.25,94.48,84.67,88.36,99.13,95.27,83.69,95.1,89.95,83.56,87.57,89.6,98.59,79.07,73.94,68.87,92.34,76.28,84.21,70.59,74.25,76.68,80.99,76.88,89.76,87.92,83.33,83.79,81.96,95.59,79.9,82.44,73.56,82.6,91.9,74.72,94.09,88.3,74.06,71.88,74.78,77.24,72.57,90.86,81.86,80.4,81.25,70.75,75.72,82.33,85.68,94.91,94.49,94.9,88.87,86.75,86.33,89.58,95.84,80.55,95.74,81.51,93.16,93.83,92.36,85.11,85.4,92.99,87.86,76.93,83.46,79.59,79.7,78.91,75.3,77.54,85.65,91.41,92.25,79.57,79.68,79.5,70.06,75.72,99.23,86.82,84.22,85.3,81.73,81.23,90.57,71.02,79.53,91.96,81.0,89.97,74.56,71.52,92.24,84.04,87.29,77.03,80.38,88.4,73.25,82.95,88.96,78.77,87.68,76.92,85.08,76.9,69.57,88.9,84.67,85.0,85.55,83.71,80.29,78.03,75.11,92.43,74.38,72.96,79.54,79.72,84.32,73.66,85.91,86.12,77.47,100.0,87.71,91.75,96.61,95.07,82.14,78.1,83.27,98.04,79.43,81.49,93.78,85.2,93.49,92.14,89.05,81.5,68.31,71.09,65.53,69.45,66.49,74.85,75.13,82.04,86.23,80.37,92.04,84.29,79.05,75.93,86.91,88.21,86.49,88.98,82.88,87.39,83.22,76.96,75.92,76.1,70.35,72.81,82.97,70.51,76.71,80.27,87.32,96.45,78.98,73.54,77.73,88.16,93.37,94.65,94.32,80.15,78.87,71.31,77.27,78.47,84.28,81.33,75.8,83.93,77.25,89.91,82.74,84.95,82.33,76.4,78.58,84.24,82.29,83.06,79.36,79.79,83.01,67.27,74.64,81.22,71.45,78.26,79.52,68.68,85.95,81.95,88.7,81.19,95.08,75.81,82.07,75.22,92.21,78.45,84.4,77.27,82.3,93.11,88.75,79.34,97.19,82.01,79.18,63.41,84.37,78.13,95.39,96.57,78.96,83.73,100.0,83.21,96.48,92.8,89.84,85.15,87.25,91.03,86.96,91.64,77.54,79.93,81.27,85.52,85.81,80.08,91.32,83.17,90.54,99.48,94.23,91.18,93.04,80.17,87.66,81.24,85.48,95.14,82.57,99.52,77.11,86.04,87.81,84.43,82.04,76.42,91.54,95.84,74.09,75.15,81.25,71.52,80.02,85.87,78.4,80.97,89.2,93.36,93.14,100.0,94.25,91.27,93.08,75.04,73.77,72.45,74.57,91.64,84.17,81.54,91.72,80.6,85.92,80.49,85.89,72.53,82.82,81.72,76.97,92.99,90.45,90.09,91.26
1030500004,Telkom University Surabaya,59.36,69.49,67.95,75.34,77.44,73.01,73.37,78.82,69.46,71.98,74.24,73.08,80.01,82.36,82.42,83.86,82.62,80.09,77.66,72.35,80.34,84.19,87.57,69.7,88.34,79.89,78.71,75.92,65.8,84.4,80.61,89.71,81.84,89.27,77.99,80.03,79.93,74.33,77.01,70.62,76.58,76.96,66.57,80.74,67.3,62.79,71.14,67.81,76.96,77.93,78.82,73.67,70.84,70.95,74.08,76.13,74.97,59.33,73.46,70.3,86.07,74.94,82.85,73.91,83.14,82.48,81.41,82.5,87.09,88.39,83.4,86.14,78.13,78.56,72.24,78.45,84.07,73.42,77.64,76.83,66.3,66.55,73.78,67.57,66.93,78.16,84.85,73.96,79.14,80.84,61.34,73.33,79.19,77.58,78.82,73.54,83.02,77.01,76.41,64.84,80.42,64.96,69.35,68.74,74.27,62.62,66.95,67.73,61.97,77.61,69.62,60.06,55.92,71.84,68.08,72.55,71.67,65.24,60.95,76.02,69.5,59.56,80.3,69.96,60.68,63.73,72.42,69.46,72.16,74.17,77.59,80.46,77.64,67.31,83.98,78.54,69.2,83.88,78.44,80.92,74.69,69.13,71.34,77.13,73.27,72.36,62.24,68.57,75.77,83.4,82.71,82.37,84.85,83.26,72.95,78.67,80.24,84.91,73.75,76.87,82.77,79.16,90.12,74.2,85.74,74.16,72.2,79.57,93.78,64.26,76.42,71.21,80.97,77.32,83.94,70.33,73.04,77.01,73.68,66.87,78.78,82.77,78.83,89.6,79.64,83.21,80.52,82.12,82.39,85.8,69.85,71.79,72.23,71.9,69.1,54.18,66.13,78.14,76.39,81.77,83.24,82.52,92.66,80.91,80.59,78.23,70.86,68.01,71.64,72.91,70.96,72.93,68.51,71.42,73.85,64.13,66.36,62.16,61.65,65.64,69.78,64.61,66.32,66.43,64.42,68.89,65.25,72.79,69.12,73.81,71.41,70.57,70.04,78.08,75.8,83.51,73.88,78.61,72.43,75.08,69.21,77.38,80.79,89.93,80.37,81.87,87.16,89.94,77.27,86.09,82.33,81.67,89.47,69.03,75.57,77.26,83.17,73.98,83.41,75.98,83.36,79.27,81.55,64.13,74.64,72.53,68.94,73.14,67.16,71.31,77.63,82.22,83.2,80.31,84.76,79.25,82.69,74.1,78.46,60.24,69.83,62.29,79.16,84.15,73.49,81.58,81.38,75.2,81.92,70.47,81.57,81.76,76.03,71.65,67.92,88.5,64.31,74.85,77.05,74.46,80.46,89.87,80.42,85.63,82.35,60.75,72.36,61.69,71.37,85.53,74.11,79.29,92.94,76.62,84.63,85.01,77.77,84.91,69.64,83.4,78.82,60.54,70.64,63.77,67.26
1030500005,Telkom University Surabaya,93.63,86.89,85.49,83.88,89.77,86.31,85.31,77.05,71.17,69.8,75.87,66.99,76.41,77.5,74.37,78.81,87.3,77.31,86.41,82.31,75.49,82.93,85.18,91.12,78.55,89.62,84.77,88.09,81.39,87.67,74.97,85.65,66.8,85.86,79.51,79.54,85.44,100.0,76.32,86.52,99.25,87.63,84.63,86.27,93.38,93.2,84.53,81.17,82.16,72.88,90.59,80.23,78.41,76.26,89.7,86.99,77.54,83.9,86.77,96.54,85.56,75.0,79.41,84.51,94.23,93.2,92.79,88.61,84.41,84.1,74.96,81.6,78.18,81.9,82.5,79.98,79.33,83.15,85.08,77.33,90.49,75.48,76.43,81.91,80.41,81.72,67.11,73.45,83.36,81.18,83.95,86.46,91.56,83.48,76.27,71.49,76.64,81.59,81.21,99.23,88.1,60.8,76.2,66.97,65.18,70.95,61.38,69.28,78.02,70.5,59.0,68.4,70.37,63.48,63.98,65.95,74.4,61.72,77.88,80.25,75.41,72.21,68.26,61.64,69.18,78.96,68.46,88.38,80.75,80.63,83.39,75.88,75.75,76.76,77.66,77.78,85.09,78.55,77.6,82.85,66.69,79.29,80.63,85.99,84.44,86.34,87.58,87.1,88.36,90.73,93.02,98.82,85.16,77.65,94.05,81.12,90.88,93.34,79.46,65.93,79.9,78.5,80.01,62.83,81.14,85.58,100.0,83.2,92.38,90.0,86.93,92.15,77.76,77.58,100.0,87.84,76.83,87.14,83.58,83.49,84.44,85.3,75.08,81.15,84.98,92.87,79.03,75.6,82.25,83.84,86.87,89.88,100.0,100.0,90.54,89.56,96.85,90.6,100.0,84.16,77.67,87.67,83.29,86.91,96.57,83.96,92.4,95.02,98.65,99.66,92.53,92.31,86.72,89.11,91.29,93.62,91.74,92.06,85.84,82.67,93.62,92.22,89.16,86.3,88.21,91.29,91.02,87.66,80.96,93.44,87.76,95.44,80.83,79.78,94.24,78.15,80.16,80.27,78.5,93.32,80.88,80.91,86.44,85.98,92.46,84.3,83.26,80.55,69.62,82.97,81.94,71.53,77.95,69.29,74.73,76.33,84.14,89.24,78.75,78.93,83.11,82.91,63.94,78.87,76.89,76.07,76.85,74.54,68.53,81.3,99.37,77.01,74.59,85.6,85.12,90.23,86.15,87.48,93.28,81.02,80.26,72.56,94.08,91.64,87.61,83.62,92.24,89.88,96.43,94.48,93.58,87.4,89.17,82.84,87.57,97.62,94.43,75.43,75.84,81.26,80.29,84.27,94.31,95.8,85.66,88.68,91.91,100.0,100.0,83.52,99.05,85.19,70.75,93.68,88.59,95.42,82.56,92.21,90.54,86.6,85.39,55.73,59.13,66.2,68.81
1030500006,Telkom University Surabaya,96.72,90.19,88.02,97.35,92.33,87.62,93.81,89.31,80.19,87.73,85.19,84.46,85.34,84.13,80.75,78.48,97.7,93.28,79.2,78.28,85.77,89.25,84.77,70.81,85.13,77.29,75.94,84.3,91.3,80.39,80.47,85.62,80.34,79.05,88.46,89.79,79.46,77.98,83.48,75.72,72.12,93.28,93.64,82.26,86.58,91.61,79.37,84.9,100.0,80.97,92.61,88.87,95.73,83.35,87.94,84.15,78.59,82.53,82.18,84.68,73.42,84.51,81.5,83.71,86.49,77.66,84.67,87.1,92.85,82.21,79.58,98.24,93.35,67.14,69.47,71.76,98.39,93.85,89.08,89.48,97.61,79.32,100.0,83.98,91.87,88.22,79.5,84.56,80.55,63.88,97.63,95.15,95.54,82.84,80.36,75.94,87.72,73.35,83.38,77.35,95.02,82.18,77.63,95.67,93.06,84.73,85.31,95.62,75.33,81.63,91.96,85.66,92.16,96.63,95.7,92.79,84.82,96.97,85.22,91.77,95.6,93.88,85.32,85.12,92.37,82.16,83.44,86.45,85.48,83.14,67.53,86.2,95.28,88.09,92.46,82.7,85.74,78.34,100.0,78.1,94.87,96.27,82.47,85.27,86.28,92.59,84.31,90.72,72.68,80.83,70.04,77.28,77.93,75.68,81.51,85.53,79.51,76.56,83.15,74.84,84.56,84.12,88.07,70.9,79.72,82.26,71.14,87.06,90.81,88.08,80.78,82.72,85.03,78.57,78.24,84.62,93.66,83.44,83.76,74.97,78.82,77.17,81.74,84.76,82.53,80.49,75.27,73.15,91.22,81.02,91.65,94.09,88.74,97.27,61.29,64.64,71.14,76.35,74.41,91.74,86.77,88.99,78.24,80.87,90.52,91.04,94.58,88.47,97.9,92.74,89.01,89.72,92.28,96.33,93.86,87.21,85.42,88.61,89.39,76.13,76.66,89.86,84.59,96.93,82.5,88.61,82.88,84.9,87.24,90.46,95.11,91.67,86.29,91.85,86.48,80.19,80.24,90.84,87.15,92.45,86.09,90.68,89.39,81.99,81.44,72.32,82.05,83.56,96.64,92.66,95.61,93.1,92.24,76.77,86.32,86.25,85.28,83.8,91.11,87.19,93.19,84.32,86.81,91.24,91.55,83.69,77.79,82.79,99.57,83.68,90.22,96.9,92.26,100.0,88.75,96.15,80.28,84.36,89.76,100.0,87.16,100.0,96.8,91.6,91.72,100.0,85.95,97.68,86.66,87.81,96.94,85.32,88.52,78.05,86.48,90.41,99.0,82.45,97.83,86.79,78.19,72.6,69.73,86.22,76.24,90.94,79.5,95.86,87.89,83.42,96.28,90.43,88.86,80.8,79.9,93.62,84.91,86.7,60.35,73.7,66.62,95.07,89.11,81.48,89.86
1030500007,Telkom University Surabaya,83.92,88.55,85.3,97.71,92.02,89.86,90.36,73.63,86.04,87.79,74.72,95.08,93.87,80.86,79.59,88.05,80.38,88.39,87.6,87.14,85.37,88.49,93.6,82.72,86.18,89.77,95.35,87.66,93.26,83.03,83.03,87.41,82.01,85.66,72.01,80.3,83.74,74.69,78.92,86.28,83.29,88.06,90.09,76.65,80.69,92.43,94.18,88.62,93.96,92.87,93.16,89.8,100.0,90.1,96.37,91.9,84.99,79.41,84.06,76.81,80.84,74.96,86.21,75.01,80.61,91.29,86.48,89.29,87.0,86.22,83.56,80.1,92.34,90.73,97.1,89.49,75.21,66.15,71.08,85.62,93.39,83.66,75.88,81.75,84.55,85.64,81.15,78.66,71.09,65.32,82.84,85.9,72.15,70.85,86.6,73.36,80.94,77.56,69.93,89.52,89.52,83.3,92.03,85.23,93.56,85.11,87.1,82.77,92.65,81.25,87.24,87.83,97.39,87.38,85.93,100.0,93.8,89.67,95.71,90.18,81.53,90.76,85.62,80.06,85.72,98.17,90.42,76.3,83.84,78.36,84.8,79.64,74.64,80.21,81.16,89.87,79.34,85.38,77.92,90.41,92.25,81.81,97.41,95.69,87.1,91.54,88.16,94.92,77.22,76.12,90.36,79.86,77.1,78.84,74.9,82.71,82.57,73.27,87.65,85.08,81.01,78.76,81.26,91.18,75.98,100.0,96.39,100.0,88.73,71.38,82.99,82.7,89.42,85.51,72.88,78.14,88.58,92.28,86.92,85.77,83.0,92.1,92.58,77.1,85.44,90.82,75.38,84.43,71.63,93.34,97.5,81.4,91.21,92.78,92.92,89.26,84.82,100.0,89.26,96.63,84.36,87.69,86.66,100.0,78.97,83.63,76.74,81.23,90.77,91.0,86.64,81.95,77.56,80.12,78.02,82.41,83.13,82.1,78.49,80.15,78.94,74.7,83.36,77.44,88.0,80.64,80.14,86.19,82.14,86.25,73.94,81.36,87.8,91.22,85.62,78.85,95.27,93.29,81.47,82.88,88.57,88.27,91.26,77.47,84.24,88.36,80.31,89.66,82.68,91.13,82.06,86.09,98.75,82.73,84.79,84.42,97.31,78.08,87.85,82.32,73.74,86.33,89.92,85.36,89.19,91.64,83.97,96.95,89.92,84.95,96.68,97.35,83.26,90.98,82.99,92.95,99.07,88.66,88.77,85.83,86.66,96.55,72.38,78.03,73.61,75.91,79.08,81.72,88.3,95.58,81.54,74.31,81.25,65.3,89.82,94.28,100.0,91.97,78.0,94.36,79.09,97.83,85.63,85.42,99.34,86.67,87.26,90.25,71.14,91.27,90.43,95.5,87.18,85.03,70.09,77.79,78.78,78.48,88.3,93.15,96.01,98.95,88.57,99.77,89.3
1030500008,Telkom University Surabaya,87.06,82.57,88.83,80.65,81.29,88.78,87.76,90.92,99.63,89.7,77.63,83.23,90.92,92.08,85.46,92.9,82.61,79.25,78.29,75.72,85.32,89.12,79.16,76.19,79.17,71.76,78.04,90.9,82.8,86.46,81.16,85.67,80.9,89.75,82.32,92.28,86.26,77.51,90.06,80.49,79.85,72.02,73.95,70.38,65.31,78.73,73.5,68.66,66.07,71.32,78.22,72.22,66.34,76.87,82.43,67.68,96.89,85.89,100.0,85.92,86.74,83.3,81.95,88.52,91.51,87.26,89.1,86.41,95.72,80.79,90.1,84.98,91.44,82.72,88.98,81.74,84.83,97.61,87.28,85.71,83.96,84.64,87.34,83.88,89.8,92.39,79.77,92.9,82.82,73.29,76.87,92.18,82.21,99.19,88.63,90.3,85.63,92.88,71.68,80.93,81.72,91.64,83.66,85.7,74.32,79.84,87.03,84.27,83.65,81.93,76.95,82.56,80.81,80.99,80.07,71.61,81.37,81.55,79.24,76.84,88.88,71.87,86.28,84.84,81.99,83.24,76.44,93.62,93.78,96.48,100.0,93.47,95.35,100.0,89.77,95.37,92.14,83.3,88.77,79.03,77.97,74.33,72.5,76.0,72.98,78.26,73.03,70.79,93.79,78.83,93.14,81.85,80.28,84.32,74.03,79.81,82.02,84.48,85.85,96.54,100.0,91.91,87.97,81.49,98.85,78.17,85.4,64.55,86.94,92.49,93.88,84.28,85.53,84.15,82.74,90.01,77.55,81.03,93.59,100.0,85.93,100.0,80.58,96.4,87.95,100.0,81.22,89.92,83.44,82.93,81.84,85.54,91.36,89.17,94.66,96.76,98.83,89.63,79.09,93.85,91.05,86.28,78.79,86.94,76.0,75.67,84.48,77.98,82.85,83.23,85.33,83.51,87.15,82.07,87.27,83.69,87.93,79.65,86.12,85.83,90.07,85.03,83.04,87.96,79.76,81.95,89.05,83.17,85.67,94.71,78.5,87.82,93.12,92.2,82.6,88.08,89.81,82.1,90.33,90.53,86.89,81.89,75.87,79.21,76.22,87.22,78.48,80.46,83.06,90.12,75.81,84.2,80.6,81.31,88.46,75.3,95.53,71.51,80.72,80.64,82.43,82.58,84.43,98.58,94.04,93.17,84.3,95.51,83.19,88.36,85.56,88.11,91.89,80.44,88.11,86.35,89.25,86.35,93.65,88.02,82.55,92.16,93.66,79.1,95.01,92.92,80.12,94.56,77.48,87.57,85.89,67.19,77.95,80.99,67.7,81.11,76.3,75.11,77.03,84.25,83.54,95.35,90.95,94.23,96.92,90.08,77.48,85.13,78.69,94.67,82.74,84.65,100.0,91.47,70.9,77.77,69.75,68.23,91.19,100.0,86.49,79.66,81.05,81.65,89.6
1030500009,Telkom University Surabaya,76.94,75.64,76.69,75.28,73.28,80.95,77.15,72.16,86.35,85.66,83.93,72.32,79.62,79.06,73.22,71.75,79.91,84.55,81.8,87.46,90.68,74.93,89.1,75.96,75.07,82.13,85.67,70.08,73.35,73.79,72.57,70.48,73.01,65.75,69.25,70.39,73.9,69.19,66.87,70.75,81.9,70.66,62.12,69.13,67.81,72.45,64.88,73.52,65.0,70.23,73.47,74.53,64.94,66.97,66.27,74.64,71.84,74.7,76.86,67.47,75.87,76.61,72.43,65.01,74.23,86.39,74.78,63.85,84.31,86.33,87.06,72.93,86.96,77.0,82.94,69.14,79.09,83.97,72.65,65.78,62.39,62.24,57.67,66.9,77.74,78.38,76.37,78.65,76.03,67.67,70.36,68.38,57.0,64.87,78.96,74.34,74.86,68.9,80.38,78.41,64.53,79.59,79.39,75.08,85.04,72.9,82.29,69.34,71.46,75.76,86.04,71.44,78.76,76.92,80.77,71.41,79.29,86.86,88.75,69.19,83.42,82.03,80.82,79.66,91.52,74.74,65.93,75.49,66.19,60.32,72.41,69.75,66.64,66.53,74.59,78.56,59.31,77.11,79.9,80.45,72.43,75.9,72.29,74.64,81.86,79.56,84.83,81.09,74.71,77.0,70.88,76.54,80.0,76.54,83.36,78.18,86.53,72.79,67.79,59.45,75.41,64.73,78.97,58.75,65.79,86.99,83.56,62.74,82.68,74.95,85.11,77.63,84.69,72.25,79.08,82.26,74.77,78.43,89.65,82.83,69.3,78.93,85.55,77.37,83.69,86.35,71.91,82.98,81.98,86.91,79.65,83.9,90.39,87.77,68.88,71.75,82.43,57.96,62.14,82.71,77.61,82.53,76.78,79.81,81.09,76.85,73.98,82.55,76.7,75.61,85.96,67.73,65.37,86.28,63.72,93.94,83.26,74.69,85.15,76.59,78.93,85.41,77.47,77.34,87.65,78.76,76.66,70.67,68.15,68.44,67.7,82.77,86.74,79.37,75.05,74.22,78.96,78.71,63.81,76.47,66.66,71.26,64.87,71.12,67.46,80.33,78.46,73.07,75.14,74.26,80.01,67.22,78.63,70.39,75.28,59.73,69.65,73.32,74.73,74.63,67.25,80.87,61.64,72.53,63.94,74.3,70.68,75.05,71.67,68.39,78.62,74.32,81.88,82.47,71.04,71.31,85.14,86.66,70.58,71.29,70.18,70.67,77.84,79.57,73.81,81.3,76.93,69.43,89.92,71.64,71.82,82.03,70.71,70.64,75.08,83.55,80.41,78.14,74.69,78.87,76.34,72.01,86.23,68.75,62.83,77.64,78.16,86.5,79.75,83.26,86.82,92.55,72.25,85.97,76.89,77.42,75.48,69.17,67.34,68.3,78.98,94.42,82.75,88.39,72.73
1030500010,Telkom University Surabaya,65.38,66.77,72.53,67.56,70.26,69.56,66.45,61.95,49.0,55.93,55.96,49.94,46.22,48.73,68.37,50.73,47.45,52.78,49.18,47.46,62.23,54.42,44.73,45.29,47.96,56.53,52.69,61.7,56.2,57.92,66.78,57.27,59.14,54.88,55.56,70.38,61.11,48.31,36.68,54.68,55.4,60.77,69.08,54.43,69.24,50.43,57.17,54.34,57.4,55.95,54.63,58.8,63.51,60.55,58.26,55.75,45.99,59.16,63.32,63.0,58.17,46.49,71.48,63.94,51.18,51.73,60.19,64.37,58.78,52.76,61.77,49.25,54.85,49.25,65.23,66.37,53.03,54.55,47.9,60.51,66.73,49.97,53.57,62.94,52.22,63.64,46.38,45.99,60.3,54.5,65.52,70.3,57.68,55.24,54.53,53.29,42.9,44.51,48.36,65.97,54.49,49.49,43.83,58.49,54.75,63.6,60.01,42.0,66.68,53.61,48.18,59.54,49.56,47.02,51.24,60.82,50.58,49.18,65.74,65.84,58.32,53.83,48.38,56.62,52.83,53.26,62.68,41.19,47.51,50.87,48.92,41.78,47.3,38.96,56.54,52.25,45.83,40.19,50.8,59.53,40.92,62.2,49.31,53.15,52.89,53.8,53.81,53.85,54.57,53.2,64.46,66.28,53.59,63.86,54.31,65.81,59.36,69.6,49.91,65.48,47.28,44.58,51.67,46.67,44.82,57.56,68.44,71.67,56.5,59.88,60.71,49.0,46.78,57.49,53.19,57.52,59.85,50.79,58.75,55.7,54.3,47.81,53.14,45.22,50.31,54.49,47.36,61.4,58.64,49.78,55.07,53.13,58.86,44.89,58.18,49.25,40.03,53.22,54.03,50.68,55.96,56.0,40.85,55.07,73.44,69.05,70.99,73.16,57.32,68.71,58.66,65.45,61.33,57.07,74.87,52.99,51.89,54.83,47.51,40.6,53.81,40.96,50.1,46.08,51.16,48.28,47.95,53.18,42.96,44.02,40.7,30.04,54.68,61.15,57.06,67.74,58.52,56.16,68.54,65.59,64.91,65.42,78.83,69.62,68.16,77.22,69.18,63.79,45.81,46.95,56.2,59.46,55.35,50.19,53.53,49.11,53.34,49.88,55.2,49.33,51.0,54.91,59.14,60.85,64.2,51.85,50.72,58.11,61.05,49.96,57.11,60.91,58.26,54.25,51.2,56.03,57.5,62.03,52.47,59.51,50.81,63.25,65.7,66.3,66.84,74.89,55.88,65.81,61.03,60.45,66.39,47.97,59.34,47.52,55.52,65.06,67.91,66.08,60.64,71.73,57.33,54.27,56.03,58.42,51.4,51.41,50.67,60.72,53.69,67.21,59.53,55.92,71.38,55.71,42.26,46.42,41.25,44.09,69.14,59.0,55.65,61.13,56.52,63.56,59.5
1030500011,Telkom University Surabaya,87.86,89.72,82.03,87.65,81.96,92.85,84.75,91.24,75.67,73.16,91.29,83.36,78.83,73.68,80.72,91.73,78.59,75.04,74.23,70.47,73.0,73.06,74.52,84.86,77.41,79.51,68.49,74.34,86.04,77.48,78.69,75.89,91.17,95.64,91.51,80.39,87.42,83.11,78.68,84.42,80.11,86.01,90.53,95.41,94.33,86.16,80.75,84.67,77.08,80.45,83.07,79.84,86.02,87.26,92.76,85.97,86.53,81.92,100.0,95.5,82.08,65.3,88.68,69.53,91.85,80.07,87.35,80.34,83.92,84.94,80.3,84.9,82.96,92.51,79.61,91.75,77.91,76.35,84.21,78.31,74.35,89.23,91.92,88.58,97.72,85.05,88.68,93.42,87.79,100.0,79.88,80.09,85.73,81.23,83.65,82.98,80.71,71.2,77.35,73.87,67.02,76.77,75.86,88.81,86.35,90.06,82.38,86.1,83.93,73.4,79.35,81.23,88.18,76.75,76.33,77.93,87.77,80.77,84.73,87.86,81.16,80.44,80.63,78.1,84.13,81.36,84.8,94.79,91.56,86.87,88.36,93.74,91.29,88.41,93.37,100.0,100.0,90.36,93.07,79.55,93.1,96.32,88.27,83.89,81.23,80.19,84.37,80.41,66.61,76.04,87.24,84.0,90.05,86.71,70.95,84.57,80.32,86.64,80.53,86.19,91.79,88.52,84.74,81.43,91.38,86.28,83.54,77.26,88.5,80.7,86.97,83.42,77.75,81.6,78.03,95.89,97.62,91.57,90.61,91.16,92.44,87.12,85.96,94.32,88.31,83.37,85.02,100.0,99.8,100.0,100.0,85.74,96.75,86.61,90.4,100.0,93.74,84.95,90.64,75.38,89.88,93.19,98.37,96.31,98.99,85.89,75.93,97.39,79.86,95.68,77.03,88.71,80.92,90.03,84.16,94.85,85.94,87.29,82.02,100.0,84.62,95.17,90.3,82.16,85.05,89.8,92.8,91.09,96.68,89.87,91.96,87.13,88.13,88.88,94.12,89.97,100.0,83.17,82.04,72.33,82.98,74.55,73.64,83.95,77.11,76.4,88.23,77.46,94.96,79.35,92.73,93.19,94.55,88.37,91.95,93.59,74.58,90.02,89.2,96.52,89.64,89.31,90.75,83.68,91.38,91.98,91.45,91.45,92.24,96.33,93.69,84.62,78.42,86.12,89.43,91.74,88.07,79.35,87.78,77.82,83.14,80.12,86.66,79.46,79.29,76.02,72.94,81.4,78.97,91.23,91.54,69.96,92.79,90.83,86.96,99.0,99.23,96.45,87.16,86.97,96.78,86.87,89.82,81.39,87.84,87.71,85.5,89.0,100.0,84.54,78.59,77.21,90.72,77.94,92.35,93.23,93.48,82.94,90.67,88.55,81.14,85.95,95.74,100.0,94.62
1030500012,Telkom University Surabaya,63.09,78.93,66.53,75.12,58.38,66.88,67.69,62.84,76.83,79.69,80.02,79.15,84.82,76.05,75.06,81.57,80.2,73.36,71.22,83.04,77.26,75.03,78.26,75.91,67.26,77.29,81.95,67.63,76.66,76.26,90.03,82.69,84.37,80.34,81.54,70.26,82.49,79.14,84.59,72.93,79.57,60.71,71.18,71.23,69.22,76.56,69.83,69.39,60.79,66.62,63.33,66.45,81.18,66.14,59.99,69.01,66.67,63.91,76.21,67.09,75.91,73.3,70.11,94.76,72.9,79.9,79.26,75.9,82.24,74.91,76.33,80.59,72.52,73.04,81.21,72.61,74.96,76.86,89.15,69.67,70.7,78.62,69.27,75.79,74.21,72.6,79.5,73.05,79.03,68.0,79.36,70.89,83.86,71.38,68.79,67.52,64.82,81.38,84.96,74.14,80.25,78.69,76.15,75.07,81.35,74.37,84.22,78.93,71.89,71.3,73.1,69.91,67.47,77.43,74.31,81.86,71.46,75.47,75.98,67.41,74.2,71.68,83.62,74.09,76.28,68.28,78.94,83.28,65.35,81.68,81.38,81.29,81.73,70.89,82.09,79.98,77.82,81.62,82.78,82.77,67.41,75.85,77.62,85.15,59.95,78.16,63.8,74.61,75.35,81.91,87.04,71.85,74.3,80.17,72.56,73.81,78.67,66.38,70.36,73.58,73.82,77.89,74.29,76.01,69.49,80.37,89.6,77.8,72.87,85.01,78.72,76.73,81.17,86.14,72.96,70.84,78.14,76.91,85.24,84.4,74.66,77.09,84.53,81.24,73.29,85.88,79.13,86.55,74.1,80.85,68.05,64.68,55.52,68.24,82.4,73.62,75.64,80.57,78.81,70.83,60.49,72.42,76.34,63.46,85.88,90.82,73.91,76.67,86.83,84.72,77.33,87.7,82.11,88.21,75.17,74.99,81.04,78.05,73.06,72.8,75.62,76.58,60.4,81.57,75.94,75.66,71.53,70.05,87.69,82.27,81.0,80.28,66.1,69.19,72.09,54.45,68.88,62.86,60.68,60.95,75.54,66.25,64.15,65.85,71.69,82.7,68.62,74.32,61.86,65.68,61.99,60.57,66.6,61.69,73.62,59.41,70.85,63.97,65.81,66.9,56.75,71.22,75.01,76.66,82.49,74.91,74.52,78.28,71.2,74.5,62.78,70.41,72.01,77.13,72.13,81.45,86.04,73.54,74.83,66.45,59.96,72.15,87.41,66.52,69.38,73.87,67.54,77.02,67.52,65.95,75.19,90.95,75.95,84.68,81.97,75.49,89.61,97.65,85.87,81.65,84.31,81.62,74.24,75.46,66.45,85.64,79.41,74.12,90.89,68.77,73.17,62.59,68.17,72.9,62.37,55.33,58.91,66.11,83.64,79.7,73.04,81.74,82.23,79.93,76.46
1030500013,Telkom University Surabaya,69.0,84.86,88.51,78.98,92.79,80.76,89.85,80.54,86.27,93.73,85.7,90.82,90.33,89.6,91.06,83.85,100.0,87.78,81.96,92.46,83.52,88.11,92.47,75.42,80.69,81.27,80.85,78.71,83.37,92.58,97.14,97.65,86.76,87.21,81.42,83.3,91.19,81.62,88.47,88.53,93.54,82.36,76.82,88.73,89.42,90.75,95.63,100.0,90.58,94.04,89.48,93.75,77.54,89.89,83.5,93.07,83.08,83.89,94.86,84.94,82.62,74.89,80.11,71.23,83.85,90.69,94.06,87.82,86.08,91.39,87.34,83.43,88.53,86.98,67.01,80.52,73.32,77.61,86.8,96.1,96.91,95.79,78.58,72.12,86.05,69.44,84.19,95.91,85.54,77.49,85.31,91.2,95.16,84.41,84.92,86.52,89.03,92.86,74.14,75.74,84.95,84.88,92.82,94.19,90.07,82.34,97.32,98.12,95.14,78.31,89.19,90.11,92.21,93.76,85.6,84.16,86.61,81.5,93.5,100.0,83.14,81.6,95.29,79.83,92.74,86.82,100.0,88.89,87.94,91.07,98.73,89.16,87.37,100.0,92.94,100.0,86.84,99.04,92.47,78.94,90.84,85.58,82.8,82.12,78.73,75.02,75.62,84.95,86.09,83.36,82.01,89.55,90.03,94.76,90.99,92.24,79.3,94.49,82.6,88.65,81.43,68.52,85.59,86.43,89.78,87.26,82.24,81.55,89.22,94.16,94.75,84.04,88.46,96.8,91.44,87.0,82.66,82.85,82.26,86.32,91.49,83.54,89.92,90.9,96.07,96.92,91.62,93.23,87.85,91.85,81.67,79.61,82.87,94.63,96.08,92.91,77.86,85.18,84.83,77.55,82.77,79.74,91.43,81.75,91.14,96.55,91.37,98.68,89.07,96.4,90.46,85.36,86.2,92.19,100.0,84.87,81.47,82.31,80.04,85.83,84.74,81.81,86.83,83.56,87.94,90.94,84.85,93.17,95.45,91.81,91.29,96.95,76.01,85.95,91.85,75.68,70.94,70.07,86.2,95.46,91.02,92.28,88.76,74.98,82.06,82.74,92.96,88.7,72.28,76.72,74.22,72.52,84.46,73.27,88.35,76.08,75.27,74.48,74.31,68.55,79.69,87.53,100.0,86.38,87.86,99.53,91.83,88.03,93.15,98.67,82.39,82.88,77.08,80.94,72.64,85.99,67.75,80.3,66.43,76.47,76.79,77.64,74.08,88.48,85.51,86.5,78.54,80.09,82.05,87.15,92.97,90.86,84.09,92.24,90.61,89.64,84.53,86.14,85.56,78.68,82.11,86.14,82.14,79.88,77.62,75.15,73.52,80.36,84.07,81.11,86.61,81.22,82.74,77.52,91.57,90.54,87.55,83.8,99.14,91.26,100.0,80.94,80.38,82.72,84.74
1030500014,Telkom University Surabaya,72.43,77.76,77.16,64.63,80.8,84.8,84.18,76.3,79.29,86.97,74.04,68.58,76.4,71.44,78.84,88.23,81.46,78.35,79.77,70.04,76.78,69.5,70.25,83.75,72.66,71.25,96.71,83.49,74.53,77.24,73.2,76.12,73.68,78.31,76.01,76.13,75.7,53.61,59.21,58.41,66.24,88.12,85.34,74.99,80.82,55.63,65.52,68.69,57.0,63.04,65.54,60.2,63.42,66.24,58.11,61.77,70.64,81.22,63.62,65.53,74.26,63.84,69.06,67.61,93.23,85.8,76.22,88.49,89.96,80.14,82.87,92.45,84.66,48.33,58.64,54.14,81.04,83.17,86.56,86.99,78.78,84.55,79.57,76.96,90.46,72.52,67.27,59.47,56.72,57.74,83.17,72.82,74.17,87.05,80.87,85.64,77.05,80.57,67.9,66.83,71.59,70.97,75.02,87.09,74.43,89.11,77.04,84.36,76.2,69.08,82.49,76.68,87.78,81.94,75.71,83.36,68.3,79.11,83.92,75.5,75.13,67.05,86.81,78.29,80.33,81.5,81.17,85.43,87.93,84.41,74.96,76.48,78.34,76.8,85.5,79.09,85.78,76.09,91.55,80.64,82.57,91.64,85.72,82.36,84.14,85.39,81.67,79.83,73.45,62.06,60.18,66.28,75.4,71.71,84.04,82.66,66.6,64.21,62.47,77.49,79.21,76.24,70.0,68.72,69.85,65.71,62.7,68.53,66.42,74.41,72.37,79.47,78.69,68.24,69.19,79.68,74.24,77.02,71.38,62.73,77.66,72.0,78.38,74.54,82.18,82.13,66.66,68.41,74.92,75.29,69.32,81.06,80.98,72.58,88.79,73.86,86.36,74.18,88.04,56.08,80.2,83.03,76.81,66.04,62.78,53.7,61.48,61.53,64.0,59.32,51.6,63.36,57.81,51.81,60.71,82.84,81.41,76.57,79.04,83.86,69.05,80.66,73.21,78.95,90.87,89.25,77.23,84.18,67.13,75.68,71.34,77.47,68.72,75.4,79.95,62.8,83.8,71.62,67.77,82.27,71.87,69.86,70.37,73.29,72.17,72.57,70.41,68.07,81.41,78.65,66.36,74.8,68.3,80.07,81.15,67.86,74.42,73.96,78.14,85.66,74.2,86.26,77.5,72.1,77.01,82.88,69.76,81.71,72.02,83.93,78.46,71.46,78.64,79.63,73.41,71.63,76.1,70.13,78.68,84.92,79.91,75.67,82.02,73.29,81.78,89.86,83.54,73.52,85.15,75.42,77.09,63.04,64.89,65.35,63.59,73.07,79.08,77.2,74.89,75.9,82.03,64.69,71.33,67.86,67.74,64.57,68.71,72.94,66.83,71.27,85.22,74.49,92.84,88.15,74.77,70.35,67.86,75.39,72.83,67.95,60.52,81.34,93.98,94.9,85.14
1030500015,Telkom University Surabaya,62.59,53.28,49.14,50.61,60.53,63.63,65.23,62.44,58.72,61.62,70.32,54.41,55.86,47.52,42.89,54.2,61.17,51.75,60.87,59.6,50.74,49.13,60.16,56.16,60.68,51.56,70.98,56.43,67.97,73.15,60.69,64.64,58.21,61.41,61.01,69.77,66.95,50.66,48.23,63.99,60.34,64.76,58.3,64.66,62.97,55.78,59.44,64.3,59.1,64.01,62.2,61.91,61.26,70.79,53.49,61.12,55.56,59.11,72.41,55.6,55.36,45.94,52.7,56.87,47.53,65.52,51.95,60.24,53.91,58.92,53.01,63.83,68.4,42.61,37.94,53.15,61.59,58.38,54.88,58.43,79.43,65.22,58.16,56.46,59.55,59.4,66.02,59.78,59.72,64.03,55.42,53.66,58.2,48.96,81.59,61.32,71.41,59.36,55.74,53.07,48.14,51.28,61.2,66.32,48.85,57.86,62.22,50.6,58.41,45.53,58.64,60.48,63.58,43.02,65.55,59.71,54.54,56.16,53.46,62.31,58.81,64.25,55.03,58.97,63.35,61.53,44.76,67.94,58.97,67.65,61.52,74.49,68.06,54.61,64.6,74.82,58.38,66.04,62.16,62.02,59.01,60.37,75.31,61.43,64.66,71.18,62.19,63.43,53.94,57.25,55.18,54.21,51.28,44.86,58.51,67.12,52.34,58.06,53.99,57.83,60.63,53.47,59.31,64.62,61.37,63.2,55.56,75.52,62.49,44.69,52.86,58.22,69.38,46.65,50.34,49.44,50.24,56.58,55.2,61.4,53.59,41.35,57.27,57.59,56.69,55.95,59.48,45.74,59.09,49.86,68.34,62.3,68.38,75.97,55.95,53.77,59.06,39.85,47.59,56.29,54.58,43.61,61.11,56.92,55.47,46.79,52.62,55.26,43.08,48.55,55.85,50.73,50.66,49.46,44.34,58.07,57.0,66.99,50.69,67.27,65.96,70.7,62.68,53.58,64.39,57.18,58.24,57.11,63.93,55.2,55.69,53.43,52.86,47.09,62.28,64.81,56.79,68.13,49.08,67.05,50.36,53.92,52.14,54.94,65.94,52.71,53.84,64.89,61.43,59.7,58.46,56.09,54.04,67.46,51.48,58.88,56.42,66.49,63.57,63.61,57.17,60.78,55.06,66.52,63.28,58.69,54.43,69.88,69.92,62.69,56.12,59.18,58.87,53.05,51.11,63.78,54.67,61.72,53.37,64.64,52.34,59.22,45.75,54.24,39.56,46.7,51.41,61.89,59.59,59.86,46.36,46.6,68.28,60.55,60.27,58.6,49.45,60.56,52.24,61.41,45.45,67.28,49.25,60.53,61.68,49.48,55.2,57.77,57.06,55.61,55.88,56.84,45.16,51.4,46.99,44.99,60.09,58.46,49.3,63.23,62.73,53.67,60.97,62.05,61.64
1030500016,Telkom University Surabaya,81.43,82.99,80.06,74.97,88.89,73.14,75.21,79.11,76.54,84.17,73.76,70.89,72.01,76.54,78.64,66.94,68.36,69.26,69.11,67.63,76.22,71.32,68.54,73.89,79.82,67.44,68.06,66.7,71.97,82.86,79.82,74.71,77.74,77.84,85.13,76.0,77.13,82.63,85.52,82.58,81.27,65.29,81.03,77.73,69.49,70.96,73.53,82.97,74.45,77.72,76.99,87.09,78.11,97.42,89.54,79.58,82.53,81.77,76.6,68.55,86.62,88.99,86.16,81.22,73.15,74.75,67.31,78.2,75.28,84.98,78.79,75.22,70.33,70.87,72.12,67.13,74.25,67.44,66.44,73.52,79.35,73.07,76.61,69.37,71.47,77.81,69.8,87.63,83.72,68.61,75.65,65.47,79.76,67.54,67.21,78.0,69.8,69.83,77.23,81.54,78.65,76.4,76.12,76.47,66.07,83.8,72.2,82.4,76.73,72.79,85.1,82.13,73.44,69.21,70.88,86.74,72.33,72.17,71.71,76.44,78.8,69.47,72.05,63.13,77.89,77.13,78.75,88.01,73.51,68.47,82.32,83.92,85.14,81.04,81.86,77.45,77.97,76.08,82.41,68.06,61.25,63.32,66.08,60.15,62.73,60.01,59.79,68.91,84.69,88.21,75.55,78.7,82.68,78.89,79.75,77.47,77.49,84.59,85.21,81.68,89.44,91.6,81.23,100.0,86.54,72.26,76.07,81.96,70.91,77.92,76.71,73.42,73.36,77.11,68.89,69.8,66.67,70.43,84.07,75.47,70.0,72.65,78.58,81.36,74.55,70.96,60.48,69.35,76.7,74.45,76.74,69.76,85.45,69.96,69.07,71.07,76.94,68.84,71.85,67.44,70.88,67.84,62.53,74.17,81.71,83.43,73.37,77.79,78.25,82.66,76.43,82.55,80.13,83.48,76.1,80.96,75.5,74.3,73.79,79.36,75.83,80.95,74.43,82.72,89.47,79.24,75.47,79.04,84.48,92.96,84.78,84.17,84.07,69.33,69.45,77.82,71.79,74.22,73.38,74.27,76.38,77.1,76.77,70.46,77.87,74.93,73.53,83.18,73.15,76.74,78.09,80.83,81.5,72.6,80.36,84.75,79.86,74.12,90.22,72.22,79.63,85.26,68.83,71.3,69.84,60.6,60.03,58.65,74.58,69.19,70.63,73.52,76.61,71.4,67.09,70.17,63.25,69.93,73.23,83.36,84.04,88.31,77.36,84.55,81.1,80.49,83.2,83.45,90.27,90.29,73.56,72.18,77.22,77.9,70.37,71.44,79.76,73.15,79.64,81.28,81.28,79.71,76.29,75.6,85.0,75.84,66.64,78.6,76.47,60.88,65.71,67.32,68.27,67.9,69.75,63.23,62.6,61.92,75.58,82.18,83.11,70.76,68.29,72.75,72.32
1030500017,Telkom University Surabaya,79.8,82.63,71.05,71.41,72.38,74.7,70.34,71.24,71.43,70.02,76.29,75.89,76.82,74.18,69.37,73.54,73.53,68.98,80.66,73.03,76.75,73.18,74.2,74.14,73.13,75.11,77.9,82.04,75.28,69.57,86.78,81.64,82.91,77.48,92.92,82.53,79.06,62.23,77.39,61.66,82.22,81.21,72.39,78.39,69.96,83.86,72.53,69.87,70.28,80.1,78.27,78.36,73.88,75.94,78.87,85.6,56.92,61.31,68.12,62.66,78.81,81.55,84.08,71.89,68.38,73.64,83.45,80.77,75.21,76.15,92.98,75.62,74.39,69.46,76.97,91.37,82.92,77.65,87.36,73.04,58.59,52.14,69.48,72.38,76.9,87.53,81.57,70.99,79.69,79.93,54.44,59.59,50.65,65.63,82.41,84.28,90.51,91.13,88.74,88.73,82.68,81.9,91.3,80.11,73.51,71.1,88.13,81.75,89.13,75.03,80.77,84.19,93.7,78.26,89.04,81.42,80.08,88.89,91.75,83.35,68.65,77.86,79.18,86.82,73.64,82.86,83.22,80.13,84.18,69.52,75.48,74.63,75.57,75.0,78.11,83.69,71.74,72.45,72.81,73.85,63.69,63.78,82.42,62.86,59.8,55.11,77.84,73.06,70.33,66.68,74.63,69.66,75.61,62.9,70.96,65.51,68.4,64.52,76.37,66.39,82.88,73.51,67.48,70.31,73.1,84.76,77.56,54.56,77.45,73.16,68.3,91.61,78.25,75.62,91.2,82.09,75.85,81.63,89.45,76.2,80.57,87.17,74.28,86.07,82.55,89.22,67.33,72.53,73.26,74.89,79.34,92.22,70.7,73.96,84.05,77.67,87.41,74.83,74.54,88.54,78.56,77.3,82.34,77.24,81.15,82.59,89.32,70.84,92.79,76.87,93.21,77.76,78.95,86.47,70.3,67.27,64.39,80.54,76.43,80.76,74.06,65.93,73.11,71.86,67.58,74.53,74.83,74.96,77.92,72.8,78.67,69.84,83.65,82.86,87.64,83.52,81.85,86.3,81.49,72.9,86.95,74.89,87.8,70.12,87.65,93.1,82.54,77.43,73.73,78.0,77.29,67.6,83.67,68.67,67.86,69.85,75.58,75.39,72.48,77.7,72.31,72.96,72.9,77.16,71.04,73.93,78.35,84.35,62.08,75.89,81.18,74.64,75.95,73.62,87.24,70.07,74.17,75.68,76.39,61.68,58.71,61.53,63.61,61.03,72.04,77.8,71.38,70.27,70.4,68.47,78.93,76.32,74.98,77.61,71.68,76.09,72.96,75.6,75.11,82.57,81.11,87.02,72.15,90.08,76.33,79.38,67.38,72.54,68.57,74.78,75.34,71.6,67.38,76.71,79.72,70.45,71.02,78.78,67.56,67.14,79.38,63.06,68.11,76.37,70.41
1030500018,Telkom University Surabaya,87.25,92.75,87.94,78.83,90.84,88.54,83.79,85.78,87.69,77.93,87.81,78.12,75.97,81.39,72.07,77.86,76.01,91.29,73.16,78.01,74.3,78.95,65.02,86.81,100.0,91.72,86.74,81.81,93.69,98.03,95.62,88.64,79.79,79.51,85.32,83.31,93.25,87.36,100.0,85.03,86.55,87.61,92.09,85.27,86.75,89.82,88.86,91.53,78.73,88.13,91.53,76.44,81.45,90.4,75.92,80.21,91.79,94.16,96.09,89.17,88.48,83.84,80.4,97.51,96.09,79.35,94.03,92.75,89.01,66.67,85.02,76.22,78.42,100.0,94.58,100.0,85.44,88.55,85.98,82.23,78.11,84.63,76.64,75.4,70.9,60.2,100.0,83.99,78.1,84.05,90.9,93.33,87.79,89.17,94.61,93.88,85.16,87.54,91.3,77.37,87.42,94.95,93.63,89.25,87.55,83.44,81.72,82.48,90.33,79.69,84.81,84.87,94.79,86.5,93.11,91.8,98.18,99.38,85.11,95.32,96.0,89.66,92.35,95.6,95.26,86.53,88.65,88.86,87.16,100.0,97.93,95.21,90.25,92.02,100.0,95.23,84.02,99.88,90.28,72.86,80.7,77.8,74.26,78.4,83.16,70.33,84.0,79.03,85.4,82.91,70.92,79.26,89.68,75.62,84.7,83.89,80.75,76.17,82.11,78.76,70.24,71.39,83.37,76.38,68.23,86.29,82.56,80.24,92.28,100.0,92.05,88.76,83.08,88.53,93.14,96.07,95.97,89.19,88.32,91.95,91.2,100.0,94.0,100.0,86.09,93.72,96.99,81.75,89.54,84.72,80.54,82.1,75.49,76.08,78.27,81.39,89.37,91.66,78.92,64.06,73.94,66.85,68.33,67.82,93.2,84.04,83.2,89.94,82.61,85.96,96.26,80.83,87.48,80.77,96.87,79.14,86.62,94.54,85.46,80.85,77.74,92.11,86.57,94.26,88.66,85.14,91.74,82.79,86.1,78.9,82.25,80.37,87.85,90.59,89.12,89.68,85.66,77.84,79.41,81.73,84.0,86.98,81.79,86.24,89.57,84.06,83.57,85.41,90.37,92.89,88.96,87.79,77.96,92.31,82.84,94.92,87.52,95.01,97.56,88.26,88.65,86.53,75.5,75.51,78.94,79.55,86.68,79.18,82.57,93.27,98.7,82.97,96.65,85.09,88.28,86.68,96.97,97.05,75.18,90.87,86.38,93.3,88.33,97.36,92.21,83.23,88.59,93.29,94.54,91.46,96.75,89.99,92.02,88.23,81.06,71.44,75.16,88.25,86.51,88.87,74.75,76.07,78.61,74.9,72.61,86.78,90.64,99.22,96.43,92.94,86.66,84.43,100.0,85.5,82.68,92.86,78.86,76.38,94.63,87.91,92.23,87.99,87.63,70.85,81.41
1030500019,Telkom University Surabaya,72.58,65.35,85.06,73.29,79.58,72.66,69.27,89.46,76.86,83.44,79.62,86.0,88.19,75.09,79.27,68.02,78.82,86.09,86.12,91.04,84.58,77.49,79.24,71.48,72.05,84.59,72.47,75.61,79.95,75.8,72.08,68.48,71.15,72.2,72.57,81.11,85.29,67.14,59.29,92.91,79.53,86.74,89.32,75.68,83.12,81.29,78.96,77.17,71.0,81.71,79.67,77.53,84.42,73.09,85.97,73.36,76.1,79.1,71.47,68.3,67.18,72.49,71.22,79.73,76.3,72.59,86.4,70.13,74.16,78.95,81.23,66.06,83.64,68.39,72.23,78.92,66.06,70.65,75.58,72.26,77.09,64.26,73.5,71.56,72.62,65.25,73.43,71.37,86.96,73.92,77.23,80.85,73.06,64.79,80.35,76.84,66.18,69.66,74.06,71.94,91.14,68.82,92.88,77.3,78.73,80.94,69.04,69.79,73.26,73.08,65.64,79.89,78.1,80.62,79.24,69.12,79.19,75.38,74.26,88.84,78.39,70.21,70.57,64.44,71.85,71.79,73.65,85.81,74.85,86.19,91.76,82.04,85.6,82.98,85.1,81.6,88.39,78.37,87.27,86.98,75.25,66.72,86.46,62.8,92.43,80.96,89.81,84.51,64.32,66.46,69.16,72.36,65.43,69.31,69.69,77.16,63.68,54.07,72.07,81.14,84.83,81.03,72.79,76.84,81.06,70.44,84.45,78.6,80.61,74.94,77.75,83.23,77.35,77.28,76.33,76.49,80.95,80.84,80.24,70.7,81.2,69.25,76.16,78.22,85.11,77.19,78.97,71.87,70.67,75.5,65.49,64.29,60.85,71.73,76.12,96.06,77.89,78.4,81.36,74.32,69.63,73.42,75.67,79.07,67.89,58.53,64.18,71.11,68.46,73.21,67.45,73.47,78.45,73.62,76.67,89.25,78.1,71.08,70.39,82.97,83.07,82.05,88.86,80.19,80.23,82.28,86.81,87.51,64.09,76.95,85.63,77.25,82.76,77.09,77.72,76.68,67.48,82.37,90.18,89.28,79.59,78.28,80.92,74.89,66.29,69.54,58.94,70.05,78.43,68.98,79.59,76.53,81.48,65.47,75.62,87.5,59.68,74.27,72.84,77.38,73.47,78.13,83.13,80.59,74.25,92.24,82.71,68.57,73.77,84.43,75.83,75.73,70.66,83.91,75.04,68.72,69.75,69.26,75.8,76.92,73.62,72.2,83.17,60.28,68.55,74.38,71.86,76.85,73.21,79.77,63.45,86.95,91.28,71.28,89.59,75.0,70.97,65.04,68.86,60.17,81.81,83.95,84.87,79.56,83.98,67.33,79.84,64.02,72.07,52.07,66.59,62.3,61.2,67.56,55.38,65.72,67.17,57.07,84.37,69.22,68.36,84.2,73.44,79.55,89.03
1030500020,Telkom University Surabaya,53.54,52.44,64.48,58.8,52.47,51.57,53.77,60.94,56.3,62.48,56.75,53.04,47.17,59.04,48.07,63.19,44.11,43.98,53.01,53.26,60.29,58.82,55.34,55.46,54.24,56.57,53.41,46.34,47.51,60.7,58.72,47.2,70.55,55.81,59.56,57.02,59.71,68.34,63.34,71.46,61.91,48.42,53.28,47.93,56.47,60.85,65.48,62.69,53.51,65.91,62.56,63.15,60.86,70.63,56.61,66.7,54.36,71.42,66.96,63.38,63.28,64.57,49.09,59.5,61.71,72.63,57.07,67.4,53.33,68.1,57.38,60.72,62.29,49.54,57.68,64.54,61.2,50.94,54.58,60.49,56.46,55.63,54.26,58.7,55.98,53.55,64.62,55.3,53.4,65.76,73.51,62.89,54.4,62.43,60.04,63.98,66.99,71.58,63.08,57.45,71.18,66.04,71.58,62.06,64.74,54.34,66.92,55.7,58.75,59.29,63.67,55.97,76.65,54.94,49.93,61.44,64.12,70.06,68.05,67.38,66.6,66.42,62.58,55.17,55.28,60.19,61.27,64.25,58.34,54.94,72.53,62.1,53.31,55.07,42.68,68.59,63.83,62.96,54.33,77.87,69.32,56.28,66.75,63.93,64.03,56.97,69.51,60.05,62.45,49.44,49.93,48.68,61.58,55.64,55.08,54.83,61.69,64.75,47.5,39.73,53.01,52.15,42.68,33.09,44.11,72.36,52.39,61.8,67.34,52.3,57.81,59.65,64.29,54.33,50.19,66.36,58.68,51.17,63.37,62.12,69.84,51.51,54.8,61.08,67.75,68.21,64.71,54.68,54.73,60.76,43.99,66.4,60.85,67.4,55.7,56.45,71.19,60.08,65.95,46.68,56.66,58.78,62.8,61.5,59.2,59.6,59.34,53.77,54.83,64.57,57.06,53.11,63.83,55.09,62.28,59.55,54.03,61.6,58.77,62.24,61.75,65.66,62.5,63.95,53.79,74.3,73.42,68.23,59.51,57.59,46.27,69.1,51.42,54.27,61.8,69.8,61.96,58.65,58.09,65.1,58.77,55.05,50.69,60.73,62.82,52.99,62.44,63.49,48.41,51.59,61.78,59.83,62.09,59.5,61.99,60.72,62.67,61.19,60.22,73.13,53.01,75.55,61.34,64.3,64.25,75.41,69.54,70.84,75.56,61.06,57.74,68.31,50.54,63.04,53.69,55.87,60.17,51.7,59.97,62.69,63.24,59.29,53.05,59.88,60.29,67.23,67.1,55.03,65.93,60.35,66.02,64.49,66.84,57.07,59.13,61.86,60.53,68.05,62.42,67.75,58.89,52.47,61.44,47.52,56.59,59.18,60.35,59.46,60.66,65.08,57.75,63.53,60.15,52.25,49.69,61.59,41.53,53.09,69.5,61.44,62.84,44.39,62.75,56.55,63.4
1030500021,Telkom University Surabaya,61.56,68.92,69.92,71.88,70.11,68.59,65.18,70.97,65.03,64.59,67.1,69.11,73.78,83.39,73.23,74.15,70.99,75.63,70.77,67.2,69.4,70.32,80.27,84.84,91.23,81.76,86.45,85.1,65.6,75.69,69.95,76.1,83.36,69.76,70.92,76.68,75.09,58.45,74.39,57.49,64.64,73.1,62.99,71.26,61.27,80.77,77.49,87.82,84.19,78.93,79.25,87.79,86.44,74.18,82.11,70.37,88.73,90.34,75.37,89.61,73.61,81.74,82.69,73.57,79.16,84.1,70.0,93.07,83.75,75.19,76.8,89.39,87.42,84.91,77.75,82.63,78.21,79.41,85.5,70.87,57.55,60.94,82.69,79.58,97.22,80.83,71.15,71.92,63.64,67.49,69.44,91.41,62.97,73.32,91.82,74.07,90.0,73.97,75.83,92.97,80.95,72.0,68.48,87.38,84.08,73.09,80.75,74.0,70.75,80.34,74.37,75.84,82.84,76.65,70.37,77.41,63.15,76.57,77.45,70.52,80.76,72.44,75.85,74.47,83.54,67.62,75.5,72.04,86.84,75.86,69.19,73.28,83.21,78.8,71.5,72.75,82.66,66.87,80.19,82.42,75.68,83.93,76.25,71.86,80.02,79.69,90.88,74.89,59.72,62.27,70.94,65.18,63.4,69.35,67.94,76.04,76.02,68.28,60.85,74.53,77.63,77.62,62.85,59.94,53.97,73.87,70.28,64.01,74.77,69.26,67.91,75.36,82.01,81.28,59.83,75.22,72.79,72.69,72.84,70.9,58.06,76.1,77.54,75.64,71.55,64.02,73.56,71.17,86.64,69.53,82.79,72.46,65.4,71.97,80.33,77.61,78.5,82.05,79.86,75.43,75.48,69.18,63.46,71.41,74.19,66.66,67.48,73.35,77.67,85.88,73.17,71.46,66.56,83.4,83.39,76.37,68.86,62.65,73.65,68.88,84.3,72.11,78.97,78.03,63.78,74.69,76.86,80.02,63.24,91.93,73.47,66.05,80.19,79.35,77.34,79.72,88.75,73.14,91.61,86.47,84.69,75.06,82.62,80.56,73.21,61.49,59.48,59.31,85.56,71.08,78.37,83.66,79.58,66.76,73.56,79.25,75.68,86.22,75.46,80.73,80.68,76.18,72.81,71.4,84.44,79.52,86.67,72.25,62.1,59.72,67.99,79.27,80.86,80.68,92.37,68.47,75.15,81.88,76.06,66.92,79.88,73.48,74.35,72.46,71.54,80.26,83.22,89.39,72.43,77.94,81.44,78.14,63.54,67.91,68.93,77.78,78.75,75.08,89.03,80.42,75.09,72.4,80.5,88.84,77.59,75.06,76.47,74.14,64.4,76.98,75.26,82.05,80.83,77.39,77.95,74.98,68.94,71.73,68.25,62.59,74.87,70.03,66.33,83.26,74.86
1030500022,Telkom University Surabaya,86.78,87.94,91.87,91.25,86.69,100.0,90.94,98.85,72.67,69.04,77.14,78.47,75.69,74.45,67.23,73.02,66.74,74.44,77.57,73.43,66.62,67.97,70.16,94.45,87.64,85.13,90.21,93.14,81.38,79.6,93.37,85.2,89.41,83.45,83.09,78.3,92.34,78.22,81.61,78.72,82.62,66.82,80.52,81.07,71.61,86.96,85.78,92.53,83.69,97.15,87.55,93.56,81.67,95.03,88.3,93.07,70.5,74.06,70.6,74.3,86.21,85.83,83.85,84.15,93.64,93.82,86.54,97.12,85.21,89.84,85.62,91.17,89.47,88.13,74.89,79.42,87.09,91.77,98.5,75.09,88.88,73.99,75.4,84.56,84.3,79.59,100.0,94.96,94.19,99.42,85.88,93.74,93.98,83.76,86.89,81.33,81.78,86.23,92.65,81.07,86.91,82.69,89.54,85.96,88.14,95.82,87.04,85.07,100.0,92.33,89.79,88.2,84.26,87.42,95.08,86.48,92.46,79.17,94.92,85.59,92.04,90.23,85.98,100.0,90.55,100.0,94.46,80.99,69.09,87.2,71.74,72.74,89.18,67.61,74.52,86.54,76.28,75.62,71.8,80.61,77.58,80.13,84.94,81.36,86.42,76.46,81.28,90.81,97.43,91.02,81.42,88.63,87.8,92.39,100.0,86.37,89.63,77.49,86.14,96.31,85.27,80.12,100.0,92.81,90.79,85.77,89.16,90.52,85.23,77.34,76.67,75.43,82.3,85.81,86.87,83.41,79.08,82.71,81.24,86.43,81.6,88.86,91.65,84.45,71.17,77.64,78.76,82.98,78.91,76.59,85.07,81.62,74.55,93.06,84.58,88.96,73.02,77.05,77.23,59.53,83.61,72.58,73.51,83.85,89.39,86.8,99.37,90.24,89.63,89.78,88.04,88.7,89.78,83.77,81.15,100.0,97.26,98.13,100.0,87.37,88.43,90.64,97.89,94.87,99.73,99.49,98.12,89.97,95.59,97.59,85.52,94.45,64.41,79.29,79.72,83.87,78.49,79.3,93.83,77.58,77.7,81.75,84.31,90.66,87.45,89.29,90.05,81.06,91.51,88.09,81.97,89.34,100.0,95.13,92.49,99.21,88.35,88.21,100.0,94.73,89.67,92.9,81.29,75.0,83.65,92.72,86.83,80.1,86.22,81.15,87.27,95.03,91.52,86.97,94.54,88.64,93.61,91.13,87.1,84.31,79.12,83.58,99.5,77.5,90.71,87.95,80.1,95.35,85.47,77.55,100.0,92.36,75.95,79.46,81.42,78.74,89.65,75.16,79.73,74.72,79.31,85.03,75.23,83.21,73.99,89.13,85.14,83.41,89.24,96.32,92.06,97.57,100.0,93.78,91.05,76.06,80.23,74.58,92.12,89.24,91.0,91.65,75.87,91.27,90.05
1030500023,Telkom University Surabaya,61.2,59.05,57.54,54.45,52.49,50.53,59.91,63.4,48.35,60.59,51.6,66.16,53.28,60.6,49.93,58.52,50.36,57.44,56.47,60.67,58.75,56.73,51.8,51.6,54.28,57.06,56.29,68.83,56.71,38.56,54.62,54.58,60.19,50.0,59.99,55.16,53.52,49.98,45.99,52.68,59.47,40.59,38.92,47.25,60.14,55.07,70.34,47.38,58.64,53.35,58.51,53.37,44.43,63.52,58.51,56.28,74.07,63.03,61.62,61.65,51.46,53.56,64.15,51.62,61.34,61.77,54.43,58.02,49.18,53.11,41.36,56.16,56.42,54.38,63.94,72.09,55.12,54.64,66.71,48.94,57.15,54.02,57.94,56.66,43.42,49.44,66.17,56.2,62.58,63.75,67.79,56.92,56.4,65.15,49.65,59.93,55.27,44.49,56.71,62.81,66.6,69.44,57.25,72.2,63.33,53.19,69.08,67.79,65.21,71.5,63.98,58.49,62.72,58.85,59.41,65.83,68.31,58.72,65.2,60.0,60.2,61.77,51.74,66.64,58.58,69.3,54.65,64.41,67.63,60.8,62.86,72.58,61.27,66.88,68.24,59.4,66.75,66.75,71.75,65.56,60.64,52.26,65.79,59.76,60.95,55.45,61.37,67.44,53.73,62.82,58.56,62.78,57.15,54.03,42.09,54.52,38.82,53.46,54.87,57.21,45.9,46.15,60.08,51.61,53.42,72.17,68.9,60.76,52.06,50.56,70.3,58.53,61.01,52.5,54.26,64.8,50.36,51.07,55.91,49.59,50.78,56.86,52.36,59.6,51.22,65.34,72.77,60.19,64.17,43.33,54.44,68.27,61.62,59.12,66.64,60.61,68.04,79.53,72.67,66.43,58.31,45.74,46.03,39.7,62.56,48.06,56.94,46.75,52.03,50.16,50.15,45.14,39.59,51.83,49.15,51.13,46.73,50.56,62.77,50.35,65.52,36.57,47.57,60.0,54.0,46.64,58.49,56.73,58.53,50.08,56.25,48.53,49.13,54.58,65.44,53.48,55.72,44.54,67.51,74.61,60.19,64.21,75.96,47.37,59.01,55.4,51.23,56.99,62.24,58.58,68.59,53.87,52.54,63.03,61.57,57.9,60.11,68.49,60.81,64.36,50.75,76.71,57.28,71.83,63.18,72.38,61.31,61.44,63.38,72.57,59.71,61.31,51.15,60.56,63.59,44.97,56.02,61.97,64.12,81.72,64.1,58.51,55.12,50.77,60.56,55.74,54.35,59.81,54.35,54.12,59.89,68.03,66.31,71.99,59.98,59.77,69.75,54.36,53.11,60.13,51.26,46.0,36.43,44.81,49.58,52.54,65.15,58.67,53.25,56.66,62.0,51.25,58.4,50.13,77.42,65.14,61.23,62.11,53.08,59.07,43.11,64.74,60.24,52.51,58.23
1030500024,Telkom University Surabaya,79.18,87.46,84.32,80.45,94.93,82.21,86.05,73.92,87.98,88.0,100.0,86.3,96.02,95.78,99.81,89.75,98.16,85.45,93.47,100.0,86.72,92.11,99.29,75.69,84.74,81.82,74.85,75.45,79.08,92.31,91.0,99.75,90.61,89.22,89.27,86.37,100.0,94.44,79.83,80.72,81.57,87.0,93.11,94.91,80.72,100.0,91.25,83.39,83.44,85.1,90.22,100.0,98.77,90.0,89.66,82.82,83.73,86.33,79.94,76.51,96.1,91.9,94.67,100.0,82.23,73.34,87.32,92.11,89.08,93.77,83.89,79.24,97.02,77.52,80.51,85.68,89.64,86.75,92.32,72.73,82.66,82.56,95.39,86.67,92.8,94.21,93.92,100.0,83.02,86.55,69.83,70.24,84.48,83.77,100.0,100.0,84.87,89.65,95.03,97.09,85.72,79.89,87.64,80.14,89.67,89.4,85.09,78.64,87.34,93.33,85.98,84.32,80.55,87.89,80.16,94.62,87.66,87.51,86.36,83.52,90.67,89.62,100.0,89.68,98.56,81.98,85.5,92.96,98.28,85.91,83.22,97.92,98.24,78.08,94.39,89.81,84.6,86.88,84.47,78.03,84.49,86.39,89.51,77.25,82.43,80.11,79.62,84.95,92.17,87.16,83.63,86.98,83.41,87.18,84.09,95.34,89.5,91.1,77.51,82.69,81.67,80.59,73.91,91.42,86.25,88.7,83.26,91.42,89.14,79.37,81.56,79.14,82.71,76.84,80.05,74.53,82.89,85.51,78.12,84.34,75.24,77.08,86.58,82.22,90.56,83.02,84.03,85.76,84.01,83.44,81.11,70.01,82.77,77.13,88.58,92.67,77.48,92.33,87.39,79.45,85.82,81.14,79.79,73.11,85.88,91.12,82.64,89.12,78.98,81.26,82.39,77.15,85.79,91.0,90.22,82.57,81.68,78.32,94.94,79.85,83.66,82.89,78.11,77.53,91.47,91.23,84.56,79.13,90.14,86.58,80.95,89.39,95.82,77.58,86.86,86.5,92.97,73.34,69.34,73.4,82.0,68.88,70.09,82.7,77.26,82.31,80.8,76.66,85.46,89.34,82.37,69.06,84.53,75.49,78.18,83.83,83.52,80.26,74.39,70.83,85.14,83.72,94.17,82.77,83.47,77.63,85.24,89.56,84.79,86.96,100.0,93.77,98.45,92.04,93.66,91.41,100.0,100.0,94.83,90.14,93.24,97.26,78.16,81.12,92.99,83.85,84.17,83.01,86.59,84.53,79.15,89.36,96.14,92.25,97.11,91.84,89.02,92.37,90.13,89.7,73.93,80.18,78.47,83.26,88.91,88.36,82.82,91.84,83.35,83.21,89.15,81.91,82.8,87.71,82.29,92.33,90.8,79.81,80.87,84.1,100.0,93.79,84.5,99.41,100.0
1030500025,Telkom University Surabaya,66.6,75.44,75.86,72.44,69.02,85.22,78.12,80.16,89.83,74.57,81.0,88.77,78.03,79.79,82.27,76.38,77.99,84.49,65.7,77.61,78.87,88.17,71.46,82.96,78.29,77.46,77.75,85.84,72.37,79.47,83.0,65.79,84.98,79.83,70.93,89.58,73.29,70.67,70.36,66.79,77.52,75.89,79.67,86.93,82.93,85.52,91.45,72.75,77.89,94.74,77.24,94.67,88.9,80.0,79.69,88.27,81.7,80.63,71.54,82.17,90.56,67.11,81.81,72.27,61.46,73.05,66.06,72.32,73.41,75.02,81.88,73.8,64.65,74.48,78.79,81.83,76.55,79.0,78.69,81.9,74.66,81.35,86.39,84.56,85.2,85.43,84.66,72.02,77.21,69.98,69.25,74.3,77.7,70.79,87.4,83.16,85.82,80.98,69.29,72.77,73.13,82.27,96.93,82.89,87.59,90.85,90.58,91.37,91.08,81.89,82.41,82.69,86.22,69.07,96.31,88.58,82.46,78.34,80.41,78.56,84.74,74.0,97.8,83.48,86.5,76.96,89.18,77.91,71.22,80.59,76.53,73.65,73.8,74.57,74.63,79.26,65.35,74.11,80.45,62.97,69.07,78.06,61.59,64.82,76.01,77.55,74.21,67.8,74.94,71.0,75.6,81.3,77.99,73.55,79.81,72.68,80.55,73.3,57.9,69.24,67.9,77.91,77.49,71.49,62.1,65.36,55.01,65.15,68.84,84.69,80.53,79.21,85.91,79.89,78.38,69.84,83.4,78.82,82.81,73.59,72.75,81.61,82.59,86.75,72.69,81.18,79.37,72.58,72.92,80.81,79.16,72.26,71.45,66.44,100.0,81.54,78.97,89.3,83.61,68.33,64.31,72.26,63.24,62.39,78.15,77.9,84.3,71.97,85.56,85.63,86.54,73.13,74.19,83.54,93.77,61.38,63.93,55.24,62.53,60.65,64.99,66.22,63.89,58.21,55.35,67.32,64.51,68.21,66.85,59.5,53.9,58.99,74.18,78.0,76.87,80.61,69.99,84.67,88.83,80.9,77.29,79.31,88.93,83.75,83.06,76.61,77.22,72.69,60.71,68.25,62.21,57.25,71.72,64.19,70.12,67.86,59.05,61.5,69.12,53.87,63.32,63.72,87.17,82.47,98.46,86.14,80.15,82.14,71.26,81.56,65.64,66.98,69.55,81.63,79.09,67.47,60.12,69.91,63.24,76.06,75.25,84.49,86.95,80.49,83.05,84.24,77.03,68.16,87.84,86.33,83.95,76.86,67.57,68.36,64.75,70.15,68.74,67.18,67.82,60.29,65.29,64.55,75.5,62.43,70.19,76.09,68.15,77.47,67.8,81.07,74.09,75.37,70.22,70.26,78.19,82.1,77.37,78.04,65.03,73.21,72.77,72.55,72.38,68.89,57.19
1030500026,Telkom University Surabaya,89.54,82.07,88.89,92.64,81.63,96.83,91.93,91.75,78.61,74.66,67.53,65.27,72.26,69.7,70.21,77.43,77.6,81.35,72.84,66.67,71.29,70.96,77.8,86.6,92.46,92.03,94.65,83.74,76.59,87.58,81.8,80.34,89.49,81.58,81.92,86.47,88.59,83.19,82.74,75.81,77.71,71.88,65.3,71.41,68.06,83.66,91.06,87.7,83.96,89.36,76.64,94.99,84.59,91.54,96.16,89.15,79.58,90.95,84.84,89.04,84.71,90.51,85.17,85.86,82.51,83.22,83.4,78.76,80.19,83.68,82.78,66.62,91.86,80.32,81.09,77.21,72.18,80.5,67.14,94.07,85.26,90.77,92.03,99.02,90.98,89.48,99.36,88.92,79.0,92.39,73.68,72.92,81.19,83.61,72.27,73.69,82.76,80.03,70.82,75.7,80.79,75.32,78.91,85.41,79.78,93.21,75.35,81.02,84.17,88.07,84.96,77.7,77.31,71.23,89.18,87.07,85.33,85.66,90.89,88.28,87.71,90.34,86.37,84.96,79.75,72.67,78.78,97.73,90.84,91.94,98.05,83.04,98.34,98.64,93.37,93.52,92.69,97.77,89.17,86.59,95.66,85.86,90.95,88.99,86.91,92.45,90.8,91.17,94.04,67.72,85.99,87.36,77.23,75.16,74.68,100.0,72.37,74.46,90.8,99.88,96.19,90.89,96.54,96.64,91.24,83.33,100.0,94.57,77.2,76.75,84.18,83.11,62.48,63.78,81.18,80.11,68.5,73.76,80.89,74.52,83.22,59.99,78.55,78.57,78.9,79.64,81.39,79.71,77.24,70.8,77.75,93.54,86.35,82.01,78.14,83.88,84.89,85.5,78.71,90.91,86.46,93.0,95.37,100.0,67.83,76.51,65.52,65.45,74.04,70.69,73.44,69.03,71.3,86.14,74.66,90.49,89.32,82.25,93.91,96.92,93.92,84.08,90.42,85.16,84.87,87.28,95.44,96.23,95.4,92.72,100.0,88.99,86.07,84.81,75.58,80.97,80.15,72.42,77.29,79.76,77.77,69.45,65.88,66.99,73.53,71.25,68.21,78.02,64.1,83.69,78.75,88.0,76.67,75.4,72.95,85.25,78.37,77.68,76.05,86.74,79.26,74.44,98.04,80.24,92.42,85.44,92.41,86.33,96.52,82.11,88.77,81.88,94.47,80.95,88.52,88.31,83.34,91.72,78.17,90.8,92.58,94.12,78.84,95.68,91.95,91.04,70.22,84.14,91.3,88.05,92.91,90.69,88.19,84.61,88.2,85.91,90.28,85.99,80.02,83.34,87.43,85.77,99.02,87.72,78.09,92.47,76.12,91.21,93.96,78.29,84.2,90.99,93.97,89.16,76.04,65.08,60.17,71.22,76.54,91.1,88.59,83.5,90.59,82.49,78.23
1030500027,Telkom University Surabaya,69.54,66.16,67.18,65.7,68.76,72.35,67.49,67.12,74.68,93.06,79.92,68.55,75.7,74.09,79.58,79.52,82.37,66.23,74.07,79.44,77.23,79.68,81.14,78.56,67.04,75.83,88.82,76.41,74.9,66.4,80.1,70.27,66.39,66.07,62.87,67.73,65.6,70.56,75.0,76.73,71.81,70.42,74.01,72.62,84.35,72.44,69.48,67.42,67.63,70.72,72.09,64.01,65.71,67.04,69.51,65.26,77.9,76.23,80.98,78.69,74.77,77.79,72.72,67.55,84.43,79.24,80.47,92.69,69.75,84.38,71.85,79.58,83.8,69.17,77.6,77.78,71.67,74.51,67.98,71.1,73.18,65.35,63.07,67.21,67.26,69.35,79.71,69.48,68.0,81.96,70.93,73.74,82.58,72.51,84.15,85.49,85.35,82.8,72.94,71.79,92.13,77.39,76.69,72.19,74.22,58.25,76.14,67.58,69.97,70.32,76.02,76.42,78.48,81.44,86.04,67.47,73.23,65.62,81.08,73.29,82.42,81.48,76.21,67.89,70.37,78.99,76.12,86.69,75.38,78.2,79.63,87.73,77.38,77.53,69.45,87.93,82.39,74.77,72.57,74.57,65.38,92.28,69.51,79.15,79.77,77.6,71.87,83.21,68.01,65.29,75.34,75.73,67.95,64.4,79.73,70.66,75.85,70.77,71.95,85.91,70.42,73.66,66.48,78.73,77.04,77.08,74.85,83.38,83.46,91.0,82.65,87.78,82.92,78.21,79.54,83.61,82.82,84.95,91.58,74.81,88.08,82.25,87.71,87.87,90.35,84.88,86.34,78.95,84.02,77.82,79.08,70.97,70.43,79.48,70.04,79.94,73.86,72.78,80.42,69.41,69.29,78.32,71.16,78.3,71.85,71.64,79.25,64.82,74.41,93.09,73.18,72.66,71.39,74.18,77.74,78.68,72.77,72.27,88.75,81.91,82.53,77.0,68.22,86.47,80.72,72.55,64.54,78.46,89.16,79.29,90.99,84.03,68.15,69.64,73.27,74.59,63.9,61.51,65.14,70.18,76.76,68.81,68.75,79.11,87.82,79.64,89.77,80.87,65.61,62.63,78.31,64.42,71.07,77.57,64.83,72.33,67.86,70.58,74.3,76.58,77.08,71.97,80.09,82.01,71.53,70.9,83.87,68.94,77.57,69.8,81.26,81.75,82.27,87.28,72.37,86.81,79.29,74.7,81.09,74.97,85.18,56.53,69.65,75.59,84.05,78.27,81.8,74.85,84.19,73.15,68.45,64.48,70.76,71.7,72.25,62.59,81.4,74.19,79.31,66.29,62.42,68.7,74.34,70.99,67.85,50.75,62.18,59.72,62.17,61.83,45.02,53.94,58.7,67.09,66.89,74.35,66.78,70.22,81.58,81.62,75.9,65.29,66.28,68.6,58.38
1030500028,Telkom University Surabaya,71.91,80.96,77.08,88.54,75.55,79.02,79.88,68.37,95.33,85.1,86.65,85.86,79.44,86.72,93.55,91.75,100.0,89.01,88.14,93.55,89.93,89.93,83.11,88.06,96.4,91.19,96.27,81.24,79.13,83.27,79.56,97.32,86.86,74.4,85.03,89.32,84.79,79.54,84.38,73.85,80.88,77.04,92.91,93.06,90.15,82.68,77.83,82.47,84.23,82.61,83.05,88.41,79.7,77.41,78.43,74.78,90.21,97.53,90.83,100.0,79.58,91.08,91.88,93.13,74.06,68.71,77.59,87.26,79.58,88.48,99.89,97.48,89.23,77.29,79.2,85.12,81.53,92.81,90.06,87.48,78.39,85.11,89.67,90.45,90.53,81.35,88.2,87.62,97.39,94.77,91.55,94.65,88.85,94.52,81.78,85.58,91.1,76.15,82.56,91.15,93.46,84.96,87.59,79.8,85.21,80.16,82.58,85.33,83.87,88.46,82.32,87.51,73.83,85.08,85.86,91.75,78.48,80.65,78.4,89.25,80.24,78.0,93.61,87.29,88.15,79.2,76.57,91.78,85.8,88.48,90.98,88.78,89.08,77.36,77.44,78.77,78.19,79.88,84.22,68.75,67.31,79.5,67.5,70.14,71.97,60.9,68.84,70.21,87.95,84.61,87.64,99.66,88.28,92.2,98.73,87.59,88.85,100.0,85.46,96.88,81.85,85.35,88.41,77.52,85.59,75.65,73.47,72.95,99.17,79.41,97.97,93.06,88.54,82.43,73.39,81.29,92.38,77.82,82.26,89.5,79.79,77.26,81.89,86.72,94.81,92.09,88.74,95.71,79.72,88.89,93.18,78.74,84.49,89.44,73.13,73.66,80.63,84.51,67.71,74.52,61.06,65.13,71.42,71.48,75.1,92.66,80.68,89.29,90.01,87.27,80.54,81.3,81.94,73.74,83.1,79.83,80.25,77.33,80.48,88.43,86.22,93.98,79.75,77.62,75.36,84.19,82.28,87.8,73.78,79.04,79.75,82.67,78.65,83.78,92.83,72.37,76.62,75.08,87.44,100.0,100.0,87.56,88.76,64.83,81.09,76.14,77.94,82.72,72.89,71.15,80.46,77.23,83.27,69.81,83.56,84.68,72.47,70.08,75.17,72.09,87.32,75.58,83.2,85.8,84.19,73.09,80.19,85.0,85.52,70.78,84.9,81.81,83.59,85.83,85.45,84.02,81.16,71.37,76.78,70.6,73.94,67.12,83.7,92.72,96.71,84.17,78.2,84.06,90.32,78.51,85.8,81.71,77.43,75.69,91.14,84.76,80.97,77.01,89.48,81.0,83.87,86.67,84.17,88.27,85.92,80.45,86.82,87.78,86.47,75.04,76.04,71.04,67.48,66.31,85.76,88.24,87.11,81.74,97.59,89.11,74.3,85.29,88.52,82.59,83.35
1030500029,Telkom University Surabaya,85.28,85.14,82.09,75.16,80.85,86.75,85.01,84.28,86.72,86.27,86.29,85.66,88.61,81.38,77.16,89.51,98.32,90.75,93.16,90.66,92.05,87.88,85.18,93.26,87.91,87.29,95.22,86.35,80.82,72.66,80.92,82.28,80.68,82.46,72.68,79.26,74.97,97.91,83.28,87.29,89.13,78.83,69.7,78.61,75.74,61.52,67.47,68.36,71.03,66.72,80.82,67.39,81.26,78.3,70.8,66.28,80.84,82.97,82.23,75.64,87.59,100.0,89.25,86.41,86.58,79.89,84.13,91.96,75.55,85.08,71.18,90.82,90.36,79.23,82.82,72.33,83.02,88.88,92.57,65.12,70.01,74.38,74.03,76.45,72.46,83.0,91.04,92.72,91.57,91.89,79.35,82.21,81.23,79.97,97.45,89.92,86.76,79.32,70.31,69.88,74.39,88.58,76.74,80.77,90.46,87.31,83.22,84.17,74.04,79.88,77.13,80.29,80.68,78.35,75.29,75.44,77.69,74.47,92.95,67.41,95.58,89.88,84.24,84.53,91.24,84.3,81.28,70.94,75.03,85.12,75.55,67.25,64.48,75.99,66.85,73.7,67.32,76.52,72.06,85.25,79.15,97.91,80.71,87.3,85.69,84.29,88.14,83.58,95.52,89.17,80.95,84.9,82.31,89.78,91.55,83.18,91.05,91.84,87.58,94.0,86.8,93.51,85.82,89.45,93.83,72.66,74.56,94.82,83.53,92.75,95.48,83.86,88.71,91.43,88.25,87.89,100.0,89.39,90.11,90.29,100.0,79.31,84.06,88.84,82.59,87.76,92.07,88.78,82.19,86.93,79.15,84.42,100.0,91.71,88.07,80.46,74.72,83.96,84.31,85.84,84.0,84.78,84.69,76.51,79.25,91.61,86.61,88.03,79.0,73.81,85.49,77.76,94.53,89.44,78.38,100.0,87.69,89.02,90.37,88.58,94.02,95.68,83.01,84.03,85.49,81.56,89.69,87.02,85.55,80.85,84.39,85.82,79.82,88.83,86.79,84.22,76.73,85.85,78.35,75.13,82.9,80.19,79.53,88.85,84.21,100.0,90.4,79.25,100.0,90.13,88.57,87.66,83.11,89.41,81.85,91.72,98.54,86.42,82.95,94.04,80.46,88.31,75.56,85.39,81.36,83.8,84.64,82.06,83.63,85.18,92.6,84.56,88.39,89.34,82.87,87.52,89.75,92.18,92.25,91.72,90.64,74.13,88.76,79.6,74.82,88.99,90.44,89.94,87.86,84.73,85.79,93.96,93.99,89.17,87.79,93.42,86.23,86.4,90.11,91.29,93.77,76.3,94.89,95.11,81.37,86.26,73.64,92.46,93.29,77.88,76.12,87.57,80.9,100.0,93.6,82.5,73.96,87.01,83.27,80.39,76.86,74.43,80.93,77.76,91.72
1030500030,Telkom University Surabaya,59.12,73.75,68.26,62.99,68.39,75.63,69.55,71.15,73.92,71.87,80.71,80.89,71.54,84.06,93.27,79.03,83.78,74.37,75.53,76.34,78.35,82.82,75.32,64.08,67.19,71.62,64.71,68.93,71.63,82.65,74.49,68.6,81.79,77.47,74.79,69.49,71.7,68.02,61.41,70.18,66.01,84.76,82.16,83.92,67.57,74.59,80.47,77.35,77.06,81.32,78.61,77.03,66.75,82.79,79.02,67.87,82.53,88.74,81.09,81.05,83.14,79.48,76.85,81.57,75.16,76.27,67.3,72.99,70.47,71.23,69.64,67.23,74.37,70.95,79.7,78.5,84.86,79.51,63.1,64.98,71.58,69.37,67.28,72.43,60.05,68.34,72.13,75.18,90.11,81.61,60.61,75.98,63.11,68.89,79.96,82.19,76.93,64.71,82.71,77.17,70.51,72.84,77.66,85.1,91.71,81.69,74.16,70.41,78.63,76.87,74.15,74.16,88.74,77.55,83.03,80.53,78.34,82.68,79.33,79.71,78.23,72.03,80.05,82.9,82.75,83.75,79.3,76.41,71.42,72.97,82.92,69.36,79.12,65.58,74.18,86.45,74.69,68.79,74.16,76.86,69.69,63.83,76.23,71.2,73.35,70.11,63.69,75.58,72.02,68.05,65.92,67.27,75.18,75.66,67.44,62.73,68.7,75.39,63.38,75.28,59.38,75.21,68.98,67.24,74.65,72.77,78.38,82.38,66.73,82.19,77.55,81.9,75.91,82.88,78.81,76.82,78.55,71.46,73.41,82.31,78.19,81.39,84.67,77.9,83.29,80.09,85.75,74.87,74.0,78.7,75.49,76.26,67.23,73.99,73.92,74.02,76.55,81.0,74.64,76.44,65.21,66.82,73.1,78.85,75.91,79.4,84.57,66.71,77.95,81.12,81.02,83.36,83.47,56.01,72.07,73.1,70.9,51.61,70.48,65.49,62.38,67.14,70.64,56.96,74.88,63.92,61.76,59.08,80.15,78.55,76.38,76.73,89.7,87.7,70.9,83.39,87.3,77.24,82.1,76.18,78.52,77.83,71.97,71.75,81.0,65.92,71.74,79.89,66.44,61.7,69.84,77.02,66.81,76.21,55.71,78.27,66.36,67.65,86.95,74.68,65.92,78.2,75.19,77.47,78.3,83.98,77.0,71.97,74.47,77.14,74.77,76.47,80.98,75.68,70.01,82.5,77.75,82.28,77.21,77.35,71.81,82.5,76.68,69.14,72.24,83.65,87.77,75.36,77.48,81.88,85.46,79.02,79.41,79.12,77.27,75.85,87.03,73.71,89.52,84.16,74.14,73.24,77.65,75.83,72.09,63.62,76.65,76.32,66.12,52.88,57.63,58.97,59.74,49.51,75.93,67.93,76.51,77.2,85.39,73.63,81.28,76.27,81.2,81.46,84.19
1030500031,Telkom University Surabaya,73.43,78.07,77.18,67.89,74.29,70.91,66.22,79.62,71.05,82.57,87.38,78.8,82.56,75.19,82.51,84.89,73.79,84.12,74.13,85.82,78.01,74.61,82.23,90.0,72.84,90.05,90.65,84.42,83.54,83.62,77.52,75.38,84.05,81.48,81.34,84.01,82.5,86.2,84.24,88.32,84.76,75.4,70.63,78.59,75.97,82.34,69.54,87.82,71.02,76.61,86.38,78.72,85.06,84.86,80.97,81.34,71.6,67.3,75.35,73.25,94.56,90.59,85.0,89.26,100.0,91.2,96.96,87.76,89.1,84.66,81.41,79.14,73.13,82.88,77.9,78.9,88.65,89.62,86.64,86.76,83.71,81.55,87.66,93.48,84.81,100.0,94.51,86.04,82.38,80.86,91.75,92.7,88.99,98.0,91.52,96.44,90.31,91.31,76.63,79.95,87.18,82.4,85.18,93.34,81.17,72.59,71.98,82.76,71.77,78.62,73.17,78.87,82.64,80.31,83.08,88.47,81.05,84.4,87.66,85.22,79.95,92.91,82.71,76.93,76.65,83.64,77.88,80.72,78.07,84.15,78.74,85.27,84.19,90.66,71.69,80.72,75.52,80.17,78.78,81.99,80.58,77.85,81.65,81.82,80.27,79.32,73.66,79.03,98.8,92.41,82.2,78.51,82.31,78.34,81.09,87.12,86.66,93.8,69.97,69.53,66.54,78.37,70.31,73.03,69.42,97.95,73.97,87.69,100.0,80.25,94.31,86.74,93.36,93.34,91.83,93.42,84.13,88.8,92.9,99.16,91.82,95.27,76.84,86.72,86.87,85.79,90.13,96.02,94.32,94.86,94.28,88.82,89.41,85.18,92.05,86.05,89.02,87.69,93.0,92.2,83.98,74.78,71.65,76.18,86.05,82.49,83.1,73.28,88.17,86.24,86.07,82.01,80.16,86.7,89.81,88.16,87.57,88.55,78.57,80.12,76.22,79.3,81.59,83.15,86.61,87.46,86.34,83.29,94.23,86.32,87.67,94.91,77.57,74.56,82.15,79.17,76.15,78.25,92.77,91.32,86.18,75.79,86.26,82.38,73.25,78.92,86.21,79.51,87.04,94.52,80.61,79.96,90.98,87.36,75.82,77.72,81.81,75.59,78.18,83.59,89.54,81.53,87.71,74.29,77.23,74.71,69.78,76.46,80.95,78.08,87.7,82.7,83.42,82.49,78.02,74.89,76.03,85.22,86.77,83.82,84.98,70.29,94.16,92.43,96.89,100.0,94.09,88.7,74.22,97.52,83.57,82.76,83.93,74.91,80.37,84.59,82.14,81.46,74.01,87.71,86.97,85.59,79.2,89.4,83.8,83.88,95.93,85.72,89.07,92.38,92.84,97.57,94.64,95.0,98.61,85.86,79.38,86.24,90.93,91.5,85.72,77.73,72.06,65.63,74.38
1030500032,Telkom University Surabaya,74.46,70.06,67.35,70.61,76.05,70.56,80.37,81.76,57.87,60.3,54.82,57.12,58.63,63.91,65.3,70.91,58.5,60.46,60.82,75.26,66.16,62.72,60.96,84.33,86.14,77.14,89.91,83.66,88.54,92.02,87.33,75.59,82.31,85.31,88.66,85.71,81.91,81.23,85.94,88.66,84.01,75.49,90.34,79.04,76.52,72.26,80.97,91.19,79.66,82.96,86.79,79.53,75.11,70.34,77.07,80.39,87.35,82.87,81.63,82.46,79.86,70.13,89.21,90.4,64.1,71.0,69.14,60.25,65.52,75.74,70.52,81.61,72.08,84.78,73.45,61.21,75.62,77.49,89.92,78.99,67.69,76.01,83.02,84.03,72.61,69.86,91.66,86.63,89.5,77.92,86.3,81.69,80.18,63.86,79.62,78.03,74.73,73.78,85.16,73.71,90.12,82.46,69.29,90.81,82.52,93.2,76.41,87.12,87.98,87.47,85.25,83.38,81.39,86.29,92.79,81.35,77.12,74.06,84.5,83.94,88.68,78.23,82.48,89.48,85.97,80.11,83.66,60.05,70.06,68.95,70.69,68.3,70.17,75.62,72.49,72.23,76.75,64.79,71.47,75.01,75.29,88.1,93.08,78.69,78.91,75.96,76.03,75.85,75.95,77.14,78.51,85.15,84.87,84.84,81.18,77.87,83.07,77.4,82.42,91.75,95.1,75.94,82.93,83.15,84.34,79.91,98.6,73.92,72.98,77.82,78.02,74.25,62.02,68.18,82.93,90.38,65.41,73.66,72.1,75.41,71.65,92.05,71.22,75.9,77.38,80.14,78.49,77.9,77.91,74.6,78.9,81.22,81.3,78.5,77.23,77.82,80.57,72.24,89.76,69.52,71.15,81.76,75.7,71.95,73.63,80.54,75.89,83.31,71.24,78.71,72.13,76.79,71.04,73.09,80.13,85.04,83.35,77.05,88.02,75.19,82.51,83.66,87.16,84.73,75.15,82.42,80.21,83.02,69.44,72.79,76.14,63.93,82.55,76.17,71.73,77.98,71.01,72.57,65.31,80.28,70.37,87.44,78.68,67.65,77.53,77.07,72.58,78.78,70.78,73.98,91.57,82.91,70.66,72.57,69.7,62.14,68.0,69.32,74.33,69.57,71.63,69.08,81.39,73.17,82.85,84.43,83.27,78.52,91.98,81.36,85.28,85.17,84.04,80.96,77.55,81.56,85.51,87.59,83.41,61.12,71.41,71.27,83.85,77.04,83.22,76.23,88.39,76.17,86.35,76.29,72.87,76.09,77.14,75.66,74.67,68.49,60.76,73.43,55.38,67.5,86.24,75.18,74.42,65.39,79.61,80.34,76.97,66.95,80.33,84.16,89.54,93.15,87.47,70.19,80.09,75.02,67.15,83.16,75.37,72.87,73.72,68.39,61.67,72.35,79.77
1030500033,Telkom University Surabaya,66.46,71.93,79.01,73.74,69.29,73.15,81.56,78.13,66.22,71.35,82.6,72.99,80.29,77.15,66.9,83.22,73.34,79.07,72.72,63.56,75.89,66.79,59.75,84.9,79.14,72.0,75.08,76.59,75.88,84.39,81.53,78.13,75.33,75.26,79.01,77.7,82.95,66.52,75.44,73.98,66.13,68.76,74.56,63.89,70.59,65.73,60.54,80.56,75.27,67.27,65.59,73.22,74.51,69.95,61.74,64.65,70.09,79.37,82.21,80.15,61.36,60.58,64.76,60.4,76.33,76.25,84.29,73.5,67.75,65.85,77.73,79.9,66.96,67.88,71.46,78.1,76.03,82.32,87.8,81.17,75.46,76.95,86.75,71.45,83.19,76.57,71.92,66.71,70.38,64.74,75.25,70.85,76.06,78.63,72.14,64.41,65.35,68.64,79.96,70.28,71.27,84.19,85.28,79.49,82.05,81.3,66.56,76.98,82.95,71.82,80.8,76.7,80.48,82.54,86.98,79.17,75.4,73.43,67.17,72.2,75.89,74.58,73.86,71.62,78.72,80.99,84.31,67.82,95.98,78.47,89.57,76.67,73.49,77.05,75.19,79.82,77.95,77.2,81.0,77.36,87.44,84.83,79.83,88.88,80.17,64.55,70.12,84.92,65.87,72.37,78.25,75.35,74.22,78.26,78.27,76.16,63.6,77.54,68.54,81.75,78.53,79.66,79.65,90.16,81.05,68.51,71.11,72.08,74.28,77.38,82.83,81.54,79.71,66.27,77.06,80.61,77.65,81.83,70.21,79.49,74.45,78.72,72.74,69.21,75.55,81.47,77.88,78.05,78.94,69.87,66.01,77.33,70.63,78.77,56.13,55.94,69.31,66.5,71.72,66.83,64.28,72.59,81.98,72.44,86.88,81.67,76.31,78.06,80.51,80.48,72.92,73.98,76.46,71.43,85.5,76.81,93.47,75.19,80.02,77.33,84.87,84.83,83.32,72.95,75.97,90.26,95.39,73.35,76.34,71.16,72.84,77.11,70.06,67.96,65.07,73.04,71.41,70.93,76.51,79.62,70.35,73.76,76.0,64.24,65.23,77.98,74.8,77.35,68.76,62.91,80.72,76.08,74.46,67.91,73.28,65.81,65.95,66.71,71.04,71.34,71.19,73.29,76.4,82.8,90.8,75.34,73.69,77.14,80.14,69.02,66.68,84.38,82.63,71.85,77.48,86.86,83.4,71.84,66.54,78.27,78.29,79.83,65.54,74.25,72.14,73.1,85.6,69.95,75.61,52.37,69.87,85.83,69.94,85.46,78.41,51.52,67.5,63.65,58.52,65.42,75.64,75.54,74.71,70.75,70.17,85.4,72.91,73.07,75.56,74.01,64.66,63.68,69.1,69.2,77.17,77.39,73.96,76.52,71.03,71.54,71.01,81.48,79.91,88.72,76.18
1030500034,Telkom University Surabaya,89.0,95.83,91.06,87.96,100.0,89.1,81.26,89.33,93.53,89.21,97.16,87.38,97.99,89.23,85.66,90.02,96.38,87.57,90.76,88.47,86.33,90.05,97.72,77.56,72.79,72.66,66.28,82.79,80.57,75.68,78.26,77.5,86.54,85.41,84.09,77.53,86.78,79.83,76.14,62.73,89.03,97.36,95.72,88.28,95.14,85.88,87.14,77.86,87.62,91.35,84.79,86.91,84.93,90.25,83.17,86.19,77.15,74.2,70.92,75.78,83.48,83.37,82.57,78.48,90.52,88.26,91.14,100.0,82.1,87.2,89.51,88.09,76.56,82.3,70.88,77.07,100.0,82.98,84.12,89.74,85.45,91.16,82.92,79.07,78.44,88.48,85.26,84.29,75.78,76.61,81.16,69.12,70.1,74.8,80.6,86.97,91.92,85.34,89.04,94.7,92.92,75.29,87.14,83.4,66.07,79.37,81.23,86.88,90.86,92.08,73.11,82.61,82.25,77.83,82.9,83.96,74.21,74.66,85.92,92.56,87.58,94.56,80.76,76.48,78.8,77.15,78.14,70.32,86.93,70.18,77.78,86.91,90.03,82.59,83.97,85.37,76.46,81.15,80.01,87.33,85.52,97.23,85.52,87.13,91.12,85.14,95.62,100.0,88.19,100.0,99.05,94.42,99.22,88.86,95.15,95.87,96.95,96.81,87.97,86.38,91.04,89.57,99.06,87.65,79.05,85.16,89.25,84.6,70.52,76.56,84.96,62.4,87.57,86.34,81.49,70.17,68.91,80.54,75.6,76.45,85.59,88.22,90.49,93.97,82.88,75.21,83.02,80.91,85.64,78.49,92.31,88.38,86.27,94.55,89.94,93.55,91.07,85.64,95.43,76.55,91.87,85.89,81.08,88.13,92.78,93.42,88.9,92.16,96.99,100.0,100.0,86.05,85.82,99.16,97.67,90.25,85.46,86.88,73.39,74.86,82.49,78.93,77.47,99.58,77.93,77.6,78.83,75.46,78.15,89.35,72.86,79.37,87.61,83.16,81.98,95.7,85.49,84.8,95.48,75.71,88.67,80.42,81.57,81.42,80.41,77.51,80.13,81.75,64.25,83.92,74.88,75.61,76.25,76.42,74.04,62.92,64.08,71.33,66.41,80.35,77.66,77.22,79.07,78.14,79.19,83.52,73.34,74.32,73.27,73.32,86.04,92.52,84.81,98.07,87.41,82.94,95.66,85.76,90.09,84.18,89.71,92.75,84.93,86.72,88.15,93.01,74.49,81.36,96.85,93.69,85.51,92.97,88.89,81.92,81.16,79.08,83.77,91.31,81.8,83.01,94.03,95.54,89.69,87.92,84.73,100.0,86.38,87.05,83.91,95.36,94.84,90.93,84.35,94.72,85.64,86.79,85.79,72.36,85.79,83.71,87.34,81.2,86.82,90.28,66.17
1030500035,Telkom University Surabaya,66.3,74.84,73.94,78.62,58.7,65.27,84.54,75.2,79.05,83.3,73.98,78.52,80.09,73.31,76.86,69.43,87.61,74.39,75.69,87.24,81.1,79.46,77.91,71.35,62.65,81.13,63.24,69.12,72.39,91.25,73.64,75.83,85.83,79.11,70.34,81.66,85.11,77.01,72.66,75.8,81.94,77.3,64.21,65.55,71.95,81.86,83.85,74.58,74.83,73.16,71.81,76.66,78.38,67.65,78.41,72.74,68.71,70.14,64.83,70.28,60.39,66.26,59.28,70.14,62.99,62.72,60.46,76.77,71.14,75.88,76.11,71.73,69.08,67.97,74.87,76.8,70.56,58.67,67.35,88.52,75.75,70.32,73.42,74.6,82.07,74.23,85.95,76.08,79.8,72.42,77.75,73.46,85.94,71.74,66.38,71.88,67.33,78.98,52.0,72.07,72.53,77.19,88.78,86.45,84.0,70.93,76.05,94.09,82.39,90.83,73.74,76.46,79.48,84.34,88.4,79.26,93.26,85.84,80.08,82.28,81.91,82.39,78.51,80.04,80.32,79.92,83.56,80.6,80.36,80.71,77.45,77.33,69.83,74.39,79.62,75.85,73.6,95.51,82.79,79.46,69.31,73.92,69.6,73.53,76.4,77.77,77.95,75.01,67.9,66.82,70.19,71.24,73.72,67.96,69.35,62.56,66.96,77.12,61.6,74.83,74.71,71.83,64.43,74.24,79.79,82.82,78.47,87.11,84.08,70.51,84.45,89.46,82.06,78.8,84.59,78.1,74.89,77.3,80.71,84.26,88.58,84.62,62.65,80.5,68.07,81.27,81.75,81.85,93.77,83.14,75.97,81.45,79.57,75.95,78.33,78.15,71.55,82.62,69.44,79.82,78.64,82.47,85.1,74.28,82.34,92.39,74.28,88.14,79.44,79.94,73.56,74.75,79.65,74.87,83.71,69.64,68.37,63.82,60.34,69.17,65.52,66.58,70.64,67.87,64.71,80.01,62.55,58.95,78.15,76.82,80.3,72.02,57.93,75.0,71.93,71.51,62.07,66.6,71.04,81.22,67.43,75.61,64.93,73.13,80.84,78.56,72.51,64.06,65.4,62.94,65.96,73.55,65.11,77.62,60.33,72.1,62.63,68.23,63.35,81.3,69.23,60.01,73.28,73.67,83.02,76.32,81.64,85.2,71.36,88.9,72.22,86.47,78.4,90.42,76.27,76.33,82.78,73.02,71.37,80.0,81.39,82.3,85.06,77.04,82.08,75.13,91.04,84.0,85.49,83.75,78.95,92.47,82.96,89.87,80.66,94.58,81.78,76.37,73.05,84.95,65.28,58.54,63.64,63.97,60.81,88.88,77.49,78.01,80.41,82.84,80.35,93.39,80.45,90.21,76.2,71.55,75.68,73.89,83.03,74.93,76.6,76.01,86.32,89.17,77.15
1030500036,Telkom University Surabaya,60.36,63.13,65.61,61.74,63.26,59.49,56.64,57.49,68.23,51.26,58.93,56.4,61.89,57.71,55.51,57.73,56.75,50.41,58.26,58.57,61.03,48.89,67.36,62.65,62.25,68.61,61.48,46.36,53.47,56.36,47.98,59.81,48.84,59.56,48.05,65.62,62.29,60.82,63.22,63.95,52.5,67.61,57.6,65.0,61.94,55.58,57.47,43.79,57.9,41.27,58.11,50.03,58.27,43.23,51.53,53.36,44.87,56.86,53.63,65.83,51.33,59.18,41.84,53.26,51.95,49.82,53.46,55.93,59.1,56.65,52.38,61.13,59.59,60.56,48.23,56.45,53.19,67.92,53.82,77.39,74.58,62.64,46.06,48.25,62.12,53.15,50.7,60.67,52.36,62.52,53.93,58.88,48.87,60.34,60.92,56.99,48.07,53.4,49.92,51.87,47.28,69.27,69.65,58.15,79.06,62.73,52.67,61.91,60.37,64.99,56.42,62.37,60.22,63.34,64.99,68.32,67.68,61.42,57.24,59.99,54.33,59.02,64.19,73.98,64.18,68.01,52.81,57.84,57.01,56.34,54.48,43.71,53.72,57.13,59.18,52.53,54.78,54.3,59.16,64.33,54.33,72.34,66.54,51.44,50.27,48.8,54.36,63.57,55.93,56.45,53.36,67.69,56.36,55.16,58.82,50.79,51.3,51.95,54.47,59.57,64.0,64.6,56.05,61.63,52.23,58.02,56.16,48.82,48.55,61.67,53.41,68.66,59.86,60.88,55.61,73.02,58.34,60.94,62.34,56.97,55.2,57.47,62.96,65.77,51.98,61.46,52.39,67.68,63.97,64.04,62.18,63.13,67.64,57.61,55.96,58.99,62.47,51.25,56.09,52.83,63.82,63.03,62.1,57.9,51.16,40.65,47.19,56.18,53.31,49.91,52.73,57.07,50.04,44.14,50.45,62.97,45.75,46.21,51.67,53.44,49.32,36.39,39.15,55.44,46.09,50.63,47.79,37.34,54.51,57.93,54.44,65.68,56.38,64.4,51.87,58.79,50.13,59.85,48.3,47.15,64.23,49.56,48.56,45.88,41.77,45.07,39.93,48.59,44.36,45.65,56.9,47.23,54.86,51.49,55.44,52.6,41.54,43.41,51.74,65.74,43.83,63.22,66.39,62.42,60.98,57.67,59.43,71.2,70.39,60.67,43.57,54.59,57.89,57.97,60.58,47.04,49.84,62.26,47.39,44.73,39.57,58.55,70.73,64.97,65.06,61.72,55.91,70.69,51.75,73.57,65.12,51.93,46.77,48.32,41.38,53.02,61.75,61.57,70.69,64.01,52.34,49.42,49.09,53.06,55.05,52.48,63.82,54.55,64.98,63.32,76.55,59.67,63.42,69.35,55.19,57.27,51.48,47.69,58.83,69.76,64.0,51.75,60.67,65.9,64.98
1030500037,Telkom University Surabaya,95.04,88.03,94.21,86.28,91.87,80.11,95.66,84.28,87.23,79.32,76.93,75.13,82.46,86.87,73.89,78.72,85.76,79.6,96.39,75.1,83.9,87.77,76.26,88.21,85.93,75.78,84.13,76.55,81.31,94.18,90.56,89.17,89.93,90.87,84.69,84.64,89.68,92.51,93.04,93.55,97.24,85.86,96.95,96.74,93.14,94.19,86.98,87.06,96.76,93.01,93.86,87.55,88.39,87.07,88.85,95.74,68.05,69.74,73.38,79.18,77.56,65.83,88.9,81.67,81.69,74.83,84.31,84.46,83.96,74.8,72.39,84.12,85.01,89.53,81.91,71.99,76.69,80.68,64.09,85.95,87.44,69.18,72.97,74.3,74.89,82.34,88.51,88.67,89.99,100.0,100.0,97.66,89.37,83.97,87.31,96.23,87.22,86.72,82.78,83.83,86.9,92.69,91.94,79.53,82.1,95.95,87.96,94.78,85.15,84.06,71.48,94.85,87.88,87.13,77.13,90.29,87.35,86.19,84.27,70.15,84.42,80.14,91.13,85.48,82.22,91.64,80.17,97.22,96.74,87.11,92.93,83.48,98.59,98.0,91.17,89.74,95.8,79.52,89.81,75.52,73.24,84.1,76.61,74.37,61.47,79.23,74.84,75.92,93.85,83.61,89.78,89.09,93.04,85.78,88.16,98.56,85.61,97.64,97.95,100.0,95.61,92.85,98.24,89.1,93.37,81.07,98.28,79.59,92.9,91.06,83.31,83.74,82.75,84.87,89.45,91.42,90.89,90.91,95.42,90.45,93.9,92.95,92.95,93.56,90.62,81.61,94.69,99.02,82.87,94.7,91.96,94.14,98.74,97.29,88.54,87.71,88.93,89.86,92.95,87.84,86.59,85.53,90.19,83.84,90.48,86.9,76.06,88.68,90.12,93.43,81.32,80.2,89.7,83.88,88.41,93.97,88.78,90.08,83.11,91.46,91.8,86.4,90.2,91.48,92.78,83.17,83.51,83.14,84.31,69.51,92.69,91.44,76.66,82.08,87.61,88.2,83.61,93.28,84.09,82.89,86.66,75.37,72.45,76.8,74.54,81.03,76.45,81.46,86.43,80.32,84.37,79.25,86.55,74.12,85.78,81.94,79.38,77.33,78.88,96.28,81.48,83.16,90.32,92.36,89.42,91.43,97.12,94.49,100.0,91.62,77.91,84.18,76.77,88.64,82.42,85.22,74.78,76.95,73.88,97.47,88.03,91.01,96.02,84.81,91.53,85.39,92.85,84.79,93.8,94.26,78.99,97.66,100.0,91.55,89.3,76.34,86.62,83.82,84.4,84.32,94.26,94.79,100.0,95.42,99.51,81.94,84.63,80.97,78.6,86.81,84.91,73.67,90.5,74.66,85.8,85.1,82.88,81.78,88.24,88.25,87.15,78.88,83.85,84.64,83.17
1030500038,Telkom University Surabaya,87.27,89.42,74.99,88.47,78.16,80.79,79.32,93.39,57.13,60.44,67.77,59.59,74.59,64.95,70.37,66.09,66.13,71.03,68.35,72.52,62.87,66.56,53.47,60.34,62.13,62.27,69.4,60.25,77.0,76.59,76.4,77.34,77.08,88.08,77.01,75.64,67.04,60.75,77.11,74.39,74.68,89.5,83.8,91.8,74.74,57.79,66.94,69.57,70.13,74.46,67.73,72.39,66.96,62.57,69.69,71.61,75.94,75.68,72.78,70.43,71.56,62.3,61.63,68.56,74.37,79.86,88.69,80.27,72.33,80.7,70.77,65.71,73.76,84.14,71.01,85.97,87.16,91.82,67.7,78.58,71.9,78.69,66.32,68.14,67.24,68.71,87.94,82.33,78.92,73.55,76.23,72.79,74.45,84.63,76.0,84.15,71.38,73.66,82.11,81.24,73.47,65.99,73.44,70.99,70.18,77.2,77.86,73.41,82.09,73.14,65.35,65.57,71.31,65.05,74.47,54.14,64.75,72.26,68.3,59.97,69.66,73.87,58.41,76.35,64.03,66.97,60.81,78.23,100.0,76.0,78.19,72.86,70.84,78.76,74.55,79.37,73.26,78.55,64.08,64.96,83.97,75.35,72.91,73.76,78.32,74.7,70.52,80.51,70.24,61.62,71.53,66.78,68.33,67.01,78.33,71.92,70.47,72.55,66.08,62.87,68.35,61.51,71.74,71.73,61.64,73.41,77.3,89.64,72.55,75.67,58.57,67.4,74.26,80.76,81.08,75.2,82.14,84.63,72.21,77.37,64.91,82.14,78.2,77.16,72.87,79.24,78.87,67.32,74.12,75.37,70.71,80.01,84.29,79.8,61.12,66.92,63.51,64.32,64.09,73.65,61.35,62.76,68.15,78.35,80.08,74.44,66.13,73.84,77.46,79.32,79.61,80.02,76.63,74.28,75.33,91.59,86.51,77.99,87.24,75.6,82.55,75.65,89.18,85.24,87.92,86.04,80.28,85.73,79.94,80.23,81.43,78.25,72.82,71.26,77.15,71.43,77.61,78.71,93.81,85.66,71.89,84.12,88.13,77.32,85.18,82.82,88.03,83.52,76.76,77.6,77.46,76.32,69.7,79.12,83.14,81.54,76.25,75.06,72.55,70.56,80.34,77.95,78.46,83.44,84.38,91.53,71.62,74.94,97.39,80.06,79.04,79.98,73.11,73.58,73.0,67.72,83.69,87.48,73.4,81.39,75.43,81.75,79.2,82.53,79.62,72.83,78.61,79.65,85.74,79.78,70.78,73.16,80.62,72.92,74.7,63.73,52.76,64.92,71.42,49.42,73.28,66.66,75.49,75.64,76.47,83.14,76.18,71.05,77.92,73.94,78.83,77.81,74.61,79.54,75.76,76.38,68.79,74.3,56.97,63.82,49.21,68.05,77.92,72.68,66.72
1030500039,Telkom University Surabaya,70.06,49.94,54.3,60.75,70.81,49.95,67.18,71.47,59.95,55.37,53.13,40.08,55.13,56.09,54.92,42.07,57.12,57.51,55.34,54.82,46.03,55.04,44.9,68.87,68.52,60.98,59.4,60.34,65.05,75.91,65.05,78.58,65.18,66.72,66.7,59.18,57.18,63.98,56.81,60.25,55.69,60.34,55.2,63.79,54.61,62.24,58.76,43.48,52.75,51.31,54.08,58.73,55.79,53.06,57.3,50.7,47.97,53.18,57.63,54.03,48.28,54.15,50.19,48.2,55.76,45.63,45.75,50.45,51.18,56.85,49.25,64.66,53.69,66.48,46.92,54.64,56.34,60.06,61.85,67.86,55.08,58.69,51.71,64.67,51.06,50.84,62.45,62.51,57.25,59.99,57.77,65.69,56.46,52.76,60.38,62.05,46.01,50.6,48.4,48.51,46.23,54.99,58.6,63.52,59.14,58.52,59.72,53.57,59.39,62.23,59.36,58.92,63.22,57.34,57.07,60.4,56.23,69.91,69.75,64.47,51.97,63.24,64.83,51.79,58.66,63.52,62.29,51.23,58.99,58.68,54.58,48.25,58.96,51.85,52.11,43.89,52.77,58.9,52.37,67.92,63.8,64.28,62.45,59.17,68.8,63.28,64.03,60.22,55.87,55.62,48.02,50.23,61.54,60.03,50.97,60.72,49.18,63.44,86.68,61.04,65.8,65.79,69.13,60.88,64.99,73.02,60.65,67.67,51.84,62.4,66.56,57.99,60.7,63.24,52.2,51.74,51.65,62.08,68.4,54.27,57.67,57.48,51.71,47.95,67.25,61.94,55.5,61.4,59.98,59.72,57.71,50.6,39.42,49.55,53.86,56.2,50.93,64.87,57.96,42.85,69.8,67.28,57.56,55.16,61.44,50.9,58.92,52.09,64.97,56.11,58.37,56.45,64.47,61.7,61.96,63.15,56.61,70.22,62.39,59.0,59.79,44.4,53.77,56.7,62.98,56.22,65.59,67.13,60.54,57.2,65.38,66.75,51.32,49.68,46.72,52.19,52.76,60.54,60.3,68.7,53.73,51.73,69.77,59.58,61.72,61.54,55.38,60.21,59.0,59.07,62.94,68.92,67.74,61.38,58.6,62.21,59.29,61.06,68.26,57.89,62.22,69.72,45.4,54.03,56.98,54.15,53.17,54.15,62.1,51.67,63.43,56.66,50.62,53.38,62.02,63.85,58.56,54.03,55.15,54.26,48.89,45.29,50.03,67.59,53.71,41.33,50.65,58.74,53.08,47.81,64.72,61.37,51.99,59.72,73.28,63.56,66.04,49.76,57.71,44.9,41.83,54.99,51.53,50.75,57.14,58.66,53.75,58.23,57.82,71.49,49.92,59.23,41.09,59.58,63.73,62.35,60.64,67.75,61.82,63.71,48.97,40.85,53.49,53.54,32.55
1030500040,Telkom University Surabaya,82.84,83.36,95.74,85.73,82.63,89.04,85.35,78.81,93.02,94.76,82.61,100.0,92.19,83.54,99.09,90.22,91.64,85.69,90.91,92.75,88.62,83.29,84.92,91.43,91.67,100.0,88.21,100.0,92.57,93.88,87.92,100.0,100.0,95.94,91.89,92.66,83.53,78.62,96.46,79.88,84.8,98.66,87.53,86.56,85.18,88.59,93.29,90.87,89.83,84.82,90.87,85.2,97.33,98.07,90.27,94.7,67.47,69.11,67.37,71.99,94.83,88.18,95.61,86.93,79.33,82.73,92.09,81.91,85.63,90.43,87.84,81.97,81.3,66.3,71.27,58.52,100.0,95.02,82.05,79.96,76.34,74.84,87.24,93.02,98.46,85.43,100.0,97.61,100.0,93.09,70.58,76.39,75.64,79.05,85.28,90.42,79.57,86.93,85.35,81.29,90.21,84.17,84.32,79.12,81.57,90.16,80.89,82.73,92.72,90.77,73.72,87.08,84.31,85.86,76.92,84.82,97.01,85.38,87.62,81.6,93.31,77.46,81.83,79.35,76.4,88.0,74.59,89.37,90.39,91.38,100.0,100.0,100.0,94.22,99.14,88.94,95.21,94.33,92.53,77.72,76.05,70.22,70.94,72.83,75.96,74.06,66.63,68.25,84.09,77.33,81.09,82.41,71.88,80.98,71.64,80.36,79.79,77.64,71.97,76.24,75.36,65.11,73.1,76.41,75.23,81.93,81.37,71.78,85.58,75.77,68.69,76.88,73.58,74.52,83.93,80.9,78.23,76.17,92.09,86.03,77.87,83.74,91.34,90.98,77.05,80.52,86.36,91.84,86.22,79.08,70.6,90.27,85.63,90.56,84.77,88.9,91.5,83.12,79.23,92.32,93.75,92.51,100.0,90.23,93.28,97.85,95.48,95.78,89.24,88.32,91.7,83.68,94.1,90.17,97.7,92.69,89.5,88.17,88.12,83.04,89.94,84.0,86.87,85.84,88.76,93.72,87.22,96.11,85.66,85.23,79.43,84.12,83.34,80.07,89.01,94.41,92.1,76.7,91.72,88.5,93.98,80.61,91.85,87.34,93.46,85.69,92.97,89.16,70.75,84.9,74.3,81.82,70.16,89.21,83.02,81.82,75.73,73.64,71.13,78.66,77.64,74.6,90.42,90.81,72.93,88.19,84.83,83.92,76.8,83.02,92.15,90.42,100.0,96.8,86.73,92.43,94.51,87.58,85.79,92.66,83.65,82.95,94.58,78.44,87.02,78.3,91.65,89.52,91.81,85.47,83.39,86.46,80.57,82.43,76.99,86.7,88.97,73.25,75.56,81.6,91.36,72.88,79.11,85.51,75.86,99.04,94.82,100.0,87.76,84.45,84.04,85.37,86.14,80.96,85.56,90.2,81.27,96.21,87.13,91.97,83.46,62.69,84.26,85.79,84.14
1030500041,Telkom University Surabaya,71.6,72.0,69.31,78.61,78.59,79.24,89.34,73.36,76.84,77.08,71.58,72.28,73.71,64.17,72.0,70.02,66.51,70.73,66.18,80.41,66.83,82.44,69.47,69.47,71.43,81.04,78.13,73.11,78.26,75.54,77.55,78.43,71.94,85.49,75.98,75.33,82.74,53.67,65.36,59.32,57.85,73.85,71.83,81.69,76.13,71.42,80.24,76.35,86.2,74.33,68.86,82.85,84.8,72.54,84.36,70.24,92.53,85.5,75.94,80.26,79.42,64.57,70.15,73.78,70.55,66.26,77.52,68.59,72.99,82.2,79.61,78.12,70.66,76.38,73.24,64.95,75.93,93.3,79.37,87.57,75.04,86.84,85.75,78.86,79.08,81.87,73.33,70.21,81.12,81.18,58.21,66.63,71.55,70.32,59.29,60.24,58.05,56.3,75.21,71.03,66.33,84.31,84.3,75.19,73.36,65.49,74.15,78.35,79.01,76.16,80.1,71.86,79.58,75.81,80.16,86.2,78.66,75.47,85.43,84.06,72.53,73.86,70.49,75.37,78.71,85.54,75.53,77.99,68.85,75.53,71.24,78.14,75.76,83.12,72.61,75.66,83.14,69.7,74.14,68.79,72.22,72.73,79.34,77.34,87.63,73.65,77.84,86.06,71.69,67.47,78.99,66.74,71.36,70.46,64.94,78.43,70.63,73.88,74.91,71.37,90.73,90.2,89.27,81.84,89.68,72.13,81.72,84.9,81.53,85.45,82.04,85.37,77.33,68.73,79.37,70.0,81.61,75.25,71.36,85.98,79.27,76.25,68.3,73.54,76.8,73.95,76.55,74.9,68.05,68.92,86.33,79.42,69.51,81.48,73.73,75.21,84.97,68.83,73.58,72.27,70.68,65.08,73.21,56.16,76.95,89.6,77.33,76.93,78.57,82.86,81.84,76.49,70.28,77.13,72.51,58.27,69.19,75.91,64.5,73.07,61.14,63.81,67.43,73.0,73.27,76.25,62.59,63.53,75.52,78.4,80.72,76.15,74.17,81.84,80.63,79.9,70.55,80.2,82.39,83.13,76.45,73.36,71.93,84.41,79.39,73.7,79.4,72.03,79.42,63.29,65.78,59.64,77.49,68.37,67.88,74.59,67.41,75.66,63.35,65.68,67.18,77.05,79.43,85.31,72.48,73.81,69.64,73.42,80.72,81.79,73.37,81.49,87.46,77.82,67.47,72.16,79.41,70.23,71.08,64.52,78.9,74.53,65.43,59.1,76.49,69.09,68.43,75.06,63.61,70.93,66.38,76.19,65.23,79.18,71.79,73.01,67.91,75.44,68.29,78.73,83.52,81.58,77.03,88.11,68.9,78.37,73.73,77.44,83.44,68.04,69.51,64.17,86.3,65.25,95.71,80.64,81.67,82.37,71.56,87.23,78.28,79.09,86.13,100.0,81.61
1030500042,Telkom University Surabaya,90.44,90.96,89.29,88.84,84.49,88.66,99.75,92.78,72.35,77.33,75.97,59.68,78.57,81.35,83.6,73.68,72.38,67.08,78.56,76.57,68.21,73.58,80.85,93.33,91.62,88.19,95.01,89.63,88.81,87.3,78.5,80.7,95.43,81.27,95.53,86.06,98.61,75.97,77.61,70.13,69.49,69.88,74.01,80.88,77.39,95.81,88.83,100.0,87.72,74.32,88.78,89.19,92.99,92.14,92.99,90.06,75.37,73.46,76.06,74.79,88.82,90.83,77.6,90.61,100.0,89.68,99.19,100.0,80.71,79.71,74.79,76.87,72.43,84.77,88.43,95.32,94.53,82.31,87.69,94.94,89.23,90.96,85.57,86.93,93.55,87.34,83.74,82.07,74.83,71.41,82.15,84.04,89.42,88.26,95.3,95.76,83.58,90.3,69.53,75.72,79.25,72.81,86.3,84.58,73.32,80.33,82.88,83.87,87.56,92.19,81.14,95.82,91.32,87.43,93.7,94.26,86.6,96.59,86.15,89.91,86.56,84.06,95.45,97.42,87.95,97.22,89.5,83.24,98.25,95.24,87.46,92.74,89.7,95.49,93.66,88.83,96.27,82.02,83.5,82.78,86.44,91.84,75.61,89.35,78.15,88.67,91.04,85.94,78.53,84.2,81.24,81.98,81.95,79.07,86.11,87.63,84.92,80.97,84.85,68.18,81.18,91.67,86.52,82.56,84.99,87.89,76.99,79.38,85.52,82.18,93.58,94.87,82.21,94.39,85.39,83.87,87.45,80.89,87.7,87.56,94.81,81.05,79.91,87.41,86.53,90.19,87.21,91.34,89.38,97.94,96.89,92.73,92.3,93.25,90.56,83.7,84.23,85.99,91.77,85.8,86.18,89.24,86.21,85.92,82.34,84.14,85.66,78.19,75.74,83.18,80.49,84.24,69.45,83.14,87.53,96.46,95.3,95.02,79.49,98.18,87.66,85.39,95.27,90.5,82.08,89.12,89.11,89.78,72.46,88.25,81.44,80.75,74.91,86.89,78.31,69.07,67.11,73.31,91.42,91.13,83.84,79.06,92.06,91.36,85.56,92.68,94.5,99.18,94.05,88.06,88.73,97.66,89.03,82.83,92.23,94.06,100.0,90.21,90.11,81.59,90.12,94.81,92.64,94.37,87.57,98.14,89.92,100.0,97.2,91.03,74.67,86.89,92.1,91.78,85.95,83.5,76.93,81.94,77.68,87.38,85.59,80.23,85.15,100.0,79.97,83.52,85.86,88.01,91.68,85.92,91.33,74.17,82.34,69.49,87.62,83.64,94.19,82.85,84.87,86.81,71.88,86.9,76.67,88.48,84.82,85.36,69.07,84.58,83.34,84.66,86.57,88.26,87.76,85.86,91.69,84.02,84.83,85.85,80.65,74.52,71.2,69.81,82.84,72.46,73.57
1030500043,Telkom University Surabaya,79.92,79.17,84.12,96.44,83.81,74.0,84.69,88.47,80.48,98.58,78.84,75.85,75.19,88.79,79.31,79.92,70.4,78.25,77.19,81.79,65.36,82.75,88.31,83.89,79.68,92.56,78.12,92.81,85.9,77.8,78.95,77.57,74.44,81.25,76.99,76.41,76.41,80.38,75.95,83.2,82.19,82.07,80.44,88.97,86.57,74.92,78.48,95.58,75.75,77.97,79.92,90.4,91.74,74.96,73.66,79.78,86.81,97.59,79.7,94.14,83.94,84.78,83.84,85.53,95.04,88.18,82.6,95.82,82.1,86.34,87.03,90.24,91.05,76.01,90.95,89.37,82.99,81.44,76.79,84.51,84.68,73.97,85.47,93.86,77.78,80.52,89.47,76.7,70.65,81.72,89.06,79.73,80.33,75.74,77.65,94.62,100.0,97.32,87.82,81.94,92.7,83.46,73.82,71.41,73.09,78.84,83.42,84.11,76.28,80.4,85.63,82.0,76.03,74.66,69.15,74.37,81.0,82.32,91.31,85.18,83.93,82.72,71.53,69.45,89.41,74.71,89.1,80.02,92.82,88.28,94.92,73.94,91.53,74.73,88.0,83.68,91.9,84.58,81.33,82.4,78.62,80.99,80.05,75.66,87.9,79.66,84.3,87.29,86.22,94.5,88.95,88.57,94.82,91.1,91.18,95.7,89.91,94.45,84.06,90.17,87.55,90.95,76.92,90.38,90.4,91.69,92.76,85.17,79.99,78.16,76.38,90.41,83.4,92.19,80.28,78.07,77.25,96.15,71.96,85.85,80.43,67.86,77.71,78.24,81.34,83.33,75.36,80.6,77.45,84.46,90.31,86.28,93.65,84.05,70.94,82.5,74.18,68.23,74.38,87.31,82.74,90.18,96.27,79.83,74.58,83.2,73.51,68.43,75.11,65.25,68.22,77.69,78.1,68.7,76.01,80.38,72.97,58.79,68.4,70.54,62.04,69.76,69.71,70.16,66.46,62.78,70.23,65.36,81.99,82.29,77.69,82.44,92.26,92.32,88.33,79.72,90.83,91.17,85.75,89.22,100.0,96.1,95.27,89.5,76.95,90.08,80.84,85.94,88.08,92.51,68.14,89.18,75.72,71.21,75.93,85.48,82.17,80.81,84.94,76.9,83.48,82.55,95.11,92.38,85.56,91.87,93.47,85.9,98.01,98.14,87.35,90.24,96.76,94.84,95.47,94.61,94.8,89.73,94.62,87.53,82.01,75.06,86.56,80.84,83.37,86.68,82.97,88.71,77.82,96.67,72.71,65.77,71.77,62.0,65.56,94.77,84.8,76.54,81.12,85.59,75.18,72.61,89.91,84.23,85.95,84.83,88.41,84.45,86.0,85.23,91.11,86.47,88.89,96.51,88.8,75.54,79.16,85.33,99.73,85.44,100.0,93.76,83.15,90.54,90.37
1030500044,Telkom University Surabaya,78.91,85.25,84.1,74.93,82.67,69.48,80.71,80.42,92.04,98.05,79.89,92.88,88.62,87.48,86.15,86.81,87.69,82.72,86.18,94.61,90.34,95.96,87.99,81.44,87.02,70.41,72.45,76.83,89.34,87.87,93.43,99.1,87.95,91.09,93.68,92.76,79.37,90.16,88.45,79.04,90.09,80.59,75.19,76.36,75.4,62.44,70.87,73.6,76.87,70.77,77.49,81.43,79.26,75.51,70.74,74.98,78.37,79.72,99.02,81.11,73.27,84.4,88.56,72.45,86.54,98.12,86.33,87.53,99.29,89.23,93.4,95.68,79.88,93.69,99.02,97.15,78.25,85.95,78.63,81.72,82.72,89.3,81.23,85.69,83.89,95.53,90.22,90.97,91.83,96.45,89.14,83.19,82.07,85.61,88.18,85.96,89.81,89.27,71.53,79.24,84.17,86.5,85.89,96.05,84.67,98.05,83.04,91.87,100.0,86.13,91.87,94.22,90.1,85.02,87.48,82.66,82.29,93.72,100.0,95.9,78.75,81.89,86.82,91.91,90.02,90.2,83.46,90.31,92.82,84.82,87.39,90.09,100.0,88.8,85.05,85.25,100.0,91.55,100.0,78.11,92.06,100.0,98.85,92.96,86.0,96.3,100.0,94.97,84.61,69.44,80.15,85.26,81.57,85.08,85.26,74.74,95.06,84.65,85.42,87.97,88.98,92.41,92.67,78.19,98.76,100.0,85.46,76.14,87.8,88.83,79.84,85.27,86.67,95.18,88.88,85.55,86.16,85.62,84.26,84.6,88.66,93.79,92.06,97.08,91.08,94.0,100.0,91.73,90.53,83.76,91.59,81.98,80.46,70.78,76.26,79.26,82.32,84.56,76.25,80.04,73.42,70.74,81.92,70.69,93.28,88.64,78.29,87.24,87.43,96.68,82.64,88.45,95.26,86.85,89.62,91.0,92.32,99.48,95.44,90.05,86.17,89.85,87.14,89.48,83.97,98.13,100.0,91.48,89.09,75.42,83.82,83.25,73.79,78.76,73.44,72.39,87.77,69.79,84.32,78.71,85.84,98.04,77.69,73.09,77.25,70.77,78.3,76.67,94.12,82.61,83.59,85.98,84.73,81.73,86.15,78.42,80.79,86.9,87.39,100.0,82.41,88.36,89.72,75.07,85.56,84.54,92.94,93.74,93.47,81.87,88.8,70.84,85.26,75.29,77.42,72.19,87.06,84.92,74.27,83.38,86.86,74.83,88.82,87.65,100.0,73.33,87.27,82.1,90.37,92.52,75.66,78.62,83.55,77.62,85.93,80.26,68.41,67.18,69.94,77.94,79.7,91.25,78.36,74.05,74.9,92.87,98.23,84.01,83.43,85.57,84.3,82.66,73.87,89.49,98.32,96.1,92.54,96.91,100.0,95.78,84.34,95.63,85.6,88.04,84.55
1030500045,Telkom University Surabaya,51.98,54.14,54.63,52.8,60.01,59.57,52.27,51.17,75.9,62.19,64.22,72.0,66.74,60.48,61.43,64.55,68.46,61.1,64.12,63.84,64.41,55.08,54.27,60.34,50.73,61.18,64.54,66.31,50.64,58.95,57.37,59.44,55.74,53.74,61.56,51.79,63.02,63.4,47.48,56.59,51.66,60.39,68.92,68.19,72.61,59.52,56.54,63.84,65.38,59.37,56.79,60.49,63.66,56.57,59.37,61.89,50.07,54.53,56.64,66.36,57.07,46.51,56.96,66.68,45.07,52.41,62.81,55.81,59.72,53.74,52.09,68.53,60.22,50.42,50.65,40.61,65.81,41.8,32.46,61.68,59.64,53.52,61.71,62.99,63.17,74.18,63.83,60.42,66.81,64.95,59.5,63.05,46.53,55.63,55.21,63.92,59.19,54.37,55.89,45.05,65.34,56.77,52.16,52.81,61.27,60.09,57.75,60.01,66.23,65.5,63.67,53.65,46.03,61.25,60.69,63.46,65.2,62.84,62.9,63.53,65.0,63.74,60.51,55.95,56.2,70.66,63.23,63.06,55.05,44.83,62.34,55.41,61.76,56.61,58.39,63.49,55.21,56.73,48.96,56.12,39.85,45.43,48.88,33.67,42.79,58.3,50.86,47.77,51.22,62.4,67.41,54.49,52.52,47.42,68.21,65.04,73.05,63.3,55.62,58.71,59.81,50.85,51.05,51.36,57.33,48.66,64.1,65.08,55.06,60.24,65.51,62.38,60.28,63.7,64.9,62.76,56.88,64.32,62.74,60.78,51.12,61.4,58.07,57.75,50.27,60.69,59.29,59.0,53.77,63.45,47.34,52.15,48.9,54.51,61.03,65.62,60.1,56.08,65.61,47.59,56.57,63.47,65.31,54.71,56.86,45.6,58.69,43.94,54.18,55.5,41.62,49.95,54.31,54.43,52.12,42.71,47.88,54.92,58.55,55.5,56.0,47.79,53.98,43.05,55.45,47.89,51.17,49.63,72.92,74.02,68.83,73.01,68.01,60.16,55.92,64.5,51.11,70.66,65.54,49.82,61.0,59.46,62.86,46.41,57.77,51.41,44.33,51.93,61.28,56.11,54.71,47.48,47.53,60.73,44.35,53.73,47.25,55.5,44.43,51.62,56.1,56.22,53.61,56.15,58.16,57.76,61.44,52.72,58.08,51.78,47.01,45.6,39.43,50.24,62.54,47.74,41.55,50.97,57.21,57.16,57.0,62.56,52.6,63.44,56.08,52.48,58.15,53.44,55.71,61.38,54.1,56.33,59.32,62.37,58.82,62.91,72.52,69.5,59.44,66.3,63.65,52.09,49.03,49.16,47.53,56.29,49.96,56.88,57.83,59.77,67.14,54.47,51.57,60.35,41.74,54.59,55.4,47.04,50.86,56.35,61.25,71.63,61.7,62.77,66.23
1030500046,Telkom University Surabaya,66.32,71.21,70.83,71.97,70.03,70.77,72.46,72.39,74.69,74.45,68.41,76.92,87.2,77.52,75.54,61.81,71.86,79.62,75.78,77.89,77.48,76.81,73.73,81.93,71.88,71.04,77.18,86.22,76.16,71.57,75.82,64.91,74.79,71.42,63.13,66.56,77.7,75.94,90.37,82.0,76.28,72.43,77.79,90.63,80.01,71.9,75.43,70.81,78.83,73.94,84.37,72.78,70.1,66.13,90.13,70.09,65.48,57.53,62.94,55.18,75.04,94.89,82.33,79.48,86.06,72.45,86.33,83.51,85.81,80.82,70.69,76.21,76.48,80.57,73.7,76.01,81.42,84.4,76.61,67.51,64.01,60.84,72.88,66.62,79.71,68.65,74.73,78.64,81.78,82.47,90.2,84.37,84.14,82.31,75.44,85.72,76.18,63.36,72.57,72.11,73.67,66.48,73.39,69.1,63.86,69.61,59.06,59.1,73.35,62.91,58.56,62.22,71.85,77.32,64.15,67.29,56.31,67.66,66.03,72.95,65.75,63.63,61.17,68.92,77.91,60.74,62.66,56.28,69.58,70.6,81.01,72.85,65.58,80.89,66.42,71.62,56.91,70.45,70.51,67.3,63.78,77.35,80.77,62.31,63.0,61.34,75.65,65.96,71.67,75.77,68.61,70.51,72.5,75.01,72.36,68.06,74.82,74.31,86.8,79.58,69.9,70.21,73.07,62.61,66.36,79.35,71.92,90.52,63.04,72.13,53.33,58.93,64.75,67.14,60.74,59.86,61.12,53.86,59.99,56.95,58.81,55.49,50.39,62.88,69.54,55.28,55.49,57.52,62.95,66.33,75.72,70.16,83.19,76.85,83.77,83.65,76.66,77.74,73.99,75.11,80.8,82.97,86.19,79.1,81.06,78.62,77.56,88.13,76.16,81.69,84.74,68.5,89.48,76.75,61.92,77.94,78.39,78.84,68.31,85.06,84.95,72.02,76.35,70.17,83.7,80.75,73.81,80.7,69.71,84.37,75.96,71.82,74.42,76.46,83.44,81.37,75.52,76.8,91.7,70.69,88.93,76.25,88.13,69.11,69.18,75.53,72.36,75.13,84.9,76.46,77.59,80.72,74.08,85.32,81.38,77.5,76.9,77.05,86.95,72.51,76.0,77.9,89.2,93.77,91.35,94.43,65.75,80.13,85.31,79.96,72.94,72.11,75.5,77.21,64.85,71.13,70.77,76.16,76.96,70.33,73.01,70.77,78.35,69.57,83.44,82.79,70.87,70.15,77.27,73.84,71.12,78.71,76.14,78.6,74.78,72.62,65.47,79.49,83.32,73.0,72.26,87.59,87.26,73.9,85.06,67.35,71.34,67.21,51.52,88.16,84.89,82.76,70.21,79.66,84.57,82.85,85.19,76.49,78.17,78.49,76.6,74.08,81.21,92.71,92.99
1030500047,Telkom University Surabaya,69.52,85.22,84.05,79.54,66.97,80.98,87.41,79.51,76.21,81.66,89.46,78.94,89.54,80.47,95.98,80.84,94.81,81.77,77.13,81.69,83.53,89.15,93.13,80.93,82.49,89.64,80.69,89.14,86.01,92.38,80.32,94.92,86.9,89.62,95.97,86.15,98.99,92.33,95.88,93.98,88.15,85.81,74.96,85.31,83.66,77.18,75.0,78.0,70.71,92.07,88.7,79.91,88.03,85.83,82.04,87.96,90.64,84.97,94.04,92.36,95.19,95.47,81.67,80.55,90.98,72.52,81.36,88.65,82.56,83.12,84.87,88.12,85.53,75.85,86.71,77.11,95.85,85.6,99.36,86.88,84.69,91.67,82.78,84.0,79.98,81.5,79.28,76.44,66.74,86.99,95.43,87.4,93.16,89.23,78.78,90.6,87.52,85.85,75.65,84.24,81.29,94.87,88.68,84.83,89.03,89.08,92.33,84.96,98.94,86.12,82.9,92.03,82.66,88.83,91.71,85.65,96.93,90.61,91.36,100.0,94.22,92.48,87.52,85.54,85.64,98.15,84.76,85.61,83.14,79.61,83.31,100.0,78.2,86.01,90.22,76.61,92.19,82.69,87.35,62.37,88.55,71.72,85.54,88.31,81.71,76.87,76.29,81.31,81.58,90.52,74.16,64.01,77.4,91.94,78.19,79.51,81.38,77.1,73.94,87.3,77.63,76.13,74.93,81.76,77.99,76.9,65.22,69.29,84.55,92.95,90.36,79.27,83.22,85.22,86.72,85.45,79.37,79.56,89.06,90.79,78.34,80.7,81.26,80.23,79.72,86.0,86.83,76.67,80.34,76.05,90.21,95.84,93.46,91.91,92.57,86.84,84.24,82.07,82.7,79.41,78.68,87.32,80.06,64.81,83.92,93.58,75.49,87.8,95.49,82.99,72.0,77.78,87.26,91.81,93.83,86.39,83.13,82.3,80.91,82.21,80.5,82.61,80.26,79.25,88.15,80.71,80.31,78.4,88.33,90.64,82.87,82.97,76.05,73.19,71.42,74.8,65.66,74.06,83.09,90.3,84.21,81.61,87.72,80.11,79.33,71.16,84.29,67.18,92.64,98.94,92.43,81.7,84.56,100.0,99.95,82.02,86.88,82.91,89.9,100.0,100.0,84.38,92.68,87.77,84.96,94.66,77.84,98.77,87.02,88.34,84.2,79.6,84.1,74.88,74.23,81.72,91.6,92.25,73.5,82.35,80.63,77.99,83.97,89.68,88.75,94.1,86.3,90.1,84.39,82.01,88.43,69.07,74.83,76.66,82.75,90.65,76.67,82.23,82.27,85.19,74.35,81.38,87.78,91.1,71.52,83.92,95.27,91.76,100.0,66.26,93.5,77.98,84.28,77.32,84.52,85.07,97.71,90.73,81.08,93.37,86.99,94.49,79.64,95.63,92.78
1030500048,Telkom University Surabaya,90.63,87.04,88.91,86.59,99.44,88.84,78.2,98.47,71.3,82.73,77.03,62.99,61.97,78.24,72.49,60.14,65.19,64.11,67.31,66.73,80.84,63.19,64.37,75.32,81.84,80.69,75.86,78.86,94.21,83.04,93.59,93.44,80.37,95.45,93.46,94.15,79.05,99.18,91.84,94.69,97.47,80.65,86.69,78.21,73.61,89.18,93.18,90.46,100.0,94.4,79.44,94.24,100.0,96.15,100.0,100.0,77.72,100.0,94.3,88.74,81.34,87.52,79.62,76.05,87.98,81.74,77.27,74.94,86.17,72.95,79.17,93.41,90.9,88.94,82.75,92.68,90.52,84.91,96.46,87.38,88.04,86.94,81.32,89.1,100.0,84.44,69.75,71.57,73.51,70.51,89.93,88.06,88.39,86.22,92.65,82.97,85.74,94.17,81.38,77.7,89.0,86.19,83.82,83.38,82.63,80.71,90.66,84.4,72.69,83.94,70.53,88.37,79.94,81.56,89.59,90.48,80.14,87.86,83.14,89.2,96.64,86.04,75.64,87.09,80.39,85.62,80.25,85.59,80.67,82.67,82.05,84.93,74.33,86.24,71.53,75.91,88.2,74.81,82.24,68.63,74.28,71.45,80.71,69.25,66.6,80.51,72.34,76.93,87.68,84.86,85.59,83.74,87.83,95.65,99.89,85.67,93.68,89.39,66.07,75.39,75.03,77.77,72.06,67.42,77.53,90.66,100.0,93.97,85.3,85.13,76.72,83.33,86.26,80.19,94.38,79.89,96.47,88.61,88.34,96.59,88.78,86.81,78.49,81.22,78.64,79.15,91.62,78.62,85.34,90.09,88.5,89.11,76.15,87.8,90.74,90.26,84.15,81.0,78.88,84.1,95.94,75.95,91.36,87.27,94.88,98.3,91.51,88.43,86.55,86.89,91.84,88.64,88.15,100.0,88.81,85.84,87.11,100.0,86.61,85.56,76.97,93.81,97.45,90.35,89.89,88.19,86.43,93.85,78.17,75.22,85.03,82.88,78.32,89.05,96.33,90.79,90.83,85.34,100.0,94.55,95.09,90.78,95.23,86.45,94.34,89.84,85.22,98.22,89.41,85.79,100.0,91.29,90.82,93.96,93.53,87.3,77.19,100.0,89.97,100.0,99.18,100.0,76.82,72.72,67.27,72.25,75.84,74.2,70.53,69.27,77.7,78.48,87.46,81.52,75.66,86.51,79.8,86.5,77.62,88.87,91.84,88.91,82.43,74.62,98.78,74.21,80.07,94.91,88.66,86.97,77.35,93.39,92.14,95.95,84.93,93.01,91.49,94.07,100.0,82.91,84.08,87.82,97.86,84.79,94.35,82.94,92.09,77.85,69.16,89.26,87.64,86.27,85.81,91.19,85.27,94.81,91.89,89.3,93.58,83.11,89.46,92.88,91.1,91.96,100.0
1030500049,Telkom University Surabaya,66.83,81.44,73.36,75.6,68.76,63.91,79.08,74.85,87.5,88.85,86.33,91.14,82.2,90.67,91.32,90.9,86.37,90.25,90.94,92.0,93.71,81.11,92.32,74.94,80.94,81.17,78.31,75.5,82.12,86.55,82.58,85.74,78.52,85.57,86.3,85.55,84.31,100.0,98.16,86.79,90.59,100.0,81.83,92.93,87.09,86.24,85.3,95.4,84.59,96.69,92.94,82.24,84.82,88.57,83.43,94.28,87.99,84.64,94.32,83.93,91.91,82.11,82.85,89.84,85.82,86.57,93.04,93.05,82.55,74.01,88.64,74.05,94.38,88.58,89.56,78.81,94.1,99.95,92.43,90.68,90.58,94.12,80.06,86.09,77.52,74.72,84.39,84.61,88.99,84.64,62.51,66.01,69.98,67.14,80.89,85.59,87.14,91.76,91.63,87.36,91.54,89.17,88.07,76.15,75.16,77.53,72.64,80.01,80.59,80.67,73.1,76.82,87.72,80.56,79.26,80.77,82.96,75.27,74.44,80.0,66.97,69.69,79.76,84.35,85.48,86.93,76.15,78.62,82.42,99.88,96.72,98.69,91.13,90.6,95.31,92.16,85.82,87.11,80.0,86.24,85.83,68.92,92.48,89.86,97.44,80.79,90.03,79.58,77.03,84.83,87.61,79.04,78.0,76.94,92.49,83.19,88.21,82.49,87.06,92.25,98.66,100.0,91.96,93.97,89.96,85.64,79.78,81.28,94.7,87.2,93.29,85.83,86.02,87.89,80.03,88.33,91.33,86.87,97.74,89.76,94.13,90.36,75.91,78.77,86.09,92.77,85.35,76.49,81.29,91.65,74.5,84.05,88.62,91.02,81.22,94.61,85.41,74.78,88.67,80.72,78.93,78.39,78.7,90.54,81.27,81.48,74.8,92.03,93.18,77.99,85.17,84.68,83.84,81.47,81.88,88.16,90.3,84.65,95.61,96.83,91.7,82.77,93.09,85.11,76.16,90.94,95.24,80.44,81.7,93.56,83.1,94.26,81.85,83.63,91.25,77.8,92.58,88.69,95.31,77.97,96.97,94.15,87.04,86.43,67.11,75.74,71.05,83.73,75.43,90.1,91.96,80.5,89.6,83.29,83.63,85.14,83.14,86.67,81.72,86.72,80.3,81.01,92.55,97.31,89.9,84.2,85.93,87.82,90.37,89.8,84.5,95.38,89.63,97.98,87.55,89.79,82.19,82.77,85.52,87.67,80.01,90.31,88.28,90.31,86.16,95.1,89.96,88.18,83.55,87.17,85.58,92.05,84.27,96.48,88.91,82.56,79.75,78.64,82.67,87.61,78.81,86.68,75.59,79.31,81.63,92.76,75.54,88.12,82.52,71.05,81.9,77.42,86.56,83.3,85.25,94.45,84.57,81.69,96.0,93.1,84.22,92.05,95.0,95.12,93.17
1030500050,Telkom University Surabaya,79.63,83.09,78.2,65.3,84.4,74.37,72.3,85.47,90.24,89.0,92.72,91.28,89.49,87.89,86.7,82.46,89.92,95.31,88.88,89.64,96.75,90.85,92.48,100.0,98.28,100.0,96.48,89.55,93.44,91.13,85.77,89.99,94.7,84.35,91.38,87.39,94.07,79.39,85.01,72.75,78.54,88.35,87.6,83.9,91.38,85.58,87.67,94.1,87.67,100.0,90.3,95.68,82.14,97.23,86.46,91.31,89.73,82.74,77.63,83.91,70.93,75.19,78.0,80.03,84.9,77.93,70.43,69.33,80.31,73.94,76.19,66.9,78.57,90.37,88.15,95.26,77.38,88.89,74.39,100.0,89.88,100.0,69.32,77.16,86.09,83.37,84.48,80.05,76.83,81.99,88.41,90.31,95.23,86.96,80.7,75.58,73.3,76.1,97.59,98.72,83.56,75.2,80.73,80.66,84.21,83.16,76.17,70.49,85.03,87.75,80.05,80.15,68.81,83.14,83.93,94.78,79.98,72.15,69.37,76.9,71.44,72.83,70.49,76.58,77.39,93.9,80.23,91.32,83.71,80.83,83.4,82.25,92.62,86.64,91.48,92.56,80.78,92.69,68.19,68.24,81.54,74.72,83.51,72.4,77.75,82.22,85.15,91.41,77.03,84.69,79.26,86.06,75.79,83.54,74.59,81.08,76.14,83.3,91.98,88.73,94.32,95.57,84.47,90.83,98.52,79.13,84.92,87.92,67.38,88.92,71.83,73.63,75.77,70.9,79.65,84.9,80.51,79.53,81.59,73.7,72.97,86.49,81.33,68.11,87.01,85.42,80.95,84.53,85.85,76.44,96.39,100.0,86.71,89.34,67.11,72.48,82.1,68.05,79.82,86.98,66.26,73.86,87.05,80.98,86.1,89.08,93.77,97.73,100.0,90.83,96.16,90.57,93.36,96.97,87.04,91.08,78.41,90.2,100.0,87.42,78.92,80.04,91.37,74.32,83.8,87.83,100.0,100.0,84.43,78.51,91.66,82.42,84.08,86.31,90.09,83.42,86.91,78.84,88.23,92.19,89.13,98.8,100.0,81.25,81.69,92.51,96.47,74.98,82.63,94.34,90.57,97.34,94.61,90.15,92.15,94.18,84.36,90.82,86.36,88.96,94.74,85.18,88.73,83.81,86.5,97.22,88.17,87.72,76.86,83.55,70.1,81.16,73.6,66.25,72.73,85.05,75.48,67.93,74.23,86.3,89.23,88.86,81.33,89.37,94.48,95.52,80.46,86.42,82.0,78.17,83.07,93.68,81.17,88.33,93.7,89.56,87.57,96.85,83.9,92.54,83.3,82.81,82.88,87.7,86.06,90.69,90.93,96.64,88.79,63.08,80.68,71.45,72.36,73.68,77.95,63.63,76.16,70.85,87.74,100.0,93.92,88.99,89.03,94.01,92.83
1030500051,Telkom University Surabaya,68.79,74.6,75.25,70.44,75.62,71.27,66.09,68.31,72.1,66.92,78.91,77.57,64.31,74.92,73.72,58.47,78.88,70.29,77.49,57.01,68.33,78.66,78.27,96.44,88.83,85.93,82.13,81.91,66.31,54.96,69.27,66.31,60.86,61.68,68.36,66.19,56.72,73.9,68.3,72.29,61.44,74.85,81.36,73.04,85.01,79.82,83.68,84.01,78.26,86.9,73.2,72.63,81.5,85.69,90.92,82.87,64.51,80.62,77.36,82.34,70.57,71.3,78.73,80.39,62.72,83.47,69.08,74.42,60.64,65.21,63.04,69.84,64.78,81.94,78.02,69.67,82.31,71.73,72.5,73.17,78.4,78.75,71.58,71.17,80.54,70.78,86.06,87.61,90.49,73.98,80.32,74.7,74.82,66.65,71.89,50.64,65.96,60.66,85.46,84.87,76.0,62.84,65.19,60.04,64.41,65.41,72.73,65.39,66.76,64.96,68.82,78.53,65.96,64.55,71.06,75.38,64.88,66.38,65.84,62.51,74.58,64.87,81.67,65.65,67.41,79.77,87.08,70.72,78.89,77.25,77.79,86.45,83.6,71.55,74.02,79.79,70.24,76.55,76.71,74.24,81.59,74.34,81.01,75.71,72.67,67.29,67.17,69.74,72.27,76.81,73.08,61.46,69.72,70.78,66.36,65.31,68.86,74.39,79.27,71.9,86.17,65.3,78.67,77.28,65.52,72.29,72.53,82.67,71.87,65.47,71.55,80.9,80.47,69.11,76.78,83.75,73.21,77.67,71.89,77.78,76.6,85.31,72.12,74.9,81.58,84.77,89.93,68.17,77.39,88.12,84.04,72.88,82.02,78.3,79.54,74.55,78.35,78.94,74.18,90.65,84.31,89.96,78.07,73.38,83.66,85.03,81.46,74.42,81.26,74.36,77.55,87.33,94.99,90.62,76.81,72.54,69.61,71.35,70.34,72.18,77.78,78.5,75.65,66.31,71.33,60.87,75.07,65.96,81.13,77.71,88.58,92.16,74.53,80.35,79.0,83.72,82.86,79.41,73.34,70.6,73.06,78.6,88.8,64.87,73.8,76.96,65.82,74.18,66.63,86.31,84.05,91.82,77.65,75.22,79.13,74.45,78.74,88.16,77.11,79.84,74.43,83.7,65.65,72.54,70.47,68.09,72.35,79.76,71.87,66.91,77.68,92.09,89.31,68.61,69.69,67.97,76.23,74.35,84.75,51.36,71.38,75.6,81.39,67.84,92.59,85.06,84.06,84.12,78.95,78.9,81.25,77.64,72.82,68.95,68.08,89.67,91.29,81.81,77.48,79.48,80.55,83.07,82.97,75.14,78.27,90.06,83.27,84.55,73.92,80.22,77.06,77.53,84.13,69.78,73.62,79.05,69.41,67.37,76.12,75.63,78.58,74.26,68.12,89.29,74.4
1030500052,Telkom University Surabaya,56.96,43.61,63.13,70.98,52.8,63.43,64.82,54.92,57.14,53.02,62.13,61.47,62.62,57.96,45.7,53.18,42.93,47.58,61.3,60.25,50.01,51.7,59.77,54.86,47.84,45.65,61.38,51.91,63.18,69.22,59.79,55.97,63.82,60.42,62.55,65.91,70.67,59.68,54.85,59.28,52.39,66.44,69.17,59.34,60.23,54.41,52.82,48.03,40.99,42.81,47.47,54.21,54.58,48.51,38.71,49.5,65.81,41.01,48.82,48.62,55.44,46.65,63.53,53.73,59.52,64.24,62.18,55.35,55.32,43.19,60.62,50.69,54.32,53.56,58.55,51.69,64.66,56.23,65.43,56.67,64.03,68.31,78.0,64.5,76.4,65.95,60.82,65.71,54.1,71.54,61.89,41.15,50.55,44.96,48.73,55.74,59.48,51.86,46.93,63.99,52.72,60.33,54.27,56.59,50.03,53.26,42.38,50.29,65.05,51.64,58.0,59.66,56.64,58.16,50.57,63.75,51.08,55.86,53.06,51.21,52.22,64.29,66.08,58.46,41.62,54.53,46.19,54.6,64.5,64.08,50.52,61.36,61.37,54.65,57.6,56.0,56.14,65.23,47.7,54.55,48.71,54.83,55.26,59.45,48.01,52.02,44.52,52.64,51.83,57.94,58.3,55.4,67.17,63.54,54.65,50.71,55.91,51.2,50.49,47.0,50.22,45.82,46.74,34.8,50.68,55.15,63.27,74.2,49.25,59.85,51.83,58.87,47.34,47.08,61.55,49.03,54.34,66.08,50.02,59.14,37.32,56.93,54.66,57.95,56.93,53.3,45.32,60.97,52.57,52.37,55.44,59.64,58.12,58.04,57.12,42.85,49.19,51.06,37.42,44.22,59.67,53.65,43.89,52.27,60.59,65.97,57.18,63.65,57.59,75.05,54.85,60.44,59.53,64.59,69.43,49.56,41.46,61.76,55.65,43.41,43.91,42.63,51.19,56.62,45.44,48.02,56.26,48.99,63.59,50.16,57.55,58.49,64.78,73.69,64.04,60.92,78.83,61.08,66.96,73.27,58.8,63.11,64.27,45.93,46.92,57.81,50.92,40.13,68.8,62.0,56.26,65.81,69.24,74.99,57.99,62.48,68.5,64.3,60.2,65.21,65.42,59.66,50.32,52.6,59.47,46.98,51.86,65.59,47.5,51.24,67.52,58.21,54.8,49.98,63.34,58.69,52.26,58.91,55.4,51.99,52.49,56.97,49.29,56.9,60.49,51.17,60.92,57.02,53.79,61.25,44.74,52.79,60.0,58.68,61.24,67.71,64.06,67.33,55.59,62.04,52.11,46.76,57.39,60.35,47.01,55.34,58.34,60.7,54.77,45.45,51.03,36.23,44.01,58.59,46.73,56.86,52.01,52.49,67.05,58.64,66.44,59.33,69.62,64.68,65.99
1030500053,Telkom University Surabaya,69.28,85.02,83.36,72.04,79.65,74.11,64.53,80.13,89.85,77.05,84.89,84.07,84.8,76.7,83.85,80.25,81.74,69.03,76.23,81.01,81.38,70.43,95.64,75.83,74.8,74.75,72.2,72.13,74.83,87.9,81.19,90.11,76.63,92.39,80.57,89.02,80.4,69.67,76.11,74.41,82.18,84.99,83.72,93.37,80.73,75.81,71.5,73.04,77.82,81.3,82.68,78.41,87.58,75.97,84.22,62.46,70.82,75.09,87.06,78.06,57.73,75.29,74.27,75.37,81.23,73.78,74.21,63.79,77.33,70.88,69.57,68.28,64.66,76.42,87.19,76.86,76.46,80.57,80.91,81.45,75.31,70.29,76.5,81.22,71.77,73.34,76.5,67.16,71.64,55.26,79.44,72.6,75.22,71.41,69.48,74.94,80.89,75.38,73.11,66.85,65.59,83.16,76.14,77.72,78.96,77.49,73.03,72.6,68.27,68.22,75.18,64.54,78.89,79.65,75.0,76.17,66.91,81.62,72.0,79.5,78.68,64.43,74.76,77.5,73.79,71.47,67.49,65.72,75.47,72.81,85.86,68.86,77.65,69.07,73.15,65.43,83.77,62.0,76.13,77.3,76.93,82.14,72.88,76.13,74.18,76.73,76.82,64.36,67.66,70.9,67.48,64.83,76.62,71.85,64.25,59.09,60.96,64.58,78.96,71.75,71.85,88.89,75.2,86.01,81.84,79.34,86.08,78.19,70.66,83.85,70.91,76.37,73.93,70.37,72.57,82.48,58.8,78.41,69.84,78.03,88.49,68.86,77.79,72.96,75.75,75.54,73.24,60.37,75.52,72.01,81.49,84.93,80.52,76.65,70.5,75.92,85.33,82.85,86.73,81.81,80.61,76.91,80.23,77.84,75.89,68.35,83.87,73.56,61.7,69.26,73.42,81.09,78.78,78.83,60.24,67.12,68.61,53.88,60.08,73.78,65.57,67.42,58.41,74.67,66.03,71.45,60.43,60.81,71.57,77.04,72.12,65.26,77.04,81.87,83.33,82.47,77.77,76.37,77.3,70.16,81.0,80.26,83.93,88.13,74.31,68.45,73.65,75.26,90.81,81.89,90.39,81.65,86.52,81.82,71.85,76.65,76.85,81.78,93.62,85.89,81.51,87.1,82.53,57.78,73.22,65.02,80.79,74.86,63.88,72.67,81.83,88.97,85.26,82.99,82.06,87.81,87.81,77.72,85.17,62.66,74.04,71.86,69.55,74.39,69.88,60.6,80.72,63.99,63.98,74.83,71.93,75.94,79.29,76.84,71.12,65.58,65.4,61.96,59.5,63.44,68.09,70.79,60.36,57.28,71.86,84.39,80.69,83.19,74.53,72.36,78.93,71.74,71.75,57.84,80.41,79.97,84.78,82.92,77.03,77.68,74.79,75.65,73.26,65.03,73.26
1030500054,Telkom University Surabaya,51.03,60.4,66.78,61.7,57.5,57.2,46.47,59.88,42.69,65.14,58.17,62.39,47.84,45.3,57.75,55.46,55.73,58.1,57.43,53.44,52.42,46.96,47.43,61.14,57.37,60.87,68.1,62.02,50.4,45.99,49.5,45.79,48.49,41.12,45.27,53.02,44.11,59.85,70.98,68.41,61.94,79.46,67.33,60.48,77.01,68.47,80.55,72.17,68.19,59.28,74.33,51.51,50.95,78.01,56.71,56.53,50.03,53.27,62.71,58.22,55.08,52.07,59.68,51.93,63.43,46.53,63.76,52.92,62.56,61.01,48.99,51.85,48.23,48.93,58.12,42.44,58.5,50.77,59.4,68.28,68.57,63.11,61.06,61.06,63.56,55.81,65.59,55.33,50.55,60.34,53.46,49.05,54.55,45.75,62.06,65.65,60.04,55.65,53.45,59.98,53.28,71.78,72.72,62.35,64.04,75.9,72.05,66.15,73.11,76.26,61.41,65.17,64.47,66.96,75.25,75.9,72.87,77.06,56.66,62.59,67.41,73.25,66.96,69.56,62.58,70.45,68.81,46.39,48.04,60.47,52.63,61.88,70.04,65.64,62.98,72.53,61.85,57.14,55.43,54.98,48.45,61.07,55.95,61.3,58.21,51.94,56.77,52.4,44.72,53.24,57.52,57.11,60.84,46.28,54.06,40.57,53.72,54.51,56.4,54.33,66.93,59.32,61.22,62.53,60.64,55.69,58.66,45.91,54.77,71.52,59.77,60.23,52.72,58.26,62.88,59.28,57.59,53.35,52.86,52.45,45.04,60.6,64.87,51.29,52.32,52.09,58.89,45.41,59.52,45.76,53.48,65.33,54.51,59.3,55.7,58.8,62.26,53.01,57.39,47.71,53.4,44.39,46.27,50.29,63.56,64.93,65.13,58.71,57.24,53.86,62.63,52.82,68.7,58.56,51.31,65.62,63.7,58.3,76.58,68.39,60.46,59.67,69.32,72.22,71.19,70.2,67.59,75.21,60.96,56.45,57.19,46.05,54.85,50.32,59.39,47.3,65.47,73.22,60.9,58.21,57.59,50.61,65.77,53.89,56.18,54.57,54.32,45.29,52.32,59.5,46.56,44.58,57.04,41.98,53.12,56.33,55.79,40.13,49.58,46.38,41.34,49.84,62.18,60.05,73.36,70.68,58.74,57.83,57.51,65.37,47.26,58.24,44.94,58.81,58.07,66.56,59.07,61.14,65.12,60.63,56.02,49.48,52.55,67.26,53.89,53.37,63.32,54.75,42.84,46.13,52.27,66.77,64.91,58.29,61.76,55.66,40.96,42.13,53.69,52.86,57.54,39.36,55.09,46.83,54.53,47.41,60.85,60.08,51.57,49.98,67.96,62.59,74.15,63.34,64.58,58.8,42.87,51.22,51.55,47.97,60.52,59.68,52.23,60.82,50.84
1030500055,Telkom University Surabaya,74.95,78.16,73.74,80.53,63.71,68.37,67.76,84.22,80.76,73.44,73.57,72.78,80.64,83.72,79.27,79.9,80.28,78.5,74.81,71.63,90.19,70.74,75.37,86.0,75.92,82.35,78.85,78.01,77.58,69.06,92.74,84.39,86.31,79.71,73.84,83.99,81.41,72.0,66.5,62.24,72.21,69.28,85.25,73.79,89.34,56.24,60.42,66.23,80.8,67.01,66.2,71.79,67.28,72.45,68.06,77.34,68.81,71.13,76.27,77.71,81.75,71.72,71.37,76.1,69.18,66.98,68.17,68.21,79.7,76.34,73.02,74.45,85.83,91.35,77.93,80.35,81.42,84.74,72.16,67.19,66.68,59.2,77.01,82.7,77.97,83.25,79.5,76.63,75.37,86.59,85.11,68.2,85.92,81.97,86.66,84.86,65.58,80.27,77.09,84.8,84.43,88.46,84.75,82.25,93.53,81.16,89.01,79.58,77.88,80.44,76.96,75.5,88.82,89.11,93.85,82.62,95.9,83.34,88.28,87.21,97.07,84.36,89.33,82.26,78.74,88.17,86.45,68.67,73.33,59.28,75.82,73.33,67.27,83.17,69.66,81.69,85.29,75.73,68.92,78.99,69.03,76.85,78.12,66.83,82.26,71.61,75.49,82.18,86.99,68.65,85.72,77.11,86.49,84.46,81.82,75.49,88.07,84.95,80.71,72.7,80.58,92.18,84.02,70.87,81.72,71.97,69.2,54.23,72.53,78.62,65.38,70.96,72.73,62.89,64.45,46.01,71.21,70.03,69.39,58.41,64.29,72.71,68.19,63.61,61.12,59.27,63.91,72.84,70.85,71.71,67.48,79.73,82.39,88.58,62.34,60.57,77.47,70.45,66.57,90.9,76.88,70.85,85.58,68.16,74.86,69.3,70.19,82.78,75.51,78.77,81.82,89.11,82.04,75.75,83.52,73.67,73.96,83.09,70.01,75.18,67.58,74.19,62.68,71.52,71.21,73.45,71.84,83.82,77.88,74.88,70.35,85.93,81.56,67.29,57.66,74.95,73.96,80.05,72.61,78.23,76.75,66.27,72.69,67.85,62.51,72.11,72.41,72.03,75.29,73.24,74.29,65.83,65.55,69.52,61.69,68.68,71.71,78.89,70.65,63.86,69.13,76.11,50.54,62.23,58.81,70.27,64.36,55.54,71.74,64.9,70.1,78.82,84.86,77.19,83.53,71.85,66.87,87.71,81.94,76.06,81.27,71.15,68.57,65.36,79.33,75.79,79.24,68.89,69.75,56.28,67.12,67.27,81.67,71.08,76.47,87.41,80.72,78.92,78.74,75.75,65.82,63.4,71.41,57.98,64.54,87.66,80.31,77.5,78.25,80.46,74.29,68.04,65.46,74.52,83.78,69.56,81.76,91.67,73.26,78.6,72.18,77.36,73.77,75.5,71.07
1030500056,Telkom University Surabaya,55.93,52.72,66.25,59.94,63.28,54.75,55.38,70.37,55.89,67.23,58.2,60.2,70.49,58.69,60.4,46.41,65.02,61.15,55.13,75.06,55.7,54.51,58.86,47.15,55.04,42.87,61.07,54.73,55.04,57.71,49.83,49.54,61.28,59.35,50.55,60.72,74.77,54.96,66.04,58.48,56.22,55.14,65.24,62.45,66.05,64.77,66.49,67.08,57.49,61.82,60.59,55.76,53.31,68.84,64.02,70.25,61.0,56.78,56.05,55.33,61.89,62.12,66.96,55.44,57.47,52.11,63.75,65.56,65.6,56.11,55.89,56.89,54.61,62.73,54.65,61.25,60.13,52.18,52.66,58.43,67.18,61.03,60.06,66.56,59.94,53.88,63.98,64.11,66.93,72.96,54.37,61.38,58.62,64.61,50.56,46.4,43.7,57.3,59.99,56.16,45.17,55.35,53.99,58.52,56.15,57.17,47.57,48.74,58.39,50.88,54.52,44.31,43.6,49.56,54.25,56.95,58.45,51.87,53.08,55.4,54.29,54.47,61.58,63.84,41.85,55.75,52.32,53.52,53.96,65.6,59.09,66.22,62.46,65.26,56.91,51.98,56.86,54.2,57.95,47.55,57.52,61.46,60.62,55.54,69.46,58.06,65.72,47.72,50.18,47.55,51.99,55.56,56.72,53.31,48.92,59.25,58.15,63.63,66.32,65.75,75.22,62.08,58.55,74.48,72.75,68.02,60.25,46.93,45.62,46.11,43.61,59.5,35.39,51.86,49.92,45.59,44.78,38.24,58.49,48.99,40.3,46.21,57.07,47.15,53.52,53.6,50.76,37.53,48.13,55.24,47.82,64.98,65.1,63.78,73.55,66.32,56.18,65.81,65.91,58.38,47.36,66.96,54.52,58.66,53.98,60.9,59.92,58.0,55.25,64.47,57.9,60.51,60.29,51.39,60.67,55.16,50.22,60.04,61.87,53.52,61.95,53.22,54.52,47.59,54.55,52.62,50.22,58.38,62.23,65.02,53.46,66.59,56.22,55.4,55.58,49.99,64.08,55.21,53.35,54.63,61.24,67.96,47.8,73.52,70.09,58.59,68.87,66.71,57.81,63.85,52.47,59.93,46.07,61.95,49.64,61.79,52.61,53.71,57.88,56.61,66.07,57.66,63.3,64.02,69.16,63.84,65.7,74.49,63.48,56.4,59.41,59.66,51.2,59.21,73.31,49.42,63.27,60.67,58.65,49.94,52.77,44.96,37.76,55.59,48.64,54.66,51.65,53.49,50.64,54.29,54.21,52.92,49.58,58.57,55.31,61.63,58.47,66.24,56.75,58.29,66.96,58.65,48.52,55.01,63.37,56.92,62.54,47.62,51.82,52.28,61.95,57.44,51.78,61.54,65.66,58.55,59.38,49.77,51.75,58.83,59.52,59.53,52.06,58.67,57.58
1030500057,Telkom University Surabaya,58.85,52.25,51.26,54.75,62.62,54.15,66.5,59.81,64.51,57.98,72.12,65.43,58.41,62.58,49.69,57.88,58.78,66.25,73.05,65.25,53.67,65.97,59.61,66.28,56.52,66.82,61.83,61.71,81.79,55.1,82.0,63.72,67.47,68.96,68.34,52.38,55.76,58.77,57.92,64.7,40.95,56.76,51.78,57.31,58.66,56.99,60.19,57.53,51.44,59.78,58.48,51.88,62.95,68.72,51.91,55.0,58.96,52.04,52.48,58.15,72.01,52.35,62.84,65.14,63.68,73.75,66.61,60.19,57.84,42.86,48.74,44.33,40.09,51.55,50.81,53.83,65.47,51.4,63.33,60.79,60.1,63.85,44.83,60.09,51.32,55.81,55.54,52.99,55.01,61.8,52.87,56.33,50.71,59.42,65.12,66.25,69.58,69.27,60.39,55.37,63.77,59.66,53.68,63.89,57.77,69.22,64.84,75.66,73.32,63.11,65.9,72.59,61.55,56.92,58.28,58.22,59.31,54.31,70.52,62.82,57.95,57.92,65.96,56.49,76.22,59.77,63.33,49.35,54.36,62.7,64.16,65.85,53.49,59.86,60.43,62.77,60.37,67.15,60.46,59.49,53.26,74.75,53.32,59.15,64.48,67.29,60.0,57.57,55.81,64.7,64.63,58.23,58.17,48.57,61.7,55.42,51.04,40.01,59.02,64.48,63.66,61.92,58.15,60.73,63.52,59.9,61.07,54.81,62.46,59.98,55.35,51.12,66.6,61.14,52.17,67.6,62.88,75.79,65.92,58.89,53.75,51.91,61.93,61.75,58.48,61.71,56.11,56.14,62.18,54.91,54.18,49.53,45.7,51.45,66.3,70.21,68.27,72.61,72.31,58.48,68.36,63.9,70.19,60.57,55.0,52.45,64.09,57.01,56.97,66.98,61.17,62.51,47.4,63.92,63.73,60.95,62.1,57.43,44.44,52.87,57.35,54.72,53.68,60.27,50.2,52.89,53.95,68.02,40.56,60.77,45.86,52.45,71.31,70.16,67.27,74.03,67.15,65.68,58.7,55.53,55.66,63.62,59.53,54.41,59.09,44.19,57.95,60.54,68.2,57.96,64.59,69.38,70.13,68.66,64.84,58.37,58.62,70.39,71.59,59.26,63.07,67.52,51.77,52.51,50.72,44.64,53.9,53.98,44.99,56.14,35.98,50.97,62.41,63.11,56.35,57.07,56.81,54.3,57.23,57.55,62.48,54.13,61.12,51.9,53.18,61.18,54.62,61.19,48.08,50.84,59.79,50.54,57.18,59.74,61.43,54.51,53.85,57.39,44.77,59.56,62.41,56.59,64.01,61.82,68.78,68.49,61.62,57.13,68.96,59.2,57.95,54.62,70.06,53.59,63.61,68.73,57.42,59.89,39.08,43.03,60.68,43.72,52.26,55.53,47.8
1030500058,Telkom University Surabaya,85.76,81.62,88.71,80.1,82.16,80.43,85.71,87.47,86.62,89.53,94.7,92.81,99.37,97.18,87.01,83.01,97.96,100.0,93.49,90.78,84.32,86.37,100.0,94.61,85.33,81.5,90.02,98.87,94.19,91.15,77.1,78.67,90.36,81.37,79.5,77.81,99.7,87.36,95.09,79.89,73.12,91.61,94.93,89.08,91.33,82.4,75.26,82.83,88.99,88.35,87.79,82.55,87.65,89.65,85.41,93.42,84.88,73.79,72.55,80.87,85.01,88.75,80.45,78.64,93.15,85.18,89.22,92.71,93.14,87.84,82.17,86.16,79.13,82.47,77.37,89.2,76.4,85.17,75.01,98.82,90.39,89.28,85.29,84.34,85.25,75.72,88.58,74.05,82.34,88.87,65.43,69.12,63.6,69.06,86.33,89.43,86.67,85.6,97.46,87.76,77.35,90.45,93.98,94.83,87.33,77.14,95.34,90.54,93.27,83.47,85.8,98.66,87.96,94.78,98.53,90.32,100.0,91.37,88.2,92.97,98.28,89.71,91.2,99.92,93.65,90.89,98.93,67.74,89.44,68.5,87.59,86.7,74.79,83.76,78.3,80.99,90.52,82.62,86.71,81.24,69.9,69.86,78.4,82.81,90.64,87.73,79.1,74.98,90.93,94.0,96.14,95.8,90.33,97.01,86.21,100.0,94.96,100.0,78.99,75.5,83.36,85.25,79.6,78.37,80.68,83.53,88.02,95.84,82.79,73.09,81.22,72.7,73.85,84.14,73.67,80.51,79.07,75.82,81.49,75.32,74.68,81.63,78.22,88.09,79.04,75.15,82.63,75.74,76.32,78.0,86.14,95.49,88.1,93.25,78.8,90.56,96.97,80.2,91.51,87.93,84.7,89.06,81.39,92.59,88.74,90.27,88.12,97.42,94.26,97.93,91.7,94.28,97.12,90.94,98.14,78.6,83.63,88.12,86.82,83.95,80.48,86.45,87.92,90.08,87.04,78.61,100.0,85.52,92.4,92.93,93.49,99.49,100.0,94.29,89.81,97.06,85.41,90.2,88.7,75.64,78.07,90.87,88.59,94.9,77.6,98.16,86.8,80.22,82.99,82.61,79.98,88.95,84.34,87.66,92.29,86.24,88.48,90.08,83.16,74.86,76.12,75.99,75.48,75.23,75.26,81.9,74.72,90.59,71.51,72.19,88.49,86.36,76.36,93.69,93.14,94.91,88.63,95.73,90.74,95.37,82.5,89.8,80.8,79.53,82.48,74.34,79.15,87.79,77.51,74.1,79.44,86.17,71.16,87.84,86.44,70.95,69.12,63.4,73.21,81.28,77.27,78.65,77.15,78.52,81.0,77.75,89.37,78.87,80.85,75.55,97.14,93.31,85.35,85.48,96.71,89.25,99.86,88.04,86.78,90.24,88.37,85.79,91.86,85.28,92.55
1030500059,Telkom University Surabaya,49.83,44.58,47.83,61.85,55.67,56.63,51.01,55.67,76.26,64.95,63.06,67.85,65.68,57.26,62.09,70.53,72.9,66.51,75.11,65.82,57.92,73.26,66.1,57.84,47.08,54.99,55.89,54.35,60.13,58.28,47.82,56.21,46.78,58.8,51.48,54.93,57.27,61.54,53.33,56.16,53.4,58.56,62.17,57.11,62.64,59.29,51.49,66.56,61.3,46.32,56.22,71.7,62.19,62.79,64.38,48.98,51.13,56.74,58.32,56.23,57.92,57.96,61.44,66.69,40.11,51.85,49.54,51.67,49.31,57.31,52.85,53.8,42.96,46.02,39.31,58.16,56.34,64.0,68.51,46.08,43.09,43.62,57.76,50.85,54.91,58.76,47.95,47.71,57.53,55.11,54.8,62.06,57.78,55.02,58.64,66.71,70.15,63.24,54.33,55.86,49.4,54.32,53.37,51.0,55.45,61.26,65.44,46.09,48.22,59.31,53.86,52.33,56.91,54.04,45.35,46.84,53.91,63.98,46.6,50.67,48.64,59.18,56.76,55.12,54.52,52.47,60.58,54.72,60.9,59.62,48.05,62.58,59.08,51.6,65.79,64.86,48.82,54.25,49.3,55.89,60.66,47.33,58.84,62.05,54.32,49.87,63.07,53.64,58.05,52.29,52.59,47.22,48.57,53.46,55.3,54.33,50.61,65.51,61.67,64.62,65.44,55.24,70.33,57.19,52.17,54.85,56.2,57.48,59.51,64.48,57.08,58.64,65.4,56.39,61.15,63.27,66.12,54.59,65.34,58.79,48.92,55.0,53.43,58.23,60.1,63.61,63.55,59.06,46.49,53.63,64.26,59.03,55.32,49.72,56.01,54.91,59.85,63.07,48.33,64.58,47.35,60.71,65.98,50.78,59.13,52.34,52.77,61.37,56.83,49.07,59.97,60.5,61.56,52.57,48.37,63.07,57.68,68.38,66.22,64.48,72.09,64.18,71.79,72.71,65.9,65.6,64.27,60.65,49.51,56.78,64.82,53.49,54.86,58.75,49.79,46.67,52.68,53.92,66.04,56.01,44.43,45.1,56.22,57.57,71.02,49.83,55.45,43.64,53.85,64.88,57.49,39.96,46.59,57.16,53.19,53.94,47.69,61.27,57.93,66.59,55.74,39.96,52.12,71.77,67.91,65.17,67.08,61.75,64.82,57.81,48.94,54.77,48.2,62.82,44.18,69.04,58.37,46.74,50.25,63.65,62.82,56.13,68.53,68.22,65.09,64.27,63.17,69.44,72.96,66.41,74.73,52.1,63.81,54.87,54.45,60.03,63.75,55.7,55.81,66.81,66.43,62.82,62.7,64.97,56.64,61.49,59.76,67.4,71.01,53.17,51.94,53.39,53.28,50.67,62.02,75.95,67.85,61.92,58.3,53.36,51.06,64.46,63.06,59.42,61.2
1030500060,Telkom University Surabaya,53.32,62.19,59.14,61.18,55.37,50.63,54.4,63.49,44.82,46.95,54.52,46.87,55.31,53.41,51.16,56.57,54.85,43.59,50.34,55.72,43.48,56.43,52.75,66.23,65.35,69.27,53.33,63.62,60.93,54.35,70.82,58.21,64.6,55.29,56.77,58.27,69.52,61.94,57.51,62.34,61.23,53.98,56.71,42.83,48.23,50.37,46.02,47.8,57.39,55.35,48.91,49.5,60.07,58.46,53.18,49.54,66.32,58.3,55.74,53.86,57.0,58.02,66.17,66.13,78.92,74.74,66.02,64.03,70.89,66.31,69.12,60.7,56.15,53.67,63.1,64.9,60.08,60.27,48.02,64.3,60.15,59.38,61.42,61.56,58.43,59.06,45.81,48.74,56.02,56.26,53.4,53.84,59.65,56.43,50.51,48.12,53.44,52.29,47.42,53.74,51.96,47.81,55.59,53.84,49.96,55.24,55.49,48.38,68.98,57.29,49.36,56.49,47.19,50.94,54.52,55.21,57.48,35.29,46.42,58.01,51.68,57.53,53.58,52.33,49.36,48.7,59.05,54.16,51.19,49.37,50.56,44.75,46.1,56.95,47.18,50.62,53.6,54.21,43.14,56.66,62.62,67.75,56.09,71.98,57.69,57.91,57.55,56.62,63.43,67.39,73.93,69.83,64.39,64.22,71.27,54.93,61.01,53.84,56.42,55.26,54.44,59.82,52.77,53.95,60.94,55.37,57.73,60.34,67.87,69.93,64.15,73.8,62.05,65.77,69.61,58.37,73.55,61.03,67.82,58.79,58.14,64.08,72.06,70.15,67.78,77.46,61.42,76.88,60.0,63.81,58.52,58.86,61.39,49.22,61.65,45.34,55.15,51.34,56.3,48.09,50.61,57.87,43.56,54.29,60.97,69.16,49.66,49.06,45.03,42.6,55.29,60.68,58.16,47.22,58.96,70.55,58.57,72.59,62.54,63.33,59.81,50.31,60.56,61.22,60.11,54.91,65.89,58.27,47.05,52.29,54.25,64.03,50.52,48.86,46.81,45.86,63.38,72.33,64.24,53.15,59.45,60.72,55.36,56.83,42.69,60.1,47.71,54.04,57.74,58.66,54.5,63.39,60.15,62.71,56.65,65.29,57.28,65.47,61.22,66.81,59.42,53.16,47.41,49.17,49.02,40.56,48.6,39.78,51.87,46.13,56.57,59.09,61.97,63.74,53.51,54.17,55.51,53.65,58.1,58.52,68.05,72.55,56.36,59.19,60.11,60.33,53.34,66.34,58.88,73.34,60.19,52.34,58.86,64.23,53.7,56.2,48.08,48.33,50.18,55.56,65.69,46.35,52.97,63.29,64.88,60.92,54.02,59.08,48.26,58.65,48.16,55.07,47.86,68.58,46.56,54.03,30.41,46.42,64.78,70.53,66.92,54.21,41.71,50.86,54.14
1030500061,Telkom University Surabaya,81.41,84.49,96.43,80.43,85.93,72.12,81.32,83.14,71.53,88.82,84.69,80.27,86.98,88.18,83.47,77.98,88.37,77.19,90.35,88.05,86.93,90.22,79.03,83.37,90.14,87.55,97.58,95.38,80.01,86.74,83.04,90.77,89.38,100.0,100.0,87.44,90.03,86.69,84.55,89.88,98.12,85.09,95.82,90.43,77.39,74.4,85.59,87.65,100.0,78.7,99.04,81.59,87.41,84.14,99.56,79.95,86.16,72.26,94.18,93.42,85.37,94.41,92.3,100.0,89.68,89.89,89.95,85.4,85.29,81.69,80.79,79.15,81.48,70.99,77.56,89.52,67.43,70.32,66.91,92.7,88.62,84.2,86.47,90.5,97.22,91.22,91.49,90.92,96.38,91.67,88.87,86.42,76.87,77.06,91.39,90.38,92.67,85.32,81.55,71.89,69.21,85.94,75.13,100.0,88.8,71.14,80.76,84.53,85.43,79.18,86.77,81.36,75.25,83.7,85.32,79.08,78.91,80.42,83.59,75.18,83.78,72.2,84.25,81.13,82.97,87.74,72.12,84.93,100.0,90.17,90.13,93.5,92.68,87.66,96.21,90.5,94.05,86.03,94.65,86.45,90.97,87.96,92.07,85.91,99.16,92.42,89.09,89.76,82.51,97.76,92.83,87.23,89.43,90.35,92.4,92.83,88.18,92.12,96.16,100.0,97.14,96.29,94.66,91.07,91.82,74.77,83.38,88.84,84.86,78.69,73.86,82.96,85.24,87.98,70.3,82.73,86.4,65.62,76.67,75.04,84.96,85.12,85.32,88.49,79.82,69.68,80.59,77.11,87.22,80.9,85.31,78.16,77.13,70.08,82.54,96.14,89.89,85.87,90.64,82.72,75.13,78.7,81.77,91.65,83.39,73.58,78.27,95.29,79.57,95.21,81.58,72.72,81.56,95.04,80.41,90.87,87.17,100.0,88.83,83.18,91.17,92.19,90.38,92.14,86.66,86.96,94.29,85.79,83.61,89.97,92.74,86.99,79.79,75.74,72.37,86.79,80.81,75.05,81.16,83.01,83.71,85.8,80.05,76.17,90.38,90.71,75.39,79.19,94.16,100.0,98.05,91.17,98.07,100.0,100.0,82.25,100.0,80.39,81.15,89.33,86.73,90.8,88.05,90.86,89.68,80.5,97.46,82.63,86.18,92.1,78.44,74.97,70.42,59.97,73.3,74.09,80.26,82.95,67.23,80.24,86.72,73.79,85.23,78.34,87.8,90.44,89.34,85.95,87.84,92.43,87.72,89.12,86.77,91.09,78.55,92.61,96.22,87.57,100.0,85.1,85.82,94.15,94.73,88.48,93.79,86.57,76.72,91.18,84.22,86.42,87.36,97.57,95.6,90.49,81.29,74.17,71.72,73.41,83.99,81.66,80.03,82.88,77.49,80.03,87.36
1030500062,Telkom University Surabaya,89.24,86.18,82.25,83.94,77.14,75.38,90.41,85.9,75.54,67.39,65.94,57.96,70.93,70.84,77.58,70.03,65.38,70.47,73.85,75.44,74.54,70.49,67.93,64.9,55.8,64.07,51.28,70.69,65.84,64.53,63.96,59.57,73.89,65.56,66.42,64.9,77.07,74.16,70.67,74.33,71.28,79.84,62.84,73.84,77.59,92.66,76.29,78.68,81.73,87.62,76.95,76.86,68.08,67.61,81.02,76.27,88.96,76.7,91.65,80.37,69.86,63.48,58.03,63.58,65.08,75.31,77.34,77.52,90.07,73.81,83.19,71.24,71.64,75.0,74.37,84.62,85.09,77.36,73.71,70.6,74.23,63.23,82.87,71.62,80.99,82.21,78.99,80.24,66.1,79.66,82.02,83.6,84.14,75.89,78.12,79.29,76.72,82.7,76.38,78.31,73.41,75.37,81.74,86.11,70.93,73.8,85.18,78.0,85.59,85.61,80.46,77.43,85.65,78.82,80.5,79.56,88.49,83.06,81.67,83.91,82.09,92.25,75.18,84.69,90.21,77.53,86.76,75.11,82.99,89.58,77.24,80.08,73.24,84.6,83.55,85.66,79.08,83.18,79.7,74.47,83.45,73.52,78.3,79.78,80.77,71.43,81.38,74.55,77.05,83.55,68.53,76.91,77.03,81.77,67.22,75.76,73.49,69.6,75.26,73.3,63.37,71.05,72.72,70.21,73.13,65.58,76.26,56.93,83.32,82.8,74.24,70.54,81.5,73.06,77.84,85.9,79.54,81.25,87.81,74.41,82.97,66.6,76.31,79.36,62.66,73.54,76.34,79.29,75.84,73.2,76.64,100.0,86.13,80.88,83.08,80.3,84.09,69.33,75.66,68.92,77.08,67.03,87.88,78.03,64.36,55.02,69.1,65.82,56.56,59.57,56.14,64.89,67.17,59.53,53.56,80.28,67.52,71.48,76.92,64.55,70.77,66.14,71.08,75.46,74.28,64.79,82.09,67.92,71.73,61.52,69.87,74.84,60.88,53.82,62.28,66.71,63.13,66.57,67.47,58.96,77.61,76.59,69.39,75.31,78.5,83.81,64.62,62.56,77.86,76.88,81.85,76.29,94.44,72.64,88.5,91.6,86.72,79.55,70.31,74.58,70.49,78.24,70.21,69.91,70.54,70.04,74.5,70.18,69.91,79.4,77.1,90.48,76.9,68.68,83.2,70.08,67.83,75.36,77.82,69.53,76.92,76.72,74.45,78.74,98.3,77.94,80.78,85.45,86.23,90.66,80.41,59.96,74.92,77.43,65.58,75.41,87.23,74.15,74.16,74.83,61.61,60.49,62.25,74.83,61.73,79.01,79.46,92.02,83.63,74.67,78.68,82.74,85.55,85.62,77.9,68.04,73.78,88.14,69.51,66.34,76.09,82.74,87.59,84.18,84.91
1030500063,Telkom University Surabaya,95.33,89.73,86.62,99.66,83.13,91.46,100.0,92.93,84.96,87.45,79.81,79.11,94.8,87.23,85.92,80.69,80.99,90.33,88.26,84.42,91.37,83.66,92.33,100.0,89.18,78.47,90.32,97.69,88.88,96.91,90.89,81.63,91.8,92.86,93.41,94.7,87.49,85.08,97.09,98.48,91.38,91.41,86.59,84.43,89.42,80.07,80.16,73.4,66.67,71.26,78.21,75.32,76.45,81.97,79.18,78.51,84.83,79.73,77.13,82.45,93.14,94.83,89.55,84.02,81.48,84.86,93.25,92.3,91.47,87.2,89.74,93.19,85.19,80.57,88.64,86.02,75.02,69.44,72.03,88.08,89.53,78.28,84.89,77.0,72.06,74.29,81.44,87.99,84.65,81.01,86.47,76.18,84.18,75.86,73.86,89.46,77.77,79.87,82.0,76.42,82.95,83.46,97.08,96.98,86.98,95.77,92.14,92.31,88.3,100.0,89.86,95.63,91.9,89.97,93.32,84.22,91.16,89.13,98.59,98.91,91.79,84.72,86.83,100.0,97.3,91.49,100.0,83.04,76.42,84.41,70.76,78.43,82.1,90.76,82.65,90.63,76.5,68.8,77.68,91.41,76.26,90.32,82.44,83.39,85.95,98.7,74.08,80.63,100.0,91.01,92.9,91.6,88.21,89.6,85.51,89.6,85.25,87.44,85.45,88.54,68.61,82.68,81.05,82.61,89.3,77.55,71.13,70.55,87.46,82.86,86.33,78.11,100.0,94.26,94.16,85.62,88.31,85.49,90.71,86.13,100.0,91.2,92.07,84.32,72.95,86.07,96.79,87.91,95.99,93.81,98.6,89.09,86.45,78.99,90.25,89.65,95.03,92.42,82.01,81.17,89.86,83.97,74.44,83.62,87.81,76.52,81.15,85.16,76.44,86.28,80.89,76.27,89.33,78.45,72.0,76.9,88.89,91.63,80.23,86.64,84.44,94.97,80.44,78.37,93.27,77.36,83.45,82.52,84.6,76.38,87.21,84.63,91.92,76.78,82.74,79.17,85.31,85.25,97.0,95.58,100.0,95.7,80.06,80.92,73.26,77.82,70.87,87.86,92.95,90.81,86.07,92.79,89.92,100.0,91.44,90.5,86.73,97.43,91.23,89.24,93.15,88.34,96.68,79.17,92.79,82.9,87.24,91.71,92.95,79.5,87.64,90.83,79.75,100.0,87.24,82.58,93.57,86.79,93.68,75.43,70.94,72.32,72.89,75.32,70.82,78.01,77.26,80.02,76.16,85.4,78.88,92.86,88.1,92.9,90.93,94.24,88.82,100.0,94.68,85.77,67.32,81.45,93.35,81.76,69.01,71.18,77.2,79.56,82.13,76.73,90.46,89.91,84.16,91.56,88.41,77.17,88.39,80.36,92.97,88.35,85.03,90.7,87.04,94.27,88.47
1030500064,Telkom University Surabaya,81.1,75.61,88.84,69.38,77.34,80.11,73.44,68.12,76.36,58.88,68.69,64.82,60.95,69.81,73.21,75.58,69.34,80.24,75.93,71.16,66.03,75.8,79.78,68.16,79.63,70.91,79.65,75.02,70.84,83.87,76.16,81.53,79.96,66.53,83.36,76.44,80.11,81.85,84.28,75.89,85.11,71.36,83.0,72.32,73.29,87.92,89.11,69.25,78.67,80.9,81.34,66.67,83.33,94.66,75.61,78.77,76.32,67.02,65.93,72.8,81.94,78.89,81.27,74.46,85.36,74.36,78.97,76.95,69.57,72.03,73.95,71.69,72.34,69.06,71.89,67.5,79.03,78.45,85.25,83.22,83.71,80.8,66.58,72.54,75.45,76.61,82.32,76.24,74.73,73.55,60.37,75.46,74.66,77.3,79.78,69.79,58.01,63.42,75.52,81.01,77.69,88.22,90.6,70.37,85.14,84.56,81.55,82.25,76.2,86.13,77.67,79.44,90.06,87.95,72.94,73.4,82.98,80.31,93.77,77.43,77.92,92.18,72.19,84.05,91.01,79.89,72.77,72.88,86.88,70.06,74.15,71.69,69.37,63.87,81.82,89.64,80.42,73.03,71.85,77.61,73.51,73.26,69.62,69.17,82.02,78.91,55.1,71.67,65.98,78.31,71.66,71.72,66.53,71.25,78.71,62.11,75.58,75.65,81.61,74.22,79.71,86.58,74.63,76.53,87.32,60.52,72.51,74.21,87.19,79.69,71.99,70.14,73.33,71.77,74.48,78.24,79.54,82.61,73.75,83.45,73.83,81.99,73.6,81.93,80.69,72.69,74.77,74.91,77.67,87.44,82.31,88.34,69.45,72.87,81.76,77.05,71.99,77.96,75.71,80.51,81.76,79.83,72.89,84.49,90.77,74.32,86.14,80.54,76.69,82.57,74.15,83.62,78.31,94.53,78.95,74.12,79.4,75.81,63.99,76.45,79.04,78.37,81.4,85.22,84.7,77.15,83.02,76.19,79.56,82.68,83.86,82.67,80.11,80.5,70.77,74.48,77.41,78.26,66.04,74.1,53.06,65.43,72.95,73.43,83.91,77.15,73.12,78.15,89.11,80.46,84.7,75.01,73.07,84.88,82.77,91.82,78.28,78.99,75.86,84.41,86.78,86.67,79.45,63.08,82.09,64.23,58.4,76.69,79.75,72.24,63.92,67.64,58.39,69.89,62.38,71.41,67.47,74.59,71.13,69.54,62.27,69.97,72.78,67.14,74.73,68.86,79.1,69.36,67.72,78.67,60.69,63.93,73.32,65.54,80.09,76.39,86.75,75.53,75.42,67.28,92.07,81.46,70.86,73.56,71.44,76.05,74.75,82.29,71.77,82.82,76.02,77.75,85.07,79.59,72.68,80.33,74.17,84.63,92.28,88.7,82.0,69.1,62.73,70.19,74.14
1030500065,Telkom University Surabaya,51.69,60.25,58.62,59.86,52.99,53.65,58.63,56.68,56.88,55.33,59.09,59.08,69.14,65.4,61.22,60.04,50.79,48.66,53.62,63.46,63.37,63.59,58.86,61.53,56.56,58.41,50.48,60.62,67.98,67.44,64.27,77.11,66.58,62.72,64.83,66.84,62.7,65.38,50.71,51.95,60.26,55.45,64.68,53.36,65.03,61.34,54.31,50.03,49.96,60.19,57.96,53.38,41.27,39.14,64.05,52.55,56.11,56.7,64.31,56.41,64.97,56.15,58.93,48.64,62.1,53.28,63.18,57.35,62.85,53.43,52.6,54.07,44.34,69.3,54.88,56.93,57.23,67.26,48.4,60.21,51.88,65.73,57.47,53.28,44.0,51.96,51.73,62.97,56.52,66.52,49.66,56.34,54.66,59.86,72.23,76.98,69.06,60.88,45.8,53.25,52.86,54.5,59.58,49.59,42.83,39.93,49.16,46.95,52.87,58.68,44.8,54.52,47.97,60.77,46.86,47.49,67.52,51.68,55.56,48.97,63.56,62.99,47.49,41.74,47.98,46.5,51.79,62.3,59.95,64.89,58.35,57.28,61.44,63.62,67.62,57.49,69.22,54.3,60.45,47.45,47.97,50.43,51.68,43.08,66.39,51.23,53.64,45.26,67.99,58.3,64.88,46.03,56.87,54.66,46.36,46.96,52.17,72.63,60.64,64.32,61.96,57.02,53.8,55.35,61.44,55.99,54.71,58.32,63.0,51.71,49.86,55.46,53.7,53.94,68.34,63.44,72.3,50.72,60.18,55.79,58.91,57.84,58.95,64.57,63.43,60.52,59.98,60.12,56.85,66.9,62.52,68.54,69.91,59.39,52.07,52.15,66.59,51.61,52.18,53.94,51.34,52.19,44.06,61.77,51.79,59.51,56.75,69.95,60.37,61.06,57.38,58.0,59.31,59.57,58.88,48.38,54.86,46.89,52.51,43.77,55.2,45.04,57.75,47.49,56.03,61.44,60.96,51.68,62.08,58.52,62.14,57.21,63.65,55.62,66.44,57.34,57.21,56.07,55.4,63.43,69.05,59.3,58.77,50.69,65.7,42.33,54.95,47.41,64.14,62.59,62.74,55.14,54.44,49.08,58.35,52.53,47.38,47.48,57.55,43.54,60.0,55.32,53.37,51.59,46.9,41.75,61.31,46.2,53.93,39.64,50.17,47.88,59.04,44.23,53.7,56.58,42.53,40.67,59.42,66.04,65.23,73.29,65.19,66.72,65.18,58.66,67.91,64.81,60.45,59.14,60.37,66.43,60.7,61.54,58.17,58.49,62.62,67.53,64.19,67.54,64.61,54.71,61.09,55.04,60.51,50.36,65.48,57.93,65.45,73.23,56.75,58.33,71.11,62.64,51.98,49.0,67.0,62.2,54.39,65.08,60.77,67.7,66.11,66.9,58.51
1030500066,Telkom University Surabaya,47.0,63.13,51.89,66.67,65.03,68.62,66.35,82.08,53.54,63.13,48.38,47.55,57.65,59.4,57.71,57.16,62.81,48.72,53.32,64.08,55.78,56.13,56.69,60.22,49.02,56.03,70.82,53.73,52.72,62.04,56.77,53.71,56.71,56.78,55.55,53.0,57.0,50.16,66.48,50.19,58.68,42.61,58.02,61.81,55.58,68.76,50.39,50.02,59.91,65.0,72.26,60.67,75.29,65.4,72.97,62.12,49.29,51.96,56.71,50.7,67.13,68.97,60.58,65.41,44.95,44.91,53.66,48.93,58.89,61.6,57.44,42.12,54.75,73.53,61.85,63.22,51.97,54.77,57.89,61.43,60.54,64.58,59.41,48.91,58.78,64.46,49.37,55.86,44.41,62.66,48.03,49.24,49.47,56.14,52.73,74.96,51.56,59.74,59.28,52.5,64.02,62.57,63.4,65.54,80.75,52.28,56.12,60.66,62.32,73.1,63.1,63.84,68.11,64.72,66.66,59.23,67.62,55.13,68.5,58.13,63.1,57.5,68.59,65.41,57.66,57.42,59.07,70.8,58.83,57.15,59.5,57.7,65.87,62.57,50.93,67.98,55.45,58.58,52.9,54.69,57.98,59.2,52.27,57.9,57.64,51.97,47.56,53.8,50.56,50.0,44.61,54.91,47.25,51.32,55.95,61.38,58.23,56.41,66.6,68.43,61.74,51.01,67.49,61.17,60.38,45.15,45.17,47.02,65.59,71.23,47.62,64.16,62.83,62.51,52.98,59.76,54.99,60.81,53.12,56.34,55.84,55.04,51.47,64.34,62.08,66.72,58.23,51.52,63.28,67.86,44.29,55.23,50.4,42.42,51.94,58.87,59.69,59.59,59.21,42.72,55.62,55.82,51.52,44.95,48.12,52.94,54.4,48.05,47.58,48.9,41.25,62.03,48.67,64.41,61.83,58.2,64.63,71.06,60.2,53.04,49.95,60.94,64.36,67.96,57.73,58.56,52.71,57.78,44.82,55.93,55.54,57.74,54.91,50.97,54.42,54.56,61.73,64.48,62.94,54.62,51.03,55.66,66.35,64.79,58.05,51.8,71.87,68.58,53.23,59.59,52.01,59.82,65.19,69.43,65.73,50.62,63.79,55.75,72.63,62.02,61.63,64.78,64.08,49.85,58.33,57.89,51.97,50.22,58.75,57.17,69.96,51.12,59.19,61.67,65.44,47.78,64.29,59.63,61.06,54.53,53.36,56.55,67.43,55.47,54.11,58.31,59.24,63.18,58.18,47.82,59.89,63.89,53.06,55.66,59.31,63.5,62.86,60.73,71.18,60.76,48.69,61.65,50.37,60.13,66.9,62.27,48.86,50.39,53.7,50.38,56.17,66.96,57.22,45.01,56.53,53.53,59.54,78.05,64.2,53.86,52.06,55.25,45.4,51.42,54.27
1030500067,Telkom University Surabaya,65.3,48.25,61.04,41.03,55.08,48.5,50.46,53.89,61.76,58.01,51.42,61.74,56.3,68.96,61.98,57.44,57.36,61.62,52.57,62.58,53.95,51.38,52.2,50.04,46.55,56.21,50.19,64.2,53.39,60.45,70.59,71.87,50.36,68.67,55.9,60.39,70.89,55.27,59.65,48.69,46.46,59.91,59.57,58.03,60.53,67.64,48.78,44.24,63.82,61.01,68.2,46.68,57.53,60.0,61.04,63.17,44.3,53.81,52.17,58.76,51.14,60.14,43.75,59.15,54.4,65.63,54.1,61.9,57.47,56.41,57.5,63.88,51.15,57.66,53.58,58.67,45.55,50.25,64.38,67.96,67.4,55.95,41.81,58.12,43.8,32.63,54.23,48.37,51.17,48.78,52.08,57.85,64.32,59.26,53.16,58.77,57.96,60.71,50.34,56.9,57.02,60.76,56.84,52.6,56.2,53.45,53.68,56.03,51.84,54.68,57.8,65.56,58.11,56.02,61.44,60.08,61.01,64.79,55.39,58.36,59.93,61.52,43.99,51.81,65.28,63.43,55.57,47.0,58.42,56.78,51.16,41.88,50.33,46.82,42.19,46.01,49.35,56.74,49.99,57.69,53.83,55.96,52.57,54.03,47.31,51.95,45.96,57.71,72.02,68.79,62.49,65.61,80.26,74.19,65.77,62.41,67.15,67.12,52.71,58.13,61.02,61.5,68.49,54.75,59.11,60.95,62.81,62.99,56.21,66.8,62.73,65.56,65.99,53.59,62.88,58.54,66.46,59.03,71.6,55.62,62.77,62.72,65.03,53.2,70.1,64.73,46.77,65.53,68.25,60.84,57.03,68.65,63.38,52.99,52.15,61.38,55.3,62.57,64.43,74.4,59.15,67.51,65.98,64.39,66.04,49.61,50.32,50.18,47.78,57.0,63.25,53.03,41.78,53.69,49.12,43.69,54.07,70.12,65.38,54.55,59.23,61.11,58.22,49.81,58.06,57.54,45.83,58.37,69.16,69.26,67.54,61.64,42.66,50.56,54.3,62.06,54.49,53.97,55.14,48.36,49.67,41.83,46.39,57.6,65.67,56.13,56.59,55.6,66.88,65.18,62.14,73.41,66.12,67.61,66.18,73.14,61.21,69.65,69.95,74.0,69.82,64.29,76.45,70.72,75.18,71.21,63.6,68.58,62.65,63.03,42.24,42.28,55.04,58.65,50.55,56.81,45.81,46.34,58.38,59.75,68.88,72.05,56.01,50.65,54.27,51.84,60.69,59.8,58.13,56.94,49.28,73.03,61.89,60.23,64.52,60.37,64.58,55.14,56.37,54.99,53.25,66.4,54.06,51.86,57.87,55.92,63.09,67.06,70.54,58.45,60.78,63.58,74.7,64.63,59.24,50.39,56.59,54.92,56.79,55.59,61.28,59.59,61.48,62.86,62.97
1030500068,Telkom University Surabaya,63.55,66.83,57.79,61.33,73.22,71.53,65.17,60.18,52.76,49.02,56.69,60.57,53.27,55.2,52.95,54.66,52.19,57.5,41.41,47.84,59.61,65.34,49.99,59.2,62.62,58.0,59.52,44.9,56.16,68.96,68.4,63.99,57.33,68.02,53.04,67.06,57.82,59.49,60.04,73.61,48.79,71.37,71.56,65.58,70.59,53.32,61.16,58.33,53.63,57.13,64.03,63.99,44.99,52.77,49.47,61.72,51.46,69.52,61.31,66.29,58.76,66.3,67.84,62.28,36.46,45.45,50.97,54.59,52.14,65.57,53.27,64.9,74.41,58.98,57.6,48.68,56.2,60.44,65.22,68.17,68.94,61.6,52.59,44.84,38.94,50.19,53.31,59.44,58.67,51.8,46.03,60.56,61.24,47.46,46.14,41.42,46.94,62.23,50.4,52.72,54.04,57.91,56.15,69.88,70.06,58.89,74.44,60.54,66.98,66.98,64.05,56.68,62.18,47.43,63.9,65.79,63.74,71.43,66.61,61.59,62.16,61.44,60.52,66.27,63.51,63.97,63.38,57.02,61.37,59.46,65.78,54.26,56.52,64.57,62.55,71.73,64.48,69.26,76.02,54.02,51.16,61.21,50.0,66.89,62.99,47.64,43.68,64.4,56.67,58.94,54.2,63.87,57.15,56.69,67.26,59.54,61.75,54.93,53.68,53.29,65.31,61.4,63.85,62.89,65.17,50.36,61.05,57.86,65.93,54.98,62.71,60.85,66.53,67.1,47.09,63.45,66.65,46.87,53.58,67.8,57.0,64.02,60.81,67.33,52.43,56.87,55.03,64.62,57.84,55.81,67.3,62.72,63.48,51.61,60.3,54.07,62.03,66.67,64.42,57.99,64.33,62.21,65.97,66.68,47.7,38.76,46.53,60.87,58.93,57.2,49.65,53.56,55.06,58.54,54.34,49.24,60.84,48.83,59.92,44.54,48.52,46.49,60.79,51.84,63.21,57.75,53.59,54.77,54.42,46.77,42.59,60.28,59.68,53.31,54.0,49.24,59.71,60.42,56.16,48.46,55.7,54.82,58.31,57.79,53.78,50.19,54.43,56.24,62.81,61.68,58.71,59.36,59.4,59.52,67.88,63.14,50.85,65.17,66.14,63.99,61.79,58.77,61.88,54.41,55.77,66.69,59.74,50.66,54.43,62.07,58.85,54.34,65.82,63.17,66.04,62.55,56.64,64.27,59.96,60.09,58.29,47.99,67.84,58.63,73.83,64.28,59.54,56.1,71.98,55.53,68.2,58.59,62.34,67.41,50.27,56.94,45.44,50.51,56.56,67.75,49.15,49.31,56.06,47.87,50.4,58.55,59.27,61.57,50.27,61.68,59.76,61.75,58.46,53.06,46.29,56.58,55.63,58.84,55.91,46.08,64.59,57.94,41.09,51.83,54.59
1030500069,Telkom University Surabaya,83.23,85.86,76.65,76.11,81.95,83.82,75.96,73.79,85.82,82.36,84.2,84.73,78.53,86.17,78.64,92.54,98.22,86.26,84.03,86.83,97.23,97.9,84.96,94.16,75.27,86.44,96.95,85.42,87.28,86.25,90.12,77.31,65.96,78.88,72.12,78.58,80.55,91.82,98.93,94.85,88.26,91.33,68.42,86.85,75.78,94.4,78.24,89.94,84.92,87.03,84.83,81.04,74.28,79.55,79.64,72.32,89.6,98.32,80.3,86.71,86.06,77.87,91.41,88.77,83.49,70.79,75.29,78.16,70.55,81.61,73.28,76.63,67.86,89.98,92.32,100.0,85.29,81.78,83.19,79.33,67.48,88.05,97.59,80.84,83.84,86.44,87.49,89.23,76.51,100.0,88.12,90.3,89.73,72.01,81.3,86.5,76.32,77.77,79.86,88.1,78.62,86.8,73.19,81.9,84.35,88.41,85.37,87.95,95.32,71.41,81.93,77.28,83.65,78.81,90.28,78.0,80.27,84.33,96.42,88.34,85.96,91.64,92.85,81.97,86.23,88.02,77.39,97.17,100.0,86.81,90.38,90.09,100.0,93.59,90.89,99.06,100.0,94.26,99.37,89.14,77.54,94.64,87.45,79.5,78.81,84.65,85.76,89.53,85.9,90.83,91.21,92.81,84.67,77.82,80.39,74.81,74.73,83.29,83.51,98.2,97.02,91.82,85.81,85.3,100.0,83.01,84.49,90.15,82.57,83.12,90.01,64.51,73.51,96.6,76.52,82.66,74.6,78.44,78.38,84.64,81.84,78.69,79.81,71.56,86.39,80.71,74.88,74.18,90.1,80.84,81.04,84.9,91.58,100.0,73.02,82.87,87.12,82.29,86.38,93.12,87.39,92.43,82.88,84.87,90.14,89.11,94.06,89.67,92.42,84.53,76.79,79.31,91.25,90.5,93.45,97.18,93.97,100.0,93.66,88.02,91.72,100.0,91.0,87.91,98.32,86.33,96.78,100.0,79.77,87.4,91.92,92.47,95.31,93.13,89.22,86.95,95.96,90.53,81.02,78.58,85.21,93.56,82.61,78.8,86.7,90.66,80.48,81.74,91.04,88.67,88.12,98.76,86.76,91.58,100.0,87.36,91.25,90.23,89.49,88.78,96.27,88.68,65.76,77.25,78.73,70.78,63.27,70.92,84.16,73.46,87.51,84.33,85.99,71.12,84.0,81.99,88.49,82.18,91.9,94.05,84.43,90.2,75.25,69.85,67.73,75.68,75.69,78.33,82.19,90.81,65.18,67.13,65.74,72.2,78.83,78.72,83.99,76.87,80.29,72.86,83.08,91.01,97.39,87.17,90.03,78.22,74.66,85.97,93.82,89.81,93.83,100.0,91.41,94.85,79.12,78.52,88.58,77.15,81.15,62.9,73.76,84.08,92.92,96.19,94.46
1030500070,Telkom University Surabaya,64.88,55.05,78.13,73.97,69.55,67.9,74.39,69.36,44.39,46.3,54.04,47.06,52.82,53.39,53.31,50.96,47.04,44.85,54.35,52.57,39.92,50.64,51.23,48.65,61.0,67.15,51.12,63.61,45.8,54.78,75.06,64.18,57.82,59.56,61.41,60.69,59.95,60.72,60.09,67.46,49.98,60.37,58.71,58.35,66.02,60.46,58.91,63.13,57.13,71.59,60.92,66.51,65.94,66.26,62.06,60.18,69.58,60.54,67.75,60.96,54.99,57.82,42.71,49.32,48.69,56.07,47.1,40.28,52.84,48.67,60.26,53.28,68.01,56.57,50.81,63.08,58.88,54.75,57.38,56.9,44.22,48.43,58.48,50.5,59.59,54.55,60.5,57.48,55.86,66.32,45.75,55.08,59.63,60.67,58.15,56.25,53.92,61.24,51.74,57.97,51.69,60.0,62.41,69.28,57.54,50.43,50.09,56.89,61.43,52.91,59.7,55.76,52.83,58.21,64.82,54.62,52.35,41.14,51.05,59.34,56.73,65.44,51.84,54.63,57.86,56.03,63.72,46.26,70.88,63.91,62.99,67.28,55.13,54.32,71.99,61.53,57.21,59.09,60.49,53.62,55.17,56.78,56.11,70.84,49.54,59.62,48.02,53.51,65.5,52.33,53.9,45.56,52.16,48.47,54.69,49.85,51.18,53.11,61.82,62.46,61.36,64.66,53.96,58.87,62.7,63.46,65.69,65.86,59.44,64.48,57.24,60.74,55.03,67.66,60.54,51.1,53.8,54.64,55.92,63.65,60.5,47.96,55.11,59.13,54.89,60.82,55.25,55.83,54.12,59.64,59.2,49.93,58.86,56.02,59.56,51.77,54.68,58.6,48.57,51.33,42.09,43.67,46.48,49.93,52.4,62.34,62.06,50.09,53.89,58.5,51.0,56.33,56.39,48.82,67.73,49.99,54.63,47.55,59.38,42.73,57.66,52.8,55.67,51.67,51.49,50.62,48.63,51.94,45.15,56.37,54.52,51.3,60.94,59.6,62.64,50.81,64.29,64.53,46.56,49.88,51.31,44.02,48.71,73.88,72.14,71.41,67.27,80.12,48.4,49.24,50.66,56.81,47.81,57.49,45.07,53.52,38.33,50.37,47.5,49.25,56.6,55.92,65.06,52.09,60.72,56.07,62.34,50.35,64.93,46.48,67.33,64.62,57.15,62.38,56.5,58.79,55.63,58.46,60.37,63.05,63.87,53.44,54.23,51.05,73.04,59.21,61.12,67.68,64.32,70.28,58.67,67.18,58.32,52.66,51.66,49.07,42.14,63.48,55.74,69.44,57.2,53.25,55.36,63.31,53.76,58.12,62.88,57.66,63.59,56.39,60.63,58.89,47.46,61.43,72.27,66.86,62.22,64.11,51.85,59.42,56.21,50.9,55.82,65.58,55.46
1030500071,Telkom University Surabaya,97.31,90.19,91.1,95.06,85.33,86.27,84.8,86.86,71.86,87.14,95.23,85.32,90.5,94.46,72.03,84.25,95.77,80.91,93.48,91.49,81.14,86.43,84.35,64.88,78.16,76.11,80.78,82.65,90.26,82.53,91.44,78.08,89.39,88.22,100.0,77.64,90.62,89.82,80.85,92.42,93.24,88.25,84.06,78.35,82.84,75.91,77.58,72.41,60.13,68.92,68.63,93.07,81.43,69.07,78.14,76.0,58.13,73.27,82.9,61.71,82.77,89.16,81.12,75.85,76.48,74.98,84.27,74.62,89.33,90.17,70.18,80.1,91.58,95.13,93.72,90.72,93.26,92.68,88.06,98.41,80.16,89.64,88.18,87.62,93.91,94.72,69.07,78.45,72.99,65.16,87.09,84.07,92.95,91.53,77.73,72.09,81.78,80.78,79.59,80.1,95.88,82.58,91.58,95.34,96.56,86.1,86.48,93.25,90.92,76.1,90.31,87.81,83.17,81.69,96.49,83.4,81.63,89.55,83.76,84.49,87.08,90.36,83.9,82.1,94.01,88.02,86.95,80.05,85.35,87.24,88.28,79.16,85.53,83.64,79.05,85.36,95.93,85.64,88.81,73.08,93.94,84.96,84.17,87.5,90.77,85.7,82.42,77.53,78.73,78.01,75.71,83.71,88.86,74.92,71.62,81.18,81.14,81.07,92.58,92.3,82.99,81.92,93.7,96.73,85.05,86.47,90.54,86.28,81.63,88.48,82.76,86.16,81.84,87.69,79.58,69.28,80.71,88.31,80.95,82.7,77.93,87.3,92.55,85.72,74.93,83.91,76.78,88.07,82.86,79.1,80.43,86.88,70.73,75.97,92.53,92.54,95.61,97.34,92.73,73.46,90.51,97.0,87.34,97.03,77.48,87.3,85.23,86.29,84.76,80.34,81.18,77.62,79.7,74.81,81.46,74.81,84.28,98.05,78.37,82.89,95.47,82.69,89.22,95.8,87.64,87.61,78.67,86.89,85.71,71.18,94.32,83.93,73.55,67.77,70.49,78.04,80.77,82.42,81.25,84.83,86.22,95.56,73.1,86.55,71.74,77.62,73.32,86.16,76.81,92.67,85.71,76.91,94.72,87.77,84.05,89.62,87.32,88.61,76.79,86.44,83.87,91.24,76.12,86.1,75.66,75.79,76.22,74.88,71.74,84.02,89.5,85.0,90.88,72.97,89.62,86.15,94.87,91.42,90.5,83.0,99.03,95.18,94.3,80.71,82.31,90.48,84.09,94.62,87.02,96.99,83.31,90.77,78.98,85.11,99.75,93.27,84.79,87.66,85.78,87.57,80.0,92.16,91.55,86.41,86.59,82.76,92.52,84.62,84.53,75.16,78.73,65.63,74.73,69.68,95.13,92.12,82.54,86.76,91.31,87.51,85.71,85.41,95.14,100.0,100.0
1030500072,Telkom University Surabaya,57.74,61.06,57.2,49.75,51.95,47.73,51.64,50.74,51.35,49.14,45.42,51.67,40.77,34.79,51.89,37.6,45.73,35.8,45.3,45.47,45.8,52.63,42.03,39.95,50.7,54.7,54.14,51.32,46.88,55.38,50.16,56.36,49.18,52.87,57.61,58.88,44.21,69.23,57.37,49.76,55.63,55.17,45.48,44.83,45.51,56.11,55.95,65.08,69.7,58.32,55.91,64.96,66.38,54.53,69.04,65.08,56.29,61.74,62.77,51.07,47.97,65.59,52.76,60.64,70.02,44.16,44.94,48.41,56.09,51.41,56.43,61.19,45.64,53.08,64.04,61.09,53.95,71.08,61.13,60.25,64.54,50.88,47.63,63.62,43.67,49.25,55.72,56.64,62.2,59.54,69.25,60.14,62.39,66.88,80.02,77.16,63.46,72.44,57.23,52.19,56.09,52.63,48.0,46.42,63.51,52.5,49.36,61.23,45.07,46.51,50.66,44.55,59.48,51.33,52.47,62.4,49.01,61.38,47.19,40.99,50.38,59.88,62.2,50.31,52.47,61.03,55.23,60.82,60.41,61.86,67.35,74.34,59.32,63.02,61.33,59.51,62.94,56.17,67.64,57.43,53.63,54.2,66.7,65.02,49.18,64.86,54.87,52.65,69.76,60.39,54.27,62.99,64.53,65.71,58.88,59.88,64.04,55.2,66.95,59.49,64.64,54.62,56.25,67.88,51.25,63.42,45.63,56.93,48.19,49.45,55.68,58.73,54.01,49.77,56.85,60.46,47.58,51.73,41.7,53.27,40.1,56.51,51.05,50.91,59.17,54.42,47.53,49.33,54.94,56.18,53.38,53.73,56.99,60.02,68.05,58.83,60.21,65.12,63.34,71.9,60.12,53.85,74.98,55.3,58.7,61.83,65.95,65.88,64.72,58.25,65.56,63.72,63.26,58.05,65.41,69.0,72.28,59.2,67.23,57.35,65.98,77.17,56.54,63.6,60.25,57.97,64.46,53.48,58.2,60.0,63.37,56.83,62.02,73.32,56.75,66.09,65.21,65.31,51.15,42.83,59.78,47.21,48.58,47.83,59.13,50.81,63.42,54.35,54.06,49.8,52.93,53.72,48.45,46.7,47.42,41.95,44.42,37.6,54.95,55.75,52.61,46.04,58.52,61.7,58.81,62.17,65.89,63.56,71.88,60.02,59.24,50.55,52.43,58.55,56.16,57.63,53.77,42.93,45.11,52.3,48.23,47.76,49.01,58.89,54.45,57.32,62.73,60.32,70.47,59.15,51.69,52.65,63.56,65.15,57.28,63.08,59.41,51.61,68.72,56.92,43.78,49.01,49.29,52.67,53.47,50.84,54.74,47.24,47.59,48.36,48.43,41.37,48.07,58.17,59.14,59.74,56.33,54.77,69.84,62.22,59.73,64.61,51.06,58.69,46.47
1030500073,Telkom University Surabaya,68.88,64.96,59.74,58.95,61.27,74.13,74.49,74.59,66.51,55.21,67.11,65.14,74.83,76.71,59.21,66.66,77.88,64.82,69.26,74.07,73.16,71.76,66.33,76.64,65.4,83.02,76.13,71.0,76.93,69.35,79.52,76.21,84.91,79.01,76.68,85.02,77.89,71.53,68.81,67.47,67.88,74.9,87.47,71.5,71.26,74.72,79.84,72.81,78.57,74.61,73.1,76.31,72.08,76.33,74.06,78.16,61.48,77.05,50.75,69.79,67.91,71.91,72.55,74.73,89.58,81.02,81.59,78.63,76.08,60.94,71.6,61.26,67.85,63.23,63.54,82.1,73.39,67.02,75.53,82.5,81.07,73.54,65.41,72.02,64.28,63.89,74.66,56.78,77.27,65.12,87.5,82.18,82.36,83.57,74.07,77.33,71.17,83.19,70.9,87.12,75.5,85.05,79.3,71.79,70.14,67.15,76.72,83.77,68.9,65.72,79.61,76.73,77.92,71.92,81.76,62.34,76.94,76.02,74.39,62.83,77.33,81.63,71.65,75.55,74.69,79.4,71.99,77.23,69.51,67.56,73.62,71.29,79.35,68.47,83.51,81.37,87.85,74.61,79.95,81.99,81.36,75.72,77.91,88.24,63.88,81.37,62.13,83.39,81.39,68.89,78.34,75.63,81.45,74.09,80.24,73.95,70.93,75.24,77.18,88.05,75.52,84.31,73.03,72.11,85.34,56.73,67.87,46.05,72.33,60.87,68.58,68.23,71.13,67.14,67.98,60.07,55.21,77.88,61.67,66.53,64.08,76.87,69.25,70.12,61.21,72.09,72.82,69.41,59.42,67.19,68.16,67.05,63.45,57.94,81.93,73.0,77.28,73.42,79.13,71.18,70.93,64.47,82.04,70.32,76.54,71.02,72.5,81.28,88.51,81.39,79.14,83.5,77.42,77.82,83.45,77.33,88.76,75.65,75.61,71.24,79.14,90.22,88.58,81.54,79.65,69.61,82.33,74.49,86.28,87.53,100.0,80.22,69.08,69.22,63.78,69.23,66.41,68.88,68.94,65.17,71.8,72.59,72.25,73.81,84.14,79.05,89.94,77.06,86.49,88.38,76.58,82.96,83.03,71.57,85.18,82.07,75.98,77.72,80.15,84.0,79.42,72.52,84.27,80.69,82.78,83.78,91.45,73.7,89.8,88.16,76.86,88.67,76.02,84.61,76.98,81.14,85.47,83.02,80.52,84.07,79.71,82.78,79.71,81.44,63.67,81.42,68.18,76.21,76.02,64.6,88.28,77.18,76.83,96.17,70.59,80.77,83.28,80.89,72.4,77.07,73.92,77.56,81.28,71.43,77.19,82.63,83.52,75.91,78.49,68.24,68.22,72.65,65.18,68.29,79.12,69.85,76.81,82.01,73.4,62.9,74.95,84.12,82.71,88.89,86.69
1030500074,Telkom University Surabaya,70.03,80.88,82.69,65.81,64.2,66.75,67.96,60.51,89.72,88.67,80.6,82.14,75.09,81.85,71.66,76.65,82.56,83.32,80.71,88.7,90.13,86.75,81.47,72.53,72.01,53.8,67.1,68.89,65.47,74.02,74.56,61.58,68.28,61.51,67.89,74.77,67.06,83.29,83.07,85.95,81.36,77.59,84.25,79.37,84.19,79.49,81.41,84.73,69.45,71.89,75.96,76.77,82.54,74.49,89.25,77.01,76.72,69.61,77.73,60.81,67.27,61.87,68.72,62.99,69.25,58.14,56.07,64.0,89.4,77.85,80.9,67.57,85.65,67.35,75.94,59.82,64.98,76.58,69.02,83.91,71.41,67.94,70.12,76.64,84.17,81.82,96.76,78.1,89.61,82.12,68.6,59.71,82.11,78.16,86.67,82.87,66.68,84.29,69.61,73.84,77.38,90.59,87.58,86.75,83.14,79.02,83.59,72.71,77.53,83.57,69.84,72.88,76.31,83.12,87.9,83.44,76.72,87.95,96.85,76.28,76.58,84.97,98.51,83.24,88.83,76.41,89.88,79.27,68.21,62.72,82.7,69.21,72.13,71.31,71.71,71.08,72.61,68.1,70.55,84.74,81.1,84.31,83.93,87.07,83.58,73.3,77.7,85.62,91.79,84.26,83.38,74.78,76.08,83.53,70.38,94.85,92.13,85.24,83.77,93.01,89.11,81.35,82.12,86.65,85.16,75.79,86.73,65.98,71.46,76.3,59.48,67.71,68.9,66.04,83.16,69.36,73.42,81.12,68.16,71.06,61.69,60.61,58.2,73.61,72.1,69.66,67.66,60.68,65.61,60.52,82.66,71.47,83.5,79.65,86.95,81.88,85.86,77.37,76.2,65.46,67.26,65.95,60.99,65.8,83.2,72.96,71.83,83.93,80.39,66.18,73.48,81.12,85.26,69.65,71.8,62.45,58.83,74.98,61.28,59.77,73.25,65.32,61.07,67.56,67.68,54.7,62.81,67.96,61.04,61.49,64.32,62.2,62.48,70.24,74.69,71.22,72.7,61.4,74.02,74.9,72.86,86.24,71.34,68.98,69.97,78.72,72.22,67.26,76.14,76.21,67.91,77.69,78.5,67.72,77.89,83.07,72.52,78.86,86.39,87.09,81.04,86.05,88.04,73.0,82.45,83.54,85.91,74.14,83.65,73.16,80.2,68.37,67.17,70.87,70.62,69.16,78.55,78.37,74.73,76.85,68.52,78.94,81.39,80.75,77.3,87.07,76.18,79.25,81.17,74.86,81.76,71.03,79.46,74.99,59.42,80.46,72.4,80.95,75.12,91.32,75.34,88.5,85.79,77.14,76.16,72.54,56.39,69.39,71.7,77.24,63.58,68.34,66.08,78.66,75.58,67.1,65.67,78.94,84.43,91.75,79.23,75.17,76.82,82.46,83.78
1030500075,Telkom University Surabaya,57.77,62.78,64.98,58.7,65.31,55.1,60.15,56.57,52.03,49.12,53.79,59.12,47.6,53.82,47.95,49.77,62.87,52.63,56.53,49.95,50.71,42.14,51.64,66.04,60.17,56.81,65.04,52.76,67.56,55.25,56.0,61.99,65.94,58.13,67.68,77.53,63.23,52.89,64.18,61.1,64.92,49.34,63.51,51.96,49.21,59.74,54.51,62.37,61.53,57.63,58.55,72.98,61.14,50.95,51.57,66.32,60.18,54.36,52.96,59.72,59.24,58.79,57.15,68.82,57.73,58.45,62.53,60.31,50.08,51.13,40.62,47.61,49.89,48.06,55.62,49.33,54.36,60.23,58.45,63.62,61.3,64.05,62.02,62.64,57.61,54.86,67.48,53.96,64.12,47.16,47.25,50.21,53.69,57.56,60.18,60.21,63.74,71.31,67.76,47.99,51.42,39.56,54.12,43.46,54.24,48.99,51.66,54.27,50.44,35.08,42.56,56.02,50.05,52.42,47.0,58.08,58.14,51.46,48.37,46.46,47.22,47.84,52.58,49.74,38.66,52.68,43.03,57.04,63.71,74.74,72.69,70.52,54.69,68.01,61.34,60.24,57.0,49.7,66.05,47.98,48.43,47.14,47.54,48.36,48.61,59.84,49.28,49.75,48.27,57.81,46.34,55.63,61.53,58.81,50.76,50.13,61.86,52.74,68.36,69.72,65.81,63.11,68.18,63.63,68.4,60.5,60.44,67.82,46.33,51.25,46.9,51.13,57.01,50.44,49.63,40.89,48.88,47.5,41.87,47.63,51.59,53.75,59.98,51.2,65.31,47.46,47.37,61.25,45.08,48.98,56.85,57.81,52.12,58.25,72.38,68.57,66.94,65.87,53.18,53.82,69.2,60.05,64.82,61.21,47.84,56.64,56.53,60.05,67.15,65.07,58.23,55.19,54.51,52.22,65.84,80.5,73.32,67.11,58.52,63.35,75.26,61.62,59.77,60.42,59.8,63.89,65.71,67.28,65.43,66.24,64.84,65.08,48.34,46.09,65.04,47.36,49.25,48.98,68.41,58.67,66.1,57.32,52.01,65.28,53.97,68.14,56.64,58.88,58.33,54.23,70.84,57.69,49.57,63.12,49.22,57.24,53.08,58.85,69.06,61.17,50.37,50.76,53.91,55.54,46.51,54.85,42.28,53.96,57.2,56.24,65.32,50.15,58.26,59.43,59.21,54.34,76.09,55.29,54.13,57.32,68.7,60.06,70.39,58.05,61.37,64.26,55.46,55.04,68.72,51.12,56.88,62.17,62.87,58.75,55.86,68.18,57.53,63.66,56.83,51.7,66.22,49.63,54.14,60.02,62.16,52.01,53.69,55.02,58.77,50.19,54.1,50.4,53.53,58.99,57.51,70.84,60.29,61.68,64.76,59.03,68.86,51.51,70.4,50.53,57.8
1030500076,Telkom University Surabaya,87.09,89.77,89.99,90.64,85.97,91.46,81.54,78.59,97.3,79.23,89.98,78.48,91.03,84.99,100.0,95.64,89.37,88.09,89.64,99.45,93.3,85.28,91.24,76.83,94.77,100.0,85.33,94.39,73.06,71.13,67.64,83.41,84.57,79.92,83.32,72.41,84.75,100.0,88.51,89.61,88.96,82.02,88.07,82.59,88.74,91.72,92.53,95.83,95.07,78.3,83.27,76.31,87.02,81.04,97.6,77.26,88.91,76.56,68.44,80.36,74.1,72.26,75.77,86.87,82.41,100.0,91.55,82.3,84.9,78.41,80.88,84.9,88.15,83.82,80.03,95.19,84.45,80.22,80.78,74.48,84.09,75.4,76.98,83.14,86.18,90.84,82.52,88.26,77.19,76.86,98.71,84.5,93.88,89.4,98.15,74.59,77.6,86.76,89.6,80.08,91.29,77.66,81.26,82.07,91.32,100.0,89.69,94.19,92.66,100.0,100.0,91.06,97.25,86.12,84.65,96.92,83.0,83.31,82.96,97.65,79.43,96.64,89.08,100.0,94.7,97.97,94.34,87.21,94.54,88.28,86.33,81.62,90.12,93.43,85.83,90.28,86.28,84.83,78.15,92.66,92.65,94.17,90.93,85.27,100.0,94.21,87.67,84.07,85.91,75.41,100.0,82.72,92.02,85.01,86.98,83.1,79.39,84.47,80.51,91.95,84.19,84.66,84.65,76.1,81.12,87.69,91.41,94.12,87.61,78.42,85.76,74.55,84.86,78.76,78.2,74.03,82.82,76.15,74.38,74.92,75.6,85.03,96.37,88.36,84.77,75.94,82.18,69.94,78.22,80.12,79.74,97.91,83.45,89.9,90.54,92.7,88.0,100.0,78.95,90.13,95.81,94.5,94.17,97.57,62.53,71.41,73.53,72.01,61.78,67.66,64.5,70.02,66.36,65.14,71.69,91.94,82.0,91.02,90.5,87.67,81.18,89.39,85.17,85.83,95.01,78.13,81.97,79.59,87.99,76.53,73.59,82.65,90.03,81.89,89.85,86.69,89.21,81.82,72.41,74.89,85.43,91.88,76.67,81.99,95.57,100.0,97.02,97.52,69.05,85.17,86.71,80.73,70.52,75.52,78.79,85.21,75.72,83.02,82.78,80.24,62.94,68.42,89.24,84.11,88.12,84.4,82.19,84.39,82.47,88.0,83.68,98.09,89.83,85.26,95.79,99.45,96.6,88.36,96.8,76.99,73.88,86.81,90.96,75.84,73.79,76.15,82.45,80.14,77.33,79.99,74.04,79.84,78.69,82.62,75.07,76.95,73.1,80.69,66.81,70.11,85.77,91.02,87.61,94.75,96.08,91.45,86.34,84.79,91.33,77.37,76.17,85.27,86.72,77.02,80.04,71.18,75.55,75.74,88.74,79.43,99.59,80.15,83.67,85.84,76.62
1030500077,Telkom University Surabaya,77.83,90.61,86.75,84.36,81.72,93.06,83.06,89.94,91.51,91.63,87.86,96.86,100.0,94.97,83.45,93.26,88.35,96.7,88.04,100.0,89.92,97.2,87.15,82.17,86.97,94.75,100.0,89.61,79.56,91.87,76.08,97.48,83.9,93.62,86.27,83.67,86.03,87.07,88.66,84.35,85.28,92.05,72.09,90.1,80.95,81.77,75.61,80.38,83.31,85.06,85.02,82.6,84.78,86.38,84.83,81.1,79.94,81.6,96.75,73.15,92.53,91.33,89.86,81.1,97.53,100.0,98.18,86.66,80.34,91.32,85.43,78.75,92.98,79.2,84.2,92.8,87.66,74.76,77.35,79.88,80.97,83.09,86.47,96.1,85.5,88.48,93.23,84.03,90.63,82.02,72.33,73.79,73.73,78.37,100.0,84.02,85.41,85.39,85.45,88.01,95.34,72.73,72.09,76.31,85.12,79.21,86.39,73.49,77.93,72.38,76.54,74.78,71.3,81.7,89.76,77.22,68.6,73.82,78.04,77.29,84.15,70.16,79.96,72.52,74.39,73.68,75.91,96.19,89.32,94.64,84.63,85.37,83.33,100.0,98.81,89.35,93.33,96.5,99.95,78.41,99.47,91.16,88.14,84.43,92.06,99.15,84.99,92.92,86.88,93.63,85.88,83.24,80.95,79.68,73.61,75.89,75.95,84.14,91.79,88.9,86.33,77.34,91.3,93.76,85.5,80.1,73.78,73.41,72.3,67.36,74.66,75.66,85.35,83.79,84.6,71.8,81.57,77.38,86.9,79.14,89.9,71.37,78.52,75.99,89.53,70.04,71.85,80.55,82.98,77.14,86.42,92.15,88.58,86.06,84.47,73.57,86.82,76.26,87.47,79.81,80.38,88.97,83.33,88.64,73.33,93.77,83.08,87.72,81.26,76.4,90.47,79.58,81.05,82.83,89.35,95.06,92.29,100.0,82.68,93.55,87.29,82.73,97.55,80.92,88.33,79.45,84.77,90.21,82.82,91.82,100.0,74.78,85.74,85.27,86.44,98.42,90.0,93.93,75.47,69.62,89.22,92.86,80.7,89.14,87.73,88.63,79.18,93.93,82.51,85.03,82.04,78.19,79.54,98.54,80.27,83.89,79.4,85.3,85.31,81.18,72.68,85.73,86.46,76.02,78.47,69.41,70.83,71.3,77.93,78.42,75.46,71.91,71.68,71.7,77.39,75.11,77.56,84.35,80.1,83.32,90.68,80.15,85.44,83.67,90.16,82.58,89.1,71.75,81.92,78.69,88.64,81.45,76.18,81.61,78.09,82.1,92.71,93.32,87.14,88.29,90.06,95.5,84.18,86.97,92.92,81.23,87.29,86.75,87.92,79.99,76.65,83.69,72.51,83.38,82.0,89.64,97.93,98.99,95.23,92.71,90.28,73.25,85.82,80.25,97.85
1030500078,Telkom University Surabaya,80.39,84.31,88.06,79.22,77.89,81.76,80.89,82.52,82.05,81.25,80.15,79.95,93.47,100.0,82.24,83.11,97.1,92.85,84.84,83.26,95.53,79.94,88.87,92.44,88.98,86.98,89.53,93.49,97.35,79.78,85.67,97.42,97.89,93.63,82.49,83.49,88.66,81.49,83.02,71.16,82.87,92.07,91.71,94.46,92.18,85.08,97.71,82.33,89.97,73.26,92.86,93.42,85.82,89.27,95.58,87.26,81.0,78.87,83.77,100.0,93.49,79.93,77.18,91.5,83.61,87.77,91.39,92.44,85.88,89.67,94.05,79.33,90.48,97.66,91.84,84.46,83.06,89.81,91.24,85.15,78.84,89.82,92.76,76.27,92.96,87.39,77.24,81.8,75.75,84.9,82.89,100.0,95.69,80.27,89.48,78.12,74.47,74.12,79.07,64.34,75.51,70.75,78.56,72.31,83.07,77.82,75.91,77.6,71.1,76.82,71.86,73.53,78.43,75.73,84.99,75.92,80.69,73.8,80.76,72.85,74.11,85.46,78.89,66.94,86.25,74.43,76.27,74.89,72.48,66.93,63.01,61.8,72.05,68.33,75.94,64.24,63.82,60.42,69.06,93.71,89.91,90.26,88.78,77.0,75.99,83.46,92.91,89.19,88.31,86.74,92.96,87.82,96.76,92.1,96.88,93.9,92.29,96.7,88.43,76.02,85.44,91.66,85.23,88.04,78.5,100.0,93.76,96.34,82.35,56.99,73.56,70.05,70.94,69.57,71.76,70.06,77.14,69.32,68.73,61.04,75.67,71.36,65.24,79.03,59.17,84.2,67.97,77.95,75.6,70.01,73.72,83.49,79.93,75.82,88.76,90.09,95.44,87.03,90.66,91.96,90.05,97.82,90.64,87.44,67.13,70.86,72.88,76.36,69.1,79.34,71.57,76.19,65.7,69.65,65.52,93.89,83.59,87.93,90.85,81.55,70.36,86.48,80.2,87.41,85.56,87.45,88.78,92.24,84.63,92.89,89.58,89.73,81.62,82.77,78.52,86.97,81.26,78.19,82.8,81.57,85.73,85.79,81.28,87.32,72.09,73.59,77.47,74.96,87.58,86.79,94.82,81.53,87.85,99.08,93.62,83.53,95.22,93.96,88.19,93.02,88.58,89.7,89.19,82.91,80.25,79.45,66.95,74.56,68.42,80.53,92.94,89.84,92.23,84.12,82.59,99.76,77.43,84.07,82.08,70.83,78.55,59.53,84.74,94.3,92.04,85.51,88.39,100.0,99.72,94.77,85.72,72.35,73.0,65.44,74.87,84.47,93.25,88.8,91.49,93.14,81.67,89.36,97.61,86.28,76.21,80.53,75.71,91.05,89.43,89.44,69.44,74.8,74.46,88.63,93.84,79.32,87.61,88.01,98.13,93.21,87.25,88.76,78.77,87.78,85.81
1030500079,Telkom University Surabaya,98.47,94.84,90.73,92.11,98.91,96.97,84.56,89.27,76.98,77.05,78.01,83.18,90.55,87.17,84.29,81.59,83.23,83.05,86.51,87.19,88.54,82.62,75.98,88.83,91.24,78.53,78.71,84.98,87.4,82.58,83.44,78.19,86.62,89.57,88.98,87.62,76.65,83.02,81.56,77.97,74.96,78.75,76.62,80.88,73.87,90.8,82.37,85.75,81.31,80.09,82.42,93.1,79.97,68.66,86.6,74.06,89.05,75.05,75.06,88.39,84.78,81.11,79.8,77.3,79.06,83.75,73.51,73.28,95.77,83.78,91.75,85.84,86.05,65.07,77.94,72.04,85.05,88.07,87.65,99.75,95.71,97.27,71.75,82.34,79.31,80.36,89.4,88.52,77.48,82.51,93.06,76.87,81.31,81.35,85.6,92.27,81.46,93.26,83.68,81.63,80.06,91.66,90.32,80.54,80.65,95.74,97.4,70.96,84.86,93.74,80.59,89.55,91.0,89.99,86.63,85.34,85.01,95.01,90.32,82.75,85.73,87.7,87.47,86.29,87.26,88.8,93.08,70.59,79.25,78.83,85.81,81.71,84.16,81.98,75.73,77.09,81.52,87.77,81.6,88.71,94.17,88.75,73.92,77.32,80.18,83.83,93.41,98.98,92.44,91.7,86.42,92.1,99.01,86.06,88.67,75.1,95.82,86.7,81.33,78.54,85.23,93.71,94.13,86.91,78.4,84.77,91.88,73.21,92.86,95.02,99.3,96.53,98.92,87.93,97.07,80.53,89.15,100.0,92.44,85.63,100.0,93.54,98.01,89.42,82.94,90.15,94.02,78.42,70.01,99.73,98.19,84.59,87.71,81.59,86.51,91.27,88.47,89.01,75.03,78.51,77.56,78.16,89.89,82.89,74.9,75.02,76.46,80.63,74.42,77.02,76.51,80.77,85.48,84.42,82.32,85.09,81.98,85.13,89.72,91.62,85.01,90.34,88.48,87.61,91.42,94.7,92.69,78.21,82.87,99.69,85.9,90.51,79.46,86.08,77.39,80.36,76.06,76.13,80.83,84.25,82.53,84.37,91.58,93.24,87.06,86.5,93.08,89.87,75.24,77.1,73.4,72.29,79.54,64.41,83.91,73.81,69.72,73.12,73.66,75.56,74.24,85.14,84.04,87.15,74.99,100.0,87.99,87.01,92.26,91.6,79.63,91.94,81.96,76.62,81.57,85.4,85.45,80.24,83.07,89.39,82.78,87.12,78.49,67.93,76.64,75.31,77.26,74.0,81.24,80.2,80.74,90.5,88.62,94.45,80.12,83.36,92.18,92.3,99.66,78.68,76.06,86.34,71.4,80.3,85.12,76.38,84.88,86.09,75.0,80.04,82.47,85.3,100.0,94.78,71.42,81.66,80.11,77.5,95.9,82.01,83.73,81.58,86.4,70.41,80.23
1030500080,Telkom University Surabaya,89.06,80.68,90.47,85.57,87.44,78.91,73.81,89.53,75.62,77.92,79.54,73.08,71.02,75.6,72.56,65.94,67.74,71.72,82.71,69.05,86.19,69.21,72.77,62.59,85.58,60.46,71.38,71.39,72.45,70.24,74.67,72.69,75.7,63.52,75.4,73.77,64.81,73.45,77.87,79.14,76.57,69.31,83.42,78.83,73.0,64.56,77.23,74.96,67.34,71.64,75.93,72.76,79.48,70.09,81.71,71.7,85.9,75.65,78.84,72.78,92.43,79.46,74.17,77.95,77.36,65.99,73.39,77.41,64.05,67.83,67.33,63.06,58.35,87.85,85.11,88.18,75.98,79.72,79.11,82.58,61.68,82.66,67.59,60.3,58.78,70.48,79.91,81.14,86.03,87.53,72.27,75.67,81.39,87.52,88.68,79.08,80.63,84.86,76.41,89.37,85.76,77.53,84.28,89.68,86.07,80.85,78.35,76.35,89.86,67.01,69.23,88.55,77.67,72.57,84.13,82.16,79.25,77.87,82.86,89.54,79.47,77.33,87.78,68.77,81.62,81.79,89.47,87.59,81.33,87.54,87.15,74.81,77.91,70.46,70.51,74.18,78.99,79.14,71.92,72.92,76.15,73.06,72.92,79.19,72.32,71.6,77.83,77.0,73.1,78.56,56.05,81.61,77.74,69.72,69.96,63.36,69.95,74.0,82.3,86.13,75.02,77.66,82.1,94.3,84.28,77.96,85.41,85.1,82.49,74.63,80.85,77.28,82.3,78.99,87.11,71.16,75.59,73.6,75.52,84.83,71.34,80.72,78.07,59.73,76.31,71.64,66.44,80.18,79.76,86.75,65.66,64.04,72.87,71.15,76.21,71.16,69.9,69.02,74.18,86.96,82.5,83.8,73.06,81.61,69.3,67.05,75.29,75.73,71.37,78.21,74.75,69.93,71.43,60.55,73.87,86.66,89.65,79.99,84.64,83.87,77.27,84.34,80.95,92.7,83.97,91.43,79.72,78.43,88.58,86.7,80.91,83.27,84.97,85.45,85.56,73.56,80.09,78.62,76.46,92.4,76.58,90.91,85.8,80.21,70.18,72.96,78.15,74.91,57.73,58.63,62.77,50.71,62.0,61.37,62.15,52.68,64.93,55.66,58.61,67.03,53.89,61.78,66.42,75.17,73.8,75.58,68.23,68.0,68.57,70.05,69.34,85.25,70.69,81.18,75.13,80.1,78.57,81.0,79.17,79.55,85.84,75.24,89.49,79.88,79.49,78.72,75.96,65.67,87.61,78.14,66.09,58.25,74.6,71.41,66.22,69.93,65.3,67.84,64.31,62.75,86.16,78.54,68.78,80.14,79.82,81.57,71.79,84.47,82.41,84.28,71.56,73.36,69.53,77.3,75.66,76.65,75.9,66.89,72.66,62.89,72.13,69.37,70.75,74.07,65.05
1030500081,Telkom University Surabaya,40.46,53.6,52.43,48.63,44.25,43.97,46.43,44.86,50.76,57.59,55.18,59.1,53.68,67.64,63.25,70.98,66.22,62.97,62.82,63.99,50.73,62.1,60.87,53.09,54.35,55.09,42.24,37.79,57.03,54.51,52.25,57.41,62.17,58.35,49.98,57.18,53.93,55.61,67.75,62.42,60.09,61.83,65.62,57.24,70.35,61.73,60.29,55.75,56.98,49.13,48.37,58.52,66.58,52.09,42.7,52.1,57.88,42.52,50.47,64.26,54.82,61.06,59.2,53.27,48.8,51.67,56.37,52.97,51.61,55.66,48.15,51.9,54.13,69.09,60.68,73.47,52.34,49.46,69.25,46.41,50.8,50.32,48.2,47.35,45.71,40.76,40.77,72.22,46.91,65.17,53.15,54.72,49.32,57.29,66.34,56.76,69.65,54.48,65.25,54.96,59.84,51.88,56.47,53.2,51.75,63.34,63.68,57.67,60.57,57.61,55.71,64.93,56.65,45.3,50.24,61.97,62.17,49.06,54.11,66.33,69.89,59.79,61.52,61.04,55.21,58.78,63.12,63.02,44.16,64.94,62.09,59.99,63.99,60.71,63.72,56.67,68.28,40.73,67.32,57.27,58.26,52.73,56.75,54.67,52.79,56.1,55.08,59.72,59.37,66.3,55.16,61.12,56.13,51.2,45.21,57.86,57.9,54.64,46.22,38.71,52.07,48.91,50.41,50.93,57.23,57.92,47.67,53.09,57.11,59.53,54.88,66.52,57.79,62.07,53.0,50.46,57.95,55.28,48.73,58.72,54.45,52.51,58.07,49.7,39.42,56.25,62.24,57.21,56.6,55.08,54.39,54.36,58.5,51.97,63.07,57.67,62.24,62.0,59.48,49.98,64.29,50.76,50.42,56.94,64.2,68.61,73.18,61.37,69.46,64.31,74.01,60.1,65.03,68.21,64.87,49.26,55.65,55.83,57.14,55.72,54.9,58.18,50.64,61.27,64.67,52.83,57.8,50.06,53.79,62.4,47.14,64.01,55.04,48.2,61.38,52.01,50.31,72.39,49.61,54.51,40.15,51.55,51.97,52.71,61.03,48.62,58.17,66.75,54.77,39.54,53.7,53.52,55.19,43.69,55.21,56.12,44.61,51.79,48.62,54.34,43.21,60.78,65.13,53.9,68.36,53.83,60.04,60.8,59.04,59.4,49.85,53.81,58.77,55.62,64.47,60.48,68.96,54.68,63.44,55.75,52.95,53.97,68.46,56.46,41.61,62.39,52.96,52.28,53.4,61.17,51.8,68.31,58.28,66.25,71.77,62.42,53.56,62.46,62.8,57.83,66.61,60.87,69.02,60.66,52.84,45.7,50.32,52.41,57.92,60.44,65.96,52.26,45.81,64.43,53.63,66.17,69.03,71.9,56.01,57.09,60.16,50.73,48.04,54.58,52.87
1030500082,Telkom University Surabaya,55.63,52.49,64.83,55.12,45.3,51.7,55.4,49.63,53.6,48.35,51.3,54.07,52.03,44.59,41.65,64.23,40.48,55.17,51.02,45.83,49.91,62.94,59.15,56.98,66.99,63.87,62.51,56.3,72.08,70.5,54.66,67.98,65.84,58.91,67.27,58.63,61.49,43.42,44.87,55.92,57.08,48.72,58.74,41.52,45.8,68.0,63.0,57.26,62.2,64.29,69.13,52.85,64.97,61.92,66.84,55.09,48.82,50.76,40.61,46.25,69.83,59.89,64.02,52.28,59.56,42.02,51.2,58.51,63.58,48.22,52.04,58.94,43.1,68.38,59.78,68.38,68.3,69.16,64.98,49.6,54.33,44.31,49.0,56.31,53.27,65.31,64.65,52.64,53.98,57.83,68.57,59.96,53.21,62.23,58.78,69.24,54.33,55.62,48.91,52.7,55.08,53.41,65.86,60.4,66.55,57.52,61.4,50.49,56.78,64.79,46.31,58.17,62.37,62.91,63.27,63.37,67.01,63.58,71.28,59.37,69.27,61.26,67.22,65.24,59.56,58.67,63.57,68.97,60.67,64.05,68.4,62.2,60.08,60.66,50.71,52.58,63.93,56.15,57.42,58.95,61.65,56.61,59.25,71.19,55.77,63.3,62.63,55.24,66.27,58.85,59.03,62.26,66.69,75.06,62.05,69.23,69.91,69.39,50.07,45.92,48.43,47.52,51.51,50.44,46.39,70.66,60.58,56.9,67.7,64.7,65.61,58.07,60.05,66.39,62.87,70.81,66.2,69.14,70.99,71.76,66.8,69.15,70.32,61.07,64.76,55.32,60.55,61.69,68.67,57.65,53.29,53.64,68.43,57.65,52.46,41.99,46.02,51.18,46.82,58.88,54.25,47.84,47.42,52.76,56.82,67.93,60.15,65.45,67.76,73.75,60.16,68.61,65.74,60.96,57.87,57.2,58.83,46.44,46.37,50.55,46.05,59.14,67.2,49.22,34.22,54.21,53.78,66.94,48.38,55.21,48.66,49.72,57.84,62.43,59.54,68.05,66.9,50.65,60.74,46.16,56.68,55.44,50.83,61.48,62.4,44.44,48.51,46.26,49.47,50.06,54.35,59.02,61.3,49.8,60.2,67.33,62.5,59.77,59.88,56.93,57.35,60.38,49.72,52.87,55.17,57.55,52.37,67.86,64.84,75.37,52.01,51.41,51.26,59.77,64.47,47.25,51.52,45.07,56.99,43.22,40.14,38.74,50.19,55.49,61.7,50.7,56.99,51.0,46.68,64.7,66.41,73.21,54.12,59.77,53.97,52.73,64.96,57.47,57.85,64.49,54.38,48.51,66.55,59.56,63.96,54.88,66.89,63.74,59.65,67.48,57.9,57.4,59.37,55.38,56.06,55.27,56.6,56.65,64.28,56.48,60.4,54.28,71.31,68.58,66.74
1030500083,Telkom University Surabaya,85.09,89.46,79.92,79.42,81.5,79.03,82.81,87.87,70.43,71.34,69.86,70.34,80.48,76.41,81.02,73.9,80.6,73.42,71.16,74.83,75.16,67.17,71.97,78.32,81.42,81.17,86.34,93.09,69.54,61.53,63.49,55.04,63.17,68.35,66.77,73.64,69.23,64.16,78.68,75.21,69.05,80.75,91.53,84.19,90.85,82.17,81.55,86.68,91.09,82.84,77.39,86.72,73.52,78.62,92.41,76.86,65.88,69.27,70.61,65.24,64.37,79.71,75.75,65.1,74.84,83.19,70.16,57.77,78.53,67.02,76.51,63.1,69.73,74.73,72.45,72.75,60.72,63.8,64.17,90.42,77.44,77.46,75.42,66.3,61.34,72.84,82.79,84.15,88.54,87.38,70.55,69.7,72.79,72.96,67.3,61.43,58.29,53.04,76.11,81.82,87.93,64.23,67.01,63.32,66.76,68.73,74.22,74.85,69.78,66.27,68.44,72.65,71.55,54.48,54.42,63.21,60.77,70.81,63.6,65.75,71.26,62.51,67.48,68.95,72.25,65.21,67.56,80.95,64.07,86.66,75.64,80.78,75.8,71.86,89.17,76.4,80.68,77.77,84.78,82.42,80.11,74.2,71.84,72.98,74.76,69.76,71.92,70.35,66.03,82.8,70.58,67.95,74.36,59.29,74.33,75.21,58.23,84.69,77.06,75.03,70.3,64.41,73.75,68.94,71.24,79.55,72.7,70.79,83.39,74.23,71.89,80.95,73.69,71.43,76.02,82.2,86.1,73.72,80.1,67.45,80.01,77.49,79.49,72.72,79.16,62.6,76.71,68.53,82.59,82.46,79.34,67.7,72.92,68.8,80.81,74.25,77.43,79.56,77.01,87.33,84.73,74.62,82.61,80.82,83.42,72.62,80.84,83.41,77.64,77.9,82.29,84.89,87.28,80.4,79.49,72.34,76.68,78.35,67.02,82.51,68.99,70.7,84.21,82.99,67.06,65.96,78.69,82.27,72.9,66.23,72.18,69.15,73.34,64.07,66.91,69.47,65.3,73.98,67.23,73.78,79.61,62.98,70.17,61.19,62.97,74.62,67.13,76.79,78.22,81.8,88.13,79.7,80.25,85.2,86.72,62.36,79.23,71.41,81.88,68.44,77.81,78.22,75.76,59.88,76.47,74.41,73.6,68.04,67.7,64.24,72.85,69.54,84.03,75.72,81.82,74.57,78.97,74.89,90.26,68.11,85.83,77.97,75.51,82.69,71.0,71.15,75.85,69.12,72.28,66.38,77.4,79.42,80.73,88.54,80.92,66.09,61.67,68.42,64.06,66.76,84.33,71.83,83.62,75.58,76.11,69.84,71.24,62.61,58.34,78.05,83.09,75.59,88.06,78.98,75.83,67.06,68.16,65.19,84.85,85.51,81.74,79.24,82.91,71.61,79.78
1030500084,Telkom University Surabaya,85.57,90.02,82.73,100.0,90.07,88.33,90.95,86.56,74.34,91.22,88.76,82.22,79.43,92.2,88.78,86.67,98.05,82.39,81.66,95.33,90.21,90.6,83.43,86.2,82.62,91.67,98.25,82.23,85.28,83.17,81.5,84.81,74.29,84.11,81.45,82.32,79.95,98.86,86.96,83.24,86.59,77.77,75.03,84.96,82.52,85.05,90.66,85.96,87.22,80.81,90.55,89.28,78.41,86.59,92.14,92.79,89.07,84.51,79.63,81.97,84.91,90.29,89.88,97.41,82.2,92.66,87.29,87.62,100.0,87.99,100.0,87.07,99.91,84.48,73.27,88.24,83.49,83.21,77.65,92.58,89.02,87.72,83.9,82.35,89.17,92.11,84.73,88.53,82.52,89.35,84.87,67.12,86.67,72.67,98.26,90.97,92.5,89.55,96.36,88.19,91.84,90.27,87.81,72.07,83.29,92.14,83.02,84.04,80.42,85.68,82.31,90.33,88.3,92.2,88.72,85.41,87.45,79.65,91.99,89.24,80.75,79.6,84.23,88.77,82.82,84.57,77.92,95.35,89.09,79.64,93.18,90.64,80.63,82.8,92.96,90.84,88.95,84.19,100.0,75.96,75.73,91.64,88.37,75.04,86.29,88.98,83.14,87.85,78.7,84.11,90.98,81.73,93.96,88.63,82.07,95.77,92.34,94.8,84.77,86.52,82.28,79.09,84.22,87.51,84.52,99.74,89.48,78.76,91.6,93.58,95.63,86.71,84.78,93.29,88.79,91.09,93.71,91.22,94.08,89.63,88.35,93.12,100.0,89.46,89.79,85.1,89.83,98.9,88.93,80.82,89.0,80.71,91.92,87.28,97.25,92.14,92.72,90.69,85.27,88.46,85.45,69.95,80.51,83.54,47.9,64.25,67.14,70.48,73.12,68.47,70.0,48.09,63.66,72.63,62.7,86.87,85.49,81.57,77.68,88.82,80.89,89.7,76.63,92.25,83.21,83.51,85.81,77.13,74.89,78.63,74.89,77.2,94.5,100.0,80.42,83.33,94.81,98.19,92.88,73.42,85.26,87.88,88.3,83.59,97.96,91.36,89.16,92.14,87.91,87.95,86.8,90.15,93.72,87.73,82.35,83.87,94.76,81.45,84.71,87.84,91.1,83.02,88.23,92.96,86.05,88.09,79.84,74.49,86.09,84.76,81.4,83.61,82.93,82.81,85.51,72.41,80.51,82.52,78.77,93.17,82.22,79.23,86.61,81.9,87.91,79.09,84.01,92.64,87.95,94.53,94.03,91.58,91.5,95.23,100.0,84.76,94.72,90.16,84.89,92.76,72.29,76.58,75.68,65.13,63.68,75.25,100.0,97.39,96.29,67.91,73.97,68.35,76.46,75.3,72.62,78.53,76.36,74.93,94.01,93.02,92.13,80.54,79.82,67.17,77.22
1030500085,Telkom University Surabaya,64.82,66.93,68.51,69.41,80.89,61.5,65.35,88.81,57.48,73.92,65.65,68.12,54.2,72.12,78.23,75.83,58.66,67.45,79.66,71.96,70.67,64.8,61.12,72.31,71.51,79.64,75.6,77.55,74.03,87.13,85.57,76.23,83.15,66.85,81.44,90.49,75.87,81.24,69.58,72.3,75.23,84.66,78.49,78.69,80.0,76.49,79.73,67.65,74.46,85.29,80.0,85.21,76.6,80.04,86.32,81.77,70.62,89.16,88.75,83.81,79.63,78.23,67.21,80.18,61.83,76.13,66.97,74.58,62.38,81.27,68.61,73.66,82.11,71.03,63.01,56.86,76.87,80.36,64.39,88.88,70.12,83.54,71.43,80.68,75.51,74.7,60.6,54.12,67.23,62.88,70.18,70.33,81.77,56.43,83.38,76.33,74.85,70.73,85.0,80.3,69.01,79.03,81.05,68.95,68.71,65.53,74.12,64.07,70.7,71.07,78.71,78.77,62.58,76.81,66.49,76.92,69.0,68.04,62.16,72.81,66.45,79.57,74.3,77.7,83.04,65.52,54.87,65.09,68.28,81.02,65.98,73.89,66.45,59.2,66.87,68.38,72.02,69.94,69.89,85.62,67.46,77.77,78.07,79.63,69.08,82.06,67.57,70.61,76.57,83.7,84.35,74.02,83.98,79.31,79.81,78.24,95.5,84.25,86.9,82.71,77.21,82.37,88.67,88.52,85.1,69.37,77.66,67.89,73.95,75.65,70.79,81.92,87.57,76.28,87.39,72.99,76.27,74.23,87.32,75.99,70.29,86.57,74.67,81.56,72.91,85.14,84.15,73.22,86.59,70.59,82.83,82.08,81.13,78.31,73.31,79.32,80.32,67.61,81.87,64.78,60.32,60.23,72.67,63.29,74.28,68.66,84.09,74.8,73.91,75.77,71.74,72.91,78.16,89.52,90.86,86.01,75.51,75.43,75.1,79.03,79.75,77.99,88.85,70.7,81.13,87.7,75.79,79.67,80.72,75.28,80.04,65.36,77.83,68.36,77.8,71.7,72.34,75.45,80.79,81.96,89.8,74.54,92.67,71.73,83.24,87.91,58.76,74.51,70.92,68.14,62.94,68.8,74.56,71.63,60.67,77.72,72.19,85.45,67.0,60.25,64.38,69.08,79.37,80.52,84.76,82.91,81.57,83.06,70.95,70.42,71.61,76.26,63.66,68.26,71.46,83.06,71.27,66.49,64.67,67.94,69.42,86.23,72.56,76.86,86.6,76.69,73.45,78.34,81.91,77.89,81.4,87.48,86.4,84.15,80.73,75.7,79.79,74.12,79.96,83.96,87.69,76.79,80.02,77.92,78.69,81.05,77.97,73.37,76.54,65.42,77.16,84.03,75.83,75.36,69.15,79.28,68.28,72.92,80.78,76.71,83.06,71.91,69.87,83.01,69.43
1030500086,Telkom University Surabaya,80.91,76.77,87.59,77.56,88.47,83.22,69.76,75.42,87.12,87.38,93.6,91.86,87.0,79.96,94.02,81.38,83.82,96.22,95.25,100.0,88.31,94.03,88.35,78.25,88.13,77.05,86.91,70.75,74.73,79.96,72.91,75.29,75.57,78.62,74.67,83.01,76.28,88.98,82.52,83.26,96.79,68.28,80.96,74.38,86.29,98.65,91.46,94.23,96.76,100.0,87.71,88.15,96.21,98.25,98.95,96.71,85.32,73.63,87.79,81.25,82.39,85.51,82.36,81.6,90.76,80.22,82.53,87.88,91.33,96.82,94.72,89.34,100.0,89.52,71.88,87.57,93.14,98.91,88.08,93.93,88.68,92.94,85.23,82.34,85.41,87.9,91.53,83.14,73.84,77.41,85.52,89.82,79.43,75.05,74.73,89.72,71.99,76.71,89.36,95.08,76.43,77.21,89.03,91.73,87.45,88.18,94.08,84.16,91.18,86.4,83.85,81.06,83.65,97.88,83.44,89.2,93.49,87.37,75.73,72.56,91.18,89.58,96.62,100.0,83.82,86.63,82.08,74.73,87.69,95.58,84.06,91.7,80.59,77.98,88.53,86.13,85.7,82.72,78.53,88.74,81.4,86.03,87.8,77.89,90.57,88.02,96.48,94.27,86.26,63.6,69.35,88.94,81.07,75.11,91.77,65.26,74.64,75.8,83.98,87.42,89.61,87.49,91.35,66.29,86.14,90.31,87.26,82.26,92.68,88.97,82.36,83.13,87.99,78.02,89.24,81.85,80.5,73.37,84.42,79.31,82.87,84.87,77.02,72.74,77.4,75.14,85.86,86.09,88.51,93.92,87.36,90.21,90.14,85.23,96.49,86.25,78.22,91.27,85.38,90.02,85.73,76.61,78.6,85.49,73.32,80.85,82.55,87.0,83.96,75.84,83.72,84.3,79.58,81.96,81.22,86.39,93.29,96.53,93.06,94.37,100.0,88.25,89.72,95.59,91.6,91.07,93.94,92.47,81.74,74.54,76.68,66.77,84.53,96.92,88.8,89.31,93.68,93.47,87.17,84.25,84.98,92.38,81.65,88.58,100.0,79.37,81.81,91.77,94.92,100.0,74.52,90.68,90.68,83.6,98.97,93.29,86.96,84.98,90.26,89.14,86.22,91.94,85.01,88.53,82.56,91.5,93.98,82.2,91.88,83.4,84.35,82.55,82.66,84.72,85.11,77.2,82.43,87.31,91.2,82.76,83.21,83.68,79.82,78.13,91.97,82.21,97.16,83.02,82.64,82.72,86.97,72.19,81.38,86.79,71.11,82.07,76.39,78.67,78.76,77.09,78.88,89.7,100.0,99.29,87.12,94.2,86.25,94.52,82.24,94.22,96.58,90.45,95.72,89.04,82.01,80.39,87.21,87.68,80.86,79.96,78.38,98.91,88.11,92.32,77.25
1030500087,Telkom University Surabaya,100.0,88.56,80.2,85.38,91.24,90.58,80.92,90.95,85.23,79.64,83.78,90.07,88.7,82.94,86.05,91.54,92.8,91.5,87.47,77.99,71.67,84.97,99.82,90.04,81.1,85.05,99.95,82.51,85.35,99.59,98.35,86.28,99.83,92.74,96.48,84.99,86.76,88.74,96.69,97.63,79.83,71.69,91.49,88.55,93.87,85.37,86.45,83.5,88.01,88.3,77.59,93.78,92.82,87.4,90.74,83.18,91.83,86.39,89.47,94.37,91.3,92.69,78.98,86.89,85.21,99.63,74.91,87.76,94.31,100.0,98.14,90.53,92.4,84.84,83.53,83.28,75.7,81.53,98.47,90.02,93.01,82.71,71.87,72.79,86.89,78.7,96.18,90.13,94.15,92.15,91.46,86.73,89.6,93.98,95.39,93.34,82.48,83.05,94.48,95.09,80.5,87.74,80.7,87.9,85.69,100.0,93.53,89.7,83.08,80.1,93.83,95.09,90.67,95.31,86.13,92.33,94.08,90.76,99.0,100.0,99.87,85.88,91.77,90.6,85.71,89.82,90.19,95.75,88.52,87.47,99.12,89.44,91.77,91.28,98.39,96.3,96.37,83.87,100.0,88.58,94.79,71.77,95.26,86.6,97.07,96.44,93.06,95.93,91.0,94.45,90.46,93.28,98.39,98.16,92.95,98.5,86.97,84.77,78.47,87.27,86.45,88.35,87.11,83.38,86.21,84.0,99.68,92.15,71.83,86.21,83.7,81.08,76.92,76.19,69.49,84.73,83.52,67.49,91.54,76.37,82.98,81.16,82.38,79.56,86.84,83.33,76.89,72.83,81.14,84.7,70.88,79.08,75.96,70.46,97.94,93.29,93.32,85.38,97.08,73.86,77.57,74.44,75.06,78.01,85.85,91.46,82.54,84.62,88.08,90.21,86.06,95.84,89.84,84.2,91.51,94.13,83.25,84.04,92.42,91.62,85.89,83.98,77.75,87.66,92.07,78.06,90.06,78.12,100.0,90.14,91.67,87.67,79.38,80.96,80.24,91.54,88.75,89.41,90.31,97.09,84.99,93.66,82.87,90.47,88.33,84.51,100.0,94.39,81.05,82.97,96.34,99.09,88.16,91.48,100.0,79.94,86.27,90.96,96.17,90.06,91.51,91.6,79.78,74.74,71.12,74.99,79.01,79.91,76.7,66.98,64.52,63.66,80.24,88.9,82.89,65.12,74.9,82.71,86.94,87.45,92.56,87.02,96.87,78.09,89.31,75.21,83.13,86.52,89.24,84.78,99.19,87.66,84.9,89.0,90.59,68.63,81.01,92.77,84.06,82.93,87.29,80.14,88.09,92.55,90.72,85.07,82.45,81.39,83.82,91.71,88.9,85.32,77.91,95.7,98.63,97.39,90.62,89.6,87.01,77.19,79.08,88.71,92.65,71.66,83.47
1030500088,Telkom University Surabaya,85.58,78.34,85.46,81.52,77.63,75.04,77.3,77.48,70.37,79.6,68.12,85.75,77.62,67.03,75.17,79.55,73.65,75.91,69.73,62.45,80.49,74.27,76.0,66.85,77.9,78.63,79.25,78.89,73.26,77.61,79.01,73.41,75.64,81.66,79.37,76.32,63.65,77.03,70.09,69.53,87.46,74.79,69.8,84.07,92.28,81.04,81.92,82.24,90.3,79.05,82.54,75.99,81.71,87.67,82.58,90.86,79.15,83.44,69.36,70.22,84.82,77.72,85.26,85.63,90.12,71.59,74.39,85.49,69.45,86.04,83.08,72.46,84.4,79.02,84.01,68.09,71.32,71.95,73.9,79.95,84.31,70.37,77.99,80.38,73.67,86.66,59.68,86.47,60.61,88.16,76.89,81.03,75.17,69.47,68.75,68.68,78.71,65.9,78.28,74.59,68.78,85.02,72.18,70.25,78.55,81.77,70.63,83.71,72.26,66.69,72.15,73.48,83.35,81.97,73.03,71.25,77.81,78.13,77.24,71.04,87.98,79.29,85.38,79.24,76.46,76.78,80.8,83.3,86.42,70.19,76.99,74.56,82.36,89.19,86.17,72.97,90.33,76.89,82.59,72.12,73.77,72.8,76.15,64.84,64.77,79.62,82.7,70.1,75.39,80.58,70.35,82.95,80.39,72.0,74.4,82.42,65.24,67.27,85.14,70.03,77.73,80.17,73.94,70.12,85.16,75.17,83.62,85.29,95.66,80.47,86.52,87.39,83.22,84.71,83.04,83.51,92.14,69.62,76.48,83.34,78.98,82.24,77.84,80.79,80.59,84.17,78.05,79.1,82.95,84.59,79.11,76.49,75.32,76.94,75.91,84.62,78.56,86.94,82.44,71.12,68.39,78.32,76.18,89.0,82.51,68.02,78.69,71.58,81.13,83.67,65.85,78.78,67.85,66.89,81.77,64.9,64.63,74.84,63.86,60.75,62.45,67.92,59.13,63.97,71.27,55.91,55.64,63.45,66.29,71.1,57.47,59.36,67.25,67.99,61.69,69.43,62.49,65.02,72.92,79.27,83.34,75.68,71.98,85.48,68.66,85.23,83.19,76.1,70.59,72.93,82.15,76.0,81.11,73.61,72.13,74.07,75.54,81.74,87.5,71.88,76.83,91.11,74.29,74.5,66.62,70.79,81.3,69.69,86.14,79.95,81.29,84.79,87.09,93.85,82.02,77.96,77.63,80.91,68.93,64.71,73.8,71.18,67.46,71.97,80.25,79.51,92.7,70.28,70.88,70.86,65.96,75.84,85.73,76.33,83.11,64.52,62.18,67.24,64.5,70.46,75.84,81.14,74.5,70.25,80.04,79.98,79.4,77.49,80.88,65.82,65.57,65.51,74.21,69.54,61.64,60.35,66.33,59.6,83.08,60.6,73.87,71.45,64.12,63.92,58.12
1030500089,Telkom University Surabaya,91.19,94.09,92.81,91.87,84.06,86.55,98.08,96.57,95.84,86.38,85.4,99.78,94.82,92.21,97.93,91.6,94.27,91.62,85.2,87.52,89.3,81.97,90.14,90.83,73.7,87.69,83.69,84.69,88.97,79.53,87.92,89.13,85.48,83.43,82.73,88.82,83.32,92.75,95.39,93.33,89.39,69.08,80.59,74.88,70.62,82.48,100.0,88.97,83.73,89.84,86.68,96.26,98.78,89.67,87.33,90.54,91.56,95.69,89.98,87.37,100.0,100.0,98.01,88.7,66.47,69.72,62.92,70.43,82.5,74.51,74.13,77.74,73.92,87.17,89.17,87.06,97.12,84.16,82.38,81.82,88.51,77.73,91.05,80.1,79.13,91.66,91.97,79.22,75.58,93.8,77.29,88.18,89.31,87.41,78.12,91.78,67.65,87.64,77.26,94.62,90.05,86.9,100.0,89.81,95.74,92.29,96.48,91.16,86.89,100.0,89.44,93.27,93.47,90.22,97.38,89.26,86.52,90.31,98.78,99.27,89.31,94.65,81.77,98.64,81.68,86.27,92.83,82.84,87.13,81.72,69.89,74.09,91.5,92.97,92.19,80.91,88.08,86.99,81.7,87.15,88.61,84.98,84.67,77.96,76.06,83.83,87.51,99.05,88.42,94.69,92.75,90.35,87.61,89.31,89.49,81.05,85.63,83.24,76.64,66.84,56.97,61.04,71.7,71.67,61.1,68.99,72.03,73.55,75.56,74.06,96.94,82.92,77.53,72.92,86.11,73.37,76.79,84.78,79.05,77.88,80.92,92.39,80.31,74.32,78.82,67.64,84.84,79.66,71.88,87.5,100.0,73.35,91.02,96.49,79.5,79.17,74.82,69.64,81.35,81.94,79.36,72.51,80.64,75.65,94.45,97.42,89.08,100.0,99.81,81.87,81.87,93.15,77.2,84.54,100.0,100.0,89.87,92.82,77.18,96.12,85.95,87.97,94.77,91.5,97.22,83.49,91.48,95.6,96.06,88.49,88.58,94.63,83.36,89.14,79.82,86.78,86.23,78.44,88.35,85.33,96.53,83.46,88.74,73.15,88.2,75.29,72.56,77.14,89.61,93.75,86.13,83.77,87.5,87.4,82.55,77.21,87.47,91.52,88.18,85.72,92.83,100.0,90.24,90.79,97.95,92.23,93.2,94.63,86.09,91.22,91.54,72.49,76.46,75.64,74.23,73.65,70.51,76.34,75.99,87.71,78.7,83.65,87.59,95.41,87.87,90.16,96.21,75.98,84.21,79.96,82.97,86.89,72.1,72.82,80.59,95.38,99.91,89.07,84.82,87.38,79.75,90.07,84.79,74.82,78.28,84.86,94.15,82.01,81.33,79.18,88.49,87.92,87.79,91.93,77.98,81.79,82.06,95.42,83.71,96.64,82.49,84.24,85.27,76.46,82.52
1030500090,Telkom University Surabaya,82.65,73.6,74.65,69.0,72.07,71.97,79.08,71.62,77.39,78.67,86.22,67.92,67.62,76.86,75.88,75.79,72.95,77.9,86.42,86.54,84.21,81.07,74.67,82.56,78.13,86.66,77.66,89.58,65.25,64.24,55.45,57.8,73.94,60.91,72.48,62.18,64.55,79.34,87.83,85.11,84.93,78.22,73.24,77.33,64.42,67.23,86.47,82.83,73.1,72.84,74.23,70.33,67.41,68.61,69.18,69.97,81.72,83.25,79.41,79.0,81.13,72.86,91.62,89.79,70.85,72.31,70.96,73.31,69.35,63.22,65.65,68.47,63.7,84.46,83.09,77.08,82.65,59.44,77.58,68.52,57.57,65.0,71.43,93.42,80.58,80.92,64.07,70.8,73.65,67.84,71.16,73.07,67.31,62.61,82.8,88.54,78.93,86.78,87.02,80.88,87.44,77.96,77.37,82.03,83.71,67.47,68.63,83.47,91.62,71.52,78.87,82.8,76.77,79.0,79.45,76.67,81.85,91.76,76.97,76.14,74.77,64.81,74.7,82.37,75.8,79.03,69.41,72.32,81.28,67.67,77.09,70.29,73.79,76.23,79.38,77.19,90.3,85.87,76.2,71.83,64.52,85.01,81.92,72.93,77.47,82.08,84.11,70.7,69.77,81.9,81.42,77.48,74.68,75.94,85.23,81.26,64.95,78.38,73.53,79.37,78.99,68.32,69.94,75.85,87.62,69.94,81.54,84.28,65.46,80.84,91.72,85.11,88.42,86.76,67.57,78.28,79.02,81.14,73.75,76.34,84.22,79.33,86.68,79.76,78.43,85.28,69.72,85.99,79.53,82.51,69.38,74.17,87.51,71.18,68.84,63.54,71.18,71.05,58.85,80.77,70.58,83.96,90.29,71.21,68.76,63.28,69.01,63.81,68.85,68.98,73.58,75.59,58.0,63.02,66.12,66.46,70.96,74.37,63.85,84.69,79.91,65.57,80.81,77.1,67.66,70.29,66.04,69.77,72.9,66.29,69.2,70.25,89.45,84.22,93.86,87.15,82.4,80.2,73.69,79.12,79.06,76.49,71.4,67.49,67.83,73.35,85.81,74.14,75.07,79.87,70.93,74.39,82.56,84.44,78.78,65.18,73.92,67.56,76.52,73.17,78.61,77.04,90.64,87.08,88.47,76.85,76.58,78.19,72.44,80.92,64.19,74.73,64.32,67.58,67.86,76.79,57.55,71.83,74.13,63.88,59.57,63.63,75.39,75.34,76.43,77.68,70.87,75.65,76.83,74.51,75.51,67.79,72.75,75.09,77.39,69.68,58.16,66.33,69.4,73.4,73.58,88.8,75.62,80.2,83.8,65.59,77.61,59.94,79.71,67.64,58.58,64.98,62.51,72.63,67.19,71.43,80.7,73.21,73.39,78.7,67.78,75.56,74.46,70.66,68.52
1030500091,Telkom University Surabaya,59.53,46.15,53.95,45.17,47.98,54.2,62.98,60.5,60.89,55.98,61.59,51.38,64.85,59.58,69.84,64.46,60.73,66.53,52.53,50.71,66.85,59.07,56.45,55.36,58.73,44.81,48.29,55.54,57.27,55.44,50.77,56.67,60.54,48.8,54.82,64.34,56.6,69.54,62.33,77.05,57.91,62.88,53.93,51.07,55.76,54.52,61.17,61.57,67.65,66.18,69.01,58.08,64.59,54.83,59.49,66.08,62.64,70.19,64.63,64.13,61.64,58.44,60.1,53.34,62.77,67.03,51.06,69.92,61.88,55.68,53.49,65.93,54.67,75.22,67.9,66.27,56.33,50.88,55.41,67.52,52.2,65.34,58.12,50.02,58.07,56.19,63.88,74.04,64.61,64.53,62.19,69.03,59.97,54.59,50.45,60.35,56.13,50.48,51.61,62.81,54.01,60.52,52.12,46.24,48.34,63.3,51.7,44.17,60.14,51.84,54.28,50.66,50.09,45.25,52.03,57.02,46.69,46.15,51.69,54.67,53.29,45.39,51.3,48.18,62.57,46.01,48.12,57.22,60.01,48.44,49.89,53.66,53.67,57.68,62.43,52.0,58.26,57.45,61.77,74.67,67.57,57.62,67.52,56.39,61.9,72.81,63.7,60.57,60.41,57.92,54.59,57.19,54.2,55.45,57.97,56.7,64.48,73.53,71.73,64.66,71.49,74.42,74.85,62.85,66.02,62.19,73.35,59.17,46.26,56.5,65.83,62.43,64.28,53.76,58.29,51.15,55.29,53.46,61.48,60.13,50.85,53.17,44.56,62.06,59.75,55.49,59.49,48.41,46.02,57.77,68.86,56.89,60.82,62.26,56.74,56.3,48.25,57.36,53.18,67.08,67.17,51.58,68.6,63.57,73.63,56.49,64.45,69.89,68.39,65.12,68.61,70.06,66.49,69.5,62.77,61.45,57.59,50.0,64.08,54.64,59.5,57.93,55.54,56.43,54.41,60.25,41.57,65.87,54.31,50.76,49.18,55.87,68.3,70.55,52.63,72.49,65.34,53.83,52.86,59.19,60.39,50.07,61.94,71.73,57.73,49.95,57.39,54.22,47.97,43.17,50.25,43.87,55.17,62.0,58.64,64.29,50.16,63.51,48.79,56.34,45.94,50.86,58.26,53.31,50.78,44.81,59.61,46.26,63.99,59.85,57.51,54.62,60.62,53.65,48.59,55.72,56.28,53.68,60.45,41.59,50.57,48.09,42.68,51.89,57.56,63.7,63.82,55.83,57.18,53.24,44.59,55.54,42.96,46.88,60.54,59.15,49.82,60.5,53.44,43.77,63.3,61.68,67.05,66.33,46.67,58.68,49.1,57.78,56.47,50.11,44.65,54.11,61.5,48.83,60.47,65.28,55.37,63.4,55.79,62.29,60.7,60.2,61.54,57.92,59.35
1030500092,Telkom University Surabaya,87.19,88.09,71.68,88.3,87.7,83.84,90.51,78.88,76.55,84.83,88.41,89.82,86.41,86.8,81.42,90.04,84.24,84.29,70.96,82.77,82.39,84.88,76.31,79.4,85.17,92.54,90.09,81.75,72.9,78.04,84.68,79.96,93.25,76.55,74.68,86.76,86.17,71.05,77.85,78.18,77.52,85.68,95.67,84.2,97.77,81.63,85.06,77.69,87.86,81.68,76.29,85.75,79.12,85.12,73.02,70.38,85.39,94.35,78.1,88.13,88.41,95.29,89.84,84.15,81.77,81.29,79.66,79.06,82.74,84.25,88.05,100.0,88.07,92.05,86.99,97.62,95.77,76.79,78.03,97.83,100.0,87.17,97.26,88.61,81.1,90.3,73.43,93.22,76.55,81.89,80.44,77.04,77.75,75.13,78.8,98.3,84.95,80.44,82.65,81.53,92.44,84.46,92.05,96.56,84.13,88.47,84.08,85.83,81.58,87.17,89.06,83.74,88.56,93.75,94.26,92.09,86.03,78.59,99.84,91.81,87.36,81.73,91.15,100.0,84.52,96.03,94.72,76.12,71.45,79.31,83.07,84.54,69.74,88.32,83.95,79.38,84.24,82.37,83.91,83.89,82.98,88.93,86.89,80.99,91.17,90.4,81.85,94.79,100.0,95.44,83.31,92.39,92.64,89.14,99.07,84.42,81.79,94.01,78.36,79.95,75.71,75.29,78.7,76.12,79.18,91.04,87.46,97.39,74.95,85.0,85.85,77.39,70.81,90.31,86.09,76.67,84.0,88.57,75.47,83.09,74.08,82.87,84.8,89.53,86.03,83.38,79.45,87.07,73.88,85.47,82.01,92.12,92.43,81.28,74.83,84.43,77.51,82.48,83.77,96.22,95.69,90.32,83.52,91.57,82.12,78.16,69.92,81.7,81.72,85.35,83.36,76.87,78.33,89.58,79.65,72.82,70.87,77.6,65.31,71.45,89.33,74.53,75.28,68.8,73.1,78.57,73.9,85.58,89.51,84.53,94.83,84.55,82.59,90.45,98.89,82.28,89.48,91.93,89.33,83.32,84.37,94.66,88.76,98.69,98.78,84.29,90.09,66.99,84.49,86.57,89.79,87.48,67.08,75.16,70.94,75.91,72.95,58.58,72.11,79.49,65.61,71.23,89.37,79.46,94.33,82.97,95.78,95.91,88.21,89.98,85.67,83.25,93.52,85.89,90.83,84.75,79.87,71.24,81.12,72.39,81.62,86.42,100.0,88.17,96.28,100.0,97.9,94.05,97.96,89.64,90.08,85.51,62.43,74.16,81.53,75.87,66.3,68.57,71.57,70.16,85.96,85.46,84.05,82.97,82.42,84.99,86.91,83.5,84.19,76.69,75.89,73.51,89.43,72.11,71.57,68.14,79.34,69.17,87.23,88.0,88.48,91.86,92.19,92.76,85.15
1030500093,Telkom University Surabaya,88.88,87.28,78.94,77.92,90.42,73.75,81.42,83.28,73.91,78.87,80.43,78.4,68.43,70.3,75.79,85.49,81.07,73.34,66.81,64.21,66.02,70.68,82.79,92.47,91.13,80.47,95.77,96.58,89.69,86.29,100.0,77.88,81.31,90.04,83.2,96.97,80.77,85.99,68.95,83.08,74.24,69.79,91.37,74.57,78.74,82.05,72.9,73.88,82.82,75.5,71.26,59.45,72.43,72.5,73.77,72.17,91.59,96.61,78.72,84.93,84.04,85.64,82.41,82.36,90.3,86.26,83.29,94.41,87.89,92.79,84.54,95.69,88.69,91.82,82.52,89.05,92.22,100.0,100.0,83.92,83.73,76.24,88.33,78.95,81.03,77.97,80.0,74.69,79.18,75.24,86.54,69.72,69.69,91.89,80.01,75.01,68.03,76.34,84.61,78.05,75.05,63.15,71.96,73.42,64.9,79.99,65.21,66.48,80.1,70.16,67.94,71.96,71.03,74.55,64.59,69.38,61.77,71.74,70.04,69.93,70.63,72.31,74.83,67.65,69.26,78.35,76.28,82.82,96.26,92.94,100.0,82.63,92.21,91.63,100.0,91.12,92.39,97.2,100.0,69.45,70.73,75.78,80.77,64.84,71.34,86.89,66.59,68.73,84.31,79.93,89.26,97.03,84.38,93.63,75.62,87.32,74.99,80.52,99.06,88.29,100.0,96.6,85.2,100.0,90.44,85.49,85.96,74.67,91.35,93.51,82.38,90.77,96.24,93.64,88.09,100.0,100.0,94.49,94.63,90.77,92.36,92.48,89.83,87.82,92.4,86.45,88.35,86.02,95.5,99.7,89.85,81.18,81.44,79.8,81.36,83.04,95.07,83.25,83.6,84.94,99.4,90.91,85.45,94.31,83.3,92.09,81.1,88.75,85.04,76.88,73.85,77.32,88.53,87.1,77.23,84.5,93.41,96.67,93.32,90.28,88.17,83.87,92.77,83.48,85.09,92.36,97.91,93.77,90.08,93.56,97.61,100.0,79.23,79.41,84.0,81.9,93.27,77.04,91.85,98.12,85.16,100.0,83.61,66.65,87.56,80.03,79.31,82.0,83.27,71.58,83.93,87.13,88.34,82.59,81.94,82.32,79.73,80.45,79.54,92.71,66.28,83.96,87.41,93.62,93.12,88.89,88.09,100.0,90.74,88.63,78.89,84.03,75.05,82.72,78.09,68.34,85.91,67.29,77.85,91.29,91.27,88.31,72.64,72.83,83.81,76.96,83.56,80.03,68.96,71.22,96.47,90.72,91.27,84.61,80.36,60.57,79.0,69.33,68.34,72.16,86.09,82.56,88.44,81.16,92.16,88.38,88.08,98.35,94.93,80.99,79.06,80.17,81.01,85.38,84.19,86.78,93.75,83.08,93.44,85.37,92.99,78.78,89.98,94.16,88.53
1030500094,Telkom University Surabaya,95.94,84.13,89.99,75.44,92.37,80.6,83.7,88.77,75.87,72.8,73.92,75.87,71.63,81.79,81.38,86.76,74.46,75.18,68.93,82.53,74.17,85.19,77.74,98.51,89.56,83.78,92.65,87.85,77.04,82.57,78.02,84.18,85.88,83.43,80.42,87.02,86.4,82.59,84.39,77.98,90.38,95.74,99.08,100.0,91.15,86.25,79.63,74.15,84.13,76.29,84.49,78.24,80.3,72.3,78.95,78.1,96.31,82.68,96.12,91.41,71.82,72.25,70.19,86.25,89.56,91.47,93.61,97.31,83.77,92.46,96.47,91.24,89.51,80.1,74.04,78.86,91.73,95.17,90.19,81.15,95.56,98.69,89.12,100.0,79.48,97.96,87.31,91.81,79.68,86.25,95.03,86.66,96.58,89.62,79.65,91.88,87.24,94.08,83.98,81.7,88.89,90.29,86.26,84.05,84.01,92.03,93.15,93.27,90.2,93.72,90.23,85.6,86.75,100.0,86.82,94.45,83.11,93.18,94.42,78.76,99.8,95.25,87.18,93.06,90.4,88.73,88.15,82.79,78.66,94.26,87.34,78.0,85.34,91.04,81.37,85.4,96.08,93.05,88.07,91.3,96.47,85.06,92.63,87.91,92.36,94.02,100.0,89.75,89.36,89.25,92.12,95.51,100.0,90.75,84.93,82.02,95.0,92.03,100.0,98.12,95.73,93.18,86.23,88.64,85.6,89.59,90.3,89.8,96.78,97.2,90.27,88.11,83.45,89.78,87.31,99.72,85.06,100.0,88.49,95.49,88.72,98.79,87.3,94.27,81.23,85.72,84.63,90.29,82.41,98.51,87.44,84.14,77.83,87.39,79.36,74.87,68.45,76.12,70.42,76.91,86.66,85.85,86.1,89.41,82.35,85.54,87.99,80.92,92.55,88.76,81.02,86.13,91.14,85.17,80.52,68.31,82.16,75.3,83.53,89.06,73.78,86.49,73.91,69.9,71.36,84.13,97.96,76.73,87.12,94.66,85.92,89.14,89.36,82.15,96.24,90.26,91.75,87.63,93.42,93.95,87.87,85.11,86.23,81.36,94.0,72.31,94.0,74.03,94.71,94.4,94.58,85.82,91.6,84.19,89.77,88.71,97.39,82.66,86.68,86.4,77.12,89.07,87.48,76.43,87.03,80.52,89.35,76.4,85.63,83.55,91.14,96.49,81.74,90.02,83.75,82.99,86.53,86.5,88.01,91.64,99.44,95.8,78.61,90.65,92.18,89.76,88.61,90.11,83.08,83.12,81.81,75.74,86.0,82.23,85.72,88.1,93.36,98.46,90.27,100.0,80.56,71.31,84.04,76.2,86.65,91.23,90.09,93.19,83.51,82.91,69.59,88.27,87.28,82.18,81.67,83.35,84.65,100.0,73.84,96.2,76.83,81.67,86.33,100.0,95.85
1030500095,Telkom University Surabaya,67.38,70.8,81.87,73.46,72.64,74.11,79.21,65.57,93.08,89.15,94.06,93.75,91.29,86.57,91.31,84.77,87.64,100.0,92.71,92.3,95.85,94.21,89.62,78.5,64.46,68.15,72.2,70.71,92.91,86.03,80.72,89.21,89.99,83.32,82.65,87.31,94.29,88.14,100.0,86.18,100.0,93.56,78.89,75.85,89.52,68.08,76.7,82.7,71.86,81.09,66.92,77.33,74.3,75.52,69.13,72.19,89.38,84.23,86.77,91.76,71.39,93.55,63.19,73.05,80.2,70.66,81.01,94.37,95.93,82.98,95.58,93.25,97.19,97.9,85.93,94.07,88.23,81.12,85.09,90.55,86.1,87.81,84.64,100.0,94.74,92.65,84.75,87.25,79.82,82.61,83.84,94.45,100.0,95.37,91.11,92.9,97.48,92.66,84.62,85.03,98.35,87.07,84.72,90.44,87.06,90.53,92.94,91.59,73.66,88.44,95.38,82.61,95.34,93.89,82.5,86.54,81.44,92.38,97.31,88.75,91.82,79.2,86.63,78.15,87.4,94.76,93.5,95.25,85.7,88.35,91.54,80.08,98.16,81.28,82.01,86.11,90.96,87.92,87.95,81.51,77.76,79.36,75.34,82.5,70.61,80.37,74.81,77.3,81.66,85.93,80.22,70.19,74.68,80.12,85.73,81.94,90.8,76.11,91.43,98.13,89.26,92.01,98.41,88.39,100.0,87.05,91.04,83.51,70.03,68.57,85.25,74.57,68.82,78.48,64.44,77.94,85.32,72.72,82.48,75.11,73.73,68.07,78.56,75.87,76.01,72.83,79.68,76.64,84.99,85.91,76.97,96.54,86.8,87.32,78.63,84.89,91.83,82.27,75.98,74.95,82.36,85.27,84.25,77.57,83.9,83.68,90.06,90.79,83.91,91.81,95.85,95.75,89.39,89.22,88.93,97.42,87.64,75.03,92.37,74.53,91.53,89.85,90.4,88.25,93.65,96.0,74.31,90.06,90.06,95.41,91.45,85.12,82.1,80.02,71.49,83.63,85.55,88.14,80.51,82.62,83.09,85.25,85.51,92.45,81.23,90.14,88.2,97.88,67.64,69.91,83.35,70.88,81.88,74.64,64.75,83.0,69.86,78.15,74.18,68.15,74.98,82.59,89.54,87.71,88.14,90.27,94.01,85.58,96.71,86.47,96.06,79.41,91.12,86.67,81.27,78.88,84.63,78.32,83.37,84.35,93.49,82.05,89.19,84.97,90.68,90.52,89.9,84.99,91.7,87.01,89.49,87.25,79.53,77.67,74.57,64.46,77.68,71.13,75.73,64.85,66.01,79.34,80.76,75.02,74.95,80.69,88.54,85.13,81.08,84.59,76.56,80.65,93.42,88.44,78.24,85.34,81.53,92.77,79.09,88.59,96.96,72.38,70.56,72.06,82.91
1030500096,Telkom University Surabaya,92.7,93.02,92.06,85.66,88.65,89.73,86.3,91.1,88.3,92.19,87.79,89.32,98.28,100.0,84.91,89.04,85.89,92.76,85.5,81.7,88.23,83.68,92.22,88.44,97.33,89.2,83.13,72.42,72.93,76.26,89.46,72.07,71.99,85.9,79.19,69.7,81.4,79.53,85.03,90.44,85.89,88.83,83.03,78.78,77.1,79.94,73.75,81.56,75.45,88.14,85.0,72.78,72.4,76.78,90.69,78.75,79.04,82.49,80.82,83.35,89.51,74.77,76.66,93.56,91.87,90.75,89.13,88.81,88.21,86.68,90.78,93.89,88.93,92.47,91.49,86.11,82.36,87.73,84.28,87.31,100.0,94.48,80.2,84.41,87.14,84.98,99.38,99.42,84.87,90.85,81.42,91.55,85.59,86.14,85.26,66.51,87.2,82.12,86.19,96.07,93.81,88.11,80.16,80.36,76.4,92.21,85.69,86.8,82.66,84.18,82.26,87.79,83.07,81.92,88.24,83.61,83.15,91.44,93.2,93.57,87.33,93.16,93.03,92.42,85.27,87.22,83.58,100.0,91.29,100.0,91.23,89.5,100.0,93.52,85.64,91.12,91.88,78.54,100.0,63.88,66.73,75.2,70.44,84.74,76.27,74.46,71.68,74.2,80.11,87.87,86.17,77.63,85.56,83.71,81.16,85.46,84.96,87.61,81.39,80.54,100.0,92.07,88.51,82.75,91.09,87.3,83.27,79.24,82.99,83.88,77.75,91.59,74.95,86.09,74.66,82.15,81.97,86.76,83.04,91.45,85.86,82.05,87.2,85.95,78.69,90.0,76.59,82.82,77.0,86.65,100.0,88.07,98.75,86.92,85.62,94.92,77.75,87.03,79.43,88.57,95.6,92.78,88.81,100.0,95.31,90.4,69.19,82.44,76.56,81.0,91.35,75.97,98.15,91.94,76.66,69.73,71.5,72.22,85.46,87.12,77.41,72.51,79.8,79.45,79.94,72.51,80.08,80.45,83.98,89.04,90.9,89.04,93.24,91.75,92.78,98.43,97.74,86.19,87.05,81.61,79.0,92.14,90.5,77.61,79.74,66.46,87.89,80.88,95.07,96.54,88.06,92.51,80.14,86.04,93.56,87.98,93.58,94.35,92.43,79.06,89.47,78.68,74.88,71.5,89.71,94.89,71.49,78.66,83.35,82.15,76.52,71.36,71.7,85.98,77.45,73.54,85.33,71.66,88.05,79.81,76.78,83.43,90.23,87.76,83.07,89.93,98.85,79.8,82.93,75.65,86.29,94.19,98.7,82.9,96.89,78.14,80.13,77.08,82.09,78.2,92.79,91.01,88.86,91.98,76.7,78.35,76.49,90.44,94.99,91.21,82.93,91.02,79.26,94.42,69.27,69.89,78.51,68.82,72.22,76.33,81.14,77.92,79.87,68.12,81.31
1030500097,Telkom University Surabaya,70.26,63.8,66.09,69.78,73.74,71.84,67.78,72.81,67.82,82.52,66.25,71.87,68.69,82.38,70.97,77.75,77.28,58.59,68.77,67.78,58.72,59.86,72.35,87.85,78.65,72.39,83.15,78.99,71.04,70.37,59.03,75.74,81.97,69.12,88.58,71.83,56.57,89.74,84.26,84.96,79.67,68.7,77.15,69.21,72.65,70.31,86.11,72.06,87.14,79.04,80.49,81.75,84.54,84.82,79.81,83.59,69.09,69.86,75.71,71.99,71.93,86.28,82.03,70.58,62.01,71.91,60.37,65.73,73.62,79.04,74.75,81.55,89.59,80.64,92.95,91.38,78.68,82.11,80.04,67.36,78.63,83.83,75.43,99.71,83.44,89.04,60.05,76.52,82.82,70.87,70.35,73.6,63.4,73.31,63.19,64.92,69.72,82.49,60.81,73.34,55.93,72.62,70.5,74.44,74.99,78.59,70.81,74.22,75.17,72.95,77.49,70.55,70.91,69.39,78.45,81.69,61.61,81.3,81.22,68.22,74.55,68.35,75.6,69.6,76.2,69.18,68.16,81.63,70.33,70.31,72.62,71.97,79.8,71.68,87.79,70.66,76.22,73.92,66.04,68.01,61.53,55.35,70.0,54.73,66.62,73.96,69.2,53.1,81.77,72.37,81.6,83.46,75.05,82.14,83.71,80.14,90.38,81.33,66.39,63.69,73.77,71.5,74.4,77.18,74.93,64.15,68.57,65.18,82.12,75.16,71.01,68.88,55.0,77.64,70.24,71.22,71.16,65.58,74.05,81.81,83.02,57.64,70.37,64.42,66.81,67.94,71.73,61.88,74.21,70.42,85.1,72.09,87.44,75.66,72.13,61.55,74.91,74.32,81.92,70.74,72.64,69.65,73.51,83.38,83.75,81.33,74.59,74.09,77.04,91.28,72.79,68.52,80.78,86.03,82.38,75.9,80.61,77.93,79.95,70.4,75.89,89.7,84.41,88.32,65.92,78.01,70.25,84.97,77.53,69.51,75.8,76.71,81.32,76.19,62.88,72.96,78.55,74.25,87.21,70.17,87.67,74.49,71.02,75.56,61.59,74.56,74.97,76.19,69.85,86.24,80.87,93.14,90.24,84.1,85.77,74.79,79.37,76.75,83.9,77.81,75.87,83.48,58.32,57.1,53.95,68.35,65.76,62.12,73.08,80.03,77.52,81.39,77.77,87.1,76.19,72.78,70.67,91.78,77.22,80.63,82.64,73.09,89.72,79.86,81.41,86.46,83.66,75.54,84.25,82.46,89.95,87.22,67.89,79.81,76.53,78.21,89.26,85.33,77.64,82.19,71.06,70.03,52.42,80.26,62.83,77.25,82.16,75.54,78.31,68.08,71.74,86.68,66.46,77.45,60.67,62.32,81.44,69.99,68.0,70.8,87.92,76.38,80.48,90.85,87.59
1030500098,Telkom University Surabaya,83.55,91.23,72.59,84.07,74.8,81.91,76.02,79.03,100.0,91.01,92.49,84.46,96.34,87.94,83.57,76.27,83.69,85.93,77.38,98.35,100.0,98.06,89.77,91.85,94.8,91.77,80.11,93.79,85.25,95.69,77.49,87.64,78.83,82.02,91.52,76.59,91.13,87.38,92.57,90.3,91.99,90.17,86.74,93.66,98.19,94.56,90.88,71.91,84.28,82.48,88.64,85.54,80.12,90.86,88.21,90.21,88.54,91.96,81.1,79.67,93.4,89.54,93.88,84.23,75.59,78.89,85.07,80.59,80.19,68.86,73.85,77.89,76.77,81.01,85.68,86.96,97.81,93.91,87.11,87.38,76.72,85.15,97.29,84.27,88.54,99.05,93.67,83.97,80.04,84.4,79.62,77.08,88.4,69.84,71.57,74.64,73.97,70.09,80.29,89.19,84.6,92.89,91.05,96.36,83.21,100.0,94.14,89.45,85.14,80.73,96.03,88.29,93.24,95.62,97.49,75.67,91.75,92.45,93.09,77.7,84.78,94.03,85.92,87.99,98.28,88.34,90.2,89.47,89.72,100.0,86.12,91.18,98.05,86.54,93.41,98.12,96.31,85.26,92.65,81.25,90.04,85.11,80.47,86.52,79.55,81.71,88.51,90.53,78.73,86.98,94.18,83.54,87.62,94.58,87.31,97.01,86.19,100.0,89.07,91.37,90.27,97.74,96.17,90.63,92.62,92.0,84.1,83.36,72.95,79.72,80.9,75.8,86.63,83.44,82.37,80.33,79.73,85.49,74.99,83.11,64.74,82.96,75.72,80.13,74.09,73.96,76.4,77.37,79.87,78.22,87.73,84.81,90.65,86.85,87.14,89.75,79.72,86.46,79.26,89.3,87.62,98.76,80.3,88.93,78.89,79.82,78.09,92.22,100.0,90.08,91.77,80.75,90.87,75.33,81.88,74.53,78.52,71.4,77.11,76.03,89.68,78.2,74.92,69.22,80.04,79.76,80.57,69.21,80.95,81.6,96.0,92.36,98.81,93.33,94.58,94.88,90.07,92.75,85.77,92.05,100.0,89.98,78.84,97.32,86.99,90.61,87.0,89.68,67.0,68.28,67.94,68.54,73.32,70.34,76.13,73.02,71.22,69.19,76.36,69.24,73.3,80.79,71.59,71.25,72.1,62.23,66.69,75.76,83.44,72.64,100.0,92.86,89.62,92.87,93.41,93.83,85.93,97.76,91.72,86.0,83.44,76.31,90.02,84.32,90.96,88.62,99.94,100.0,83.77,100.0,88.72,89.72,97.43,74.04,89.5,84.21,75.83,86.0,68.34,82.22,86.88,75.5,87.5,86.89,83.46,87.17,79.29,78.32,66.88,83.13,84.67,89.72,91.7,90.28,80.93,86.88,87.54,79.51,83.13,81.64,96.18,76.35,79.73,83.15,91.18
1030500099,Telkom University Surabaya,79.06,71.26,55.89,60.89,70.15,73.22,60.2,68.99,67.51,66.35,59.6,57.49,55.08,67.87,55.95,50.05,51.22,63.79,57.78,66.41,51.42,64.77,55.36,52.81,61.1,55.97,53.19,58.81,60.59,59.27,56.44,59.84,63.26,73.63,57.95,64.94,65.57,70.93,69.1,67.93,64.68,58.71,51.35,52.82,59.09,57.05,50.14,57.52,56.46,57.53,59.2,49.62,57.76,57.78,63.17,58.41,58.55,54.75,55.58,59.12,57.96,59.74,50.14,53.92,57.82,47.93,61.97,67.72,48.64,48.34,47.62,54.77,54.47,62.51,59.28,66.93,49.02,56.19,42.08,63.16,65.35,60.45,57.09,54.3,50.13,48.66,59.52,61.95,58.64,55.45,60.61,68.77,68.29,68.82,67.93,63.5,62.43,61.27,63.64,59.41,60.91,61.67,55.67,51.2,57.86,58.61,70.05,61.14,58.55,62.43,45.82,55.5,50.93,55.76,59.69,47.77,56.98,54.54,52.01,62.14,64.06,63.32,64.47,58.66,55.25,45.14,57.46,46.16,50.23,47.11,47.76,52.37,51.17,46.34,49.24,54.38,54.9,52.74,52.59,64.19,67.31,57.44,56.96,56.98,55.79,68.05,58.77,56.57,55.37,54.0,60.13,63.91,54.76,61.28,46.34,62.92,62.75,50.42,53.19,59.27,49.47,50.65,62.11,64.06,51.28,45.97,57.19,54.92,60.33,64.42,54.41,67.66,47.38,48.93,56.85,66.07,59.3,58.58,55.72,50.6,59.52,51.6,50.71,39.35,63.22,63.98,55.37,51.5,61.55,65.08,54.45,49.04,59.63,62.34,52.41,52.54,59.35,56.85,57.2,69.05,66.29,64.11,69.21,74.65,65.02,58.04,55.6,62.15,72.99,70.17,67.12,69.69,61.13,71.62,67.12,69.53,66.54,71.2,55.45,71.42,59.31,63.87,56.08,61.73,63.38,59.82,66.03,69.79,50.73,41.89,50.19,57.22,52.51,39.49,48.62,45.37,46.9,47.8,70.8,57.08,68.28,59.61,62.91,62.96,59.16,48.32,46.63,50.11,50.05,57.46,54.85,65.72,53.41,60.48,69.94,60.38,51.75,58.34,64.97,58.84,58.17,64.92,69.87,63.01,67.76,56.08,55.94,70.07,62.03,66.98,58.61,68.42,63.54,56.47,60.78,62.53,56.0,59.11,51.25,57.78,53.98,63.56,61.84,60.17,60.65,48.21,64.86,50.8,57.62,63.35,57.77,55.98,57.48,56.16,58.08,52.92,63.11,65.85,58.97,60.92,59.48,62.6,56.08,49.17,52.76,44.95,45.76,49.07,47.75,54.34,52.42,52.64,55.67,55.42,68.29,61.3,69.0,55.29,52.08,56.83,50.91,47.4,64.45,53.1,67.24
1030500100,Telkom University Surabaya,49.76,62.86,56.36,49.13,48.52,46.26,42.38,40.4,60.99,53.72,57.99,76.25,69.22,64.0,63.23,71.17,60.99,69.98,52.72,66.07,70.38,66.49,63.82,56.92,56.56,51.63,63.73,44.94,49.2,51.86,58.54,41.8,56.33,59.16,53.3,56.95,65.76,63.3,58.43,61.27,50.13,56.95,54.53,49.96,52.62,50.16,60.28,57.42,54.86,43.73,56.88,53.13,65.79,49.0,49.01,52.76,52.7,65.6,75.81,59.48,58.37,59.49,62.83,53.68,44.1,61.37,64.85,57.3,56.03,53.33,57.38,55.52,67.36,65.27,65.54,62.42,47.14,40.22,42.39,56.57,45.95,42.37,40.9,35.05,54.96,49.32,51.2,46.47,50.81,56.07,58.11,49.32,50.4,57.01,64.75,67.12,65.33,69.94,49.21,48.7,44.48,56.23,55.75,48.7,48.53,62.29,47.58,60.82,46.6,53.71,48.83,60.76,60.09,46.69,50.65,56.25,55.12,52.8,55.96,57.07,49.86,51.36,50.71,47.66,60.19,56.87,58.95,49.25,41.65,53.58,49.11,49.38,40.83,52.45,58.03,49.95,42.84,45.33,45.42,51.4,58.08,66.81,61.91,67.07,65.4,54.05,56.28,59.83,52.61,49.59,58.99,48.13,57.18,37.54,50.19,50.14,52.29,42.76,60.97,50.97,75.67,56.1,65.68,58.36,65.63,56.37,66.71,66.78,62.99,48.66,58.86,62.77,66.12,61.4,50.34,67.3,61.78,58.72,59.69,58.63,62.0,64.67,72.63,63.91,64.73,64.9,61.73,64.47,57.71,58.25,56.2,62.83,63.72,64.9,43.41,56.54,58.39,53.59,58.79,50.98,58.03,45.85,58.0,49.89,52.3,42.75,62.21,63.4,55.19,46.88,62.79,61.69,50.79,61.13,58.47,61.47,57.96,68.62,60.77,56.47,68.96,65.28,63.95,66.02,62.1,65.0,46.1,53.69,45.16,53.64,50.52,59.78,43.14,61.07,60.12,45.93,63.14,58.68,43.2,46.19,49.52,51.52,60.96,57.33,57.13,59.23,57.86,54.81,47.35,37.68,43.78,43.67,41.25,58.24,43.97,53.97,42.65,38.53,56.38,43.63,43.22,34.71,74.3,57.82,71.28,69.61,63.58,57.88,67.84,74.84,70.46,62.12,60.56,56.63,63.96,50.7,49.48,51.7,53.42,60.7,51.8,50.17,56.53,51.63,53.47,42.25,49.89,55.11,50.31,48.58,66.97,53.67,67.29,63.61,57.36,54.11,49.35,64.93,68.06,57.13,69.8,60.91,67.08,63.6,51.02,63.21,62.3,52.55,52.76,55.88,53.35,58.4,63.06,59.02,48.49,67.13,56.65,57.68,56.84,58.11,52.86,58.1,55.28,47.83,62.0
1030500101,Telkom University Surabaya,71.57,70.93,76.78,59.61,74.35,76.03,80.08,73.25,69.76,77.5,65.01,80.43,79.01,71.12,67.18,81.11,78.3,90.51,74.04,85.71,73.49,71.47,70.21,72.03,74.9,73.88,83.03,79.61,67.76,79.19,70.04,73.27,79.96,64.82,72.16,73.0,67.17,67.5,69.5,60.67,67.67,91.42,77.26,88.22,77.66,80.43,92.18,82.23,85.0,80.24,82.15,77.42,75.41,84.78,81.06,82.28,73.14,84.0,81.6,84.0,72.82,59.15,65.25,67.29,70.18,81.65,83.25,81.94,86.39,83.31,87.29,84.37,76.94,79.71,82.55,88.25,77.74,63.39,69.61,83.06,88.06,76.71,63.01,69.89,77.19,69.34,88.72,77.9,78.28,91.96,59.42,53.15,62.98,60.72,75.25,78.2,69.5,68.35,83.56,87.35,89.52,82.43,81.24,81.85,85.98,76.49,80.72,82.82,79.29,91.28,95.42,75.0,95.45,89.87,83.24,81.66,81.7,83.65,88.46,77.36,73.39,83.45,88.13,72.68,97.53,84.81,79.05,60.14,71.16,66.1,71.57,71.35,57.78,60.9,61.68,60.77,62.25,69.34,63.22,68.87,63.89,75.75,78.32,67.79,76.47,75.18,70.89,75.5,81.74,73.55,73.96,88.26,83.82,87.36,73.83,70.76,73.62,73.55,74.35,72.09,72.92,66.26,73.38,68.21,68.4,72.83,75.94,81.91,63.74,65.2,72.18,66.21,66.45,68.52,63.98,72.46,61.44,67.18,70.07,56.28,64.77,66.76,57.45,68.0,70.82,69.29,65.83,60.03,60.47,65.06,74.09,71.08,84.86,69.79,76.85,71.89,85.71,80.82,93.49,70.91,78.49,55.68,74.08,68.79,71.57,72.54,72.08,70.48,82.16,81.65,85.19,70.24,73.4,78.31,72.41,72.79,62.78,65.07,52.04,79.37,65.98,63.53,70.11,76.32,73.98,56.59,64.0,66.21,79.46,76.8,80.57,77.0,81.84,70.62,75.87,76.27,73.85,71.85,77.87,74.49,81.29,88.88,79.12,76.51,84.05,87.91,91.53,85.71,84.67,70.37,75.45,71.24,77.17,80.63,73.47,80.02,68.68,80.12,64.16,69.69,75.19,65.41,82.78,83.36,81.41,74.37,74.6,76.64,78.64,76.1,81.48,90.16,76.08,67.61,75.15,68.86,66.52,69.92,77.61,68.47,75.33,75.2,76.75,87.89,77.33,83.82,76.63,79.53,72.72,70.41,67.14,94.42,75.73,95.02,82.4,77.74,82.12,79.03,88.42,84.43,78.59,78.96,74.76,74.29,60.69,92.89,87.67,74.71,88.68,68.35,67.29,62.64,66.68,65.03,72.46,72.65,57.27,68.59,77.38,67.92,85.77,66.38,66.73,60.89,83.41
1030500102,Telkom University Surabaya,64.61,65.81,72.14,61.94,72.54,67.75,65.77,70.08,78.93,67.32,67.75,74.41,69.03,71.53,75.01,70.28,71.67,77.31,65.34,68.86,75.94,72.49,72.41,71.79,74.67,64.48,68.95,70.4,69.94,74.76,73.8,80.17,83.22,86.35,72.81,69.58,66.24,83.61,76.1,72.85,80.82,61.06,69.28,63.04,60.8,66.3,70.53,74.56,78.93,64.36,72.33,84.97,78.18,78.49,81.32,75.3,68.87,74.58,71.13,71.02,71.55,82.49,81.41,76.07,77.58,83.94,84.57,80.08,82.89,75.88,77.06,79.82,79.47,64.19,73.71,82.27,85.81,82.41,70.26,77.74,65.69,72.28,64.93,73.64,70.82,69.17,75.36,63.52,72.55,71.71,93.58,71.79,77.87,75.37,69.91,81.14,64.08,76.05,72.81,74.6,79.5,67.64,90.3,64.1,61.77,80.86,69.77,65.28,75.44,62.18,79.17,67.65,66.04,61.31,63.82,74.38,71.75,66.81,66.75,70.44,61.14,68.21,67.92,63.07,74.03,70.86,65.35,69.93,81.57,77.53,71.64,82.1,73.97,84.28,74.86,73.54,73.84,81.61,80.15,84.39,69.79,84.94,80.97,82.7,80.23,84.88,85.68,77.32,73.03,80.34,68.22,69.33,78.49,67.15,68.42,67.14,66.76,65.95,64.48,75.1,69.7,70.17,71.66,71.1,77.35,74.0,77.8,79.54,81.04,67.99,76.61,74.39,76.86,73.75,94.57,65.52,80.53,78.74,84.76,82.98,79.54,84.19,73.05,78.07,74.94,80.24,82.43,74.28,94.8,89.69,86.17,82.64,79.44,77.36,78.28,82.04,92.52,89.68,76.8,64.26,66.48,71.48,68.77,73.55,79.71,72.38,74.99,84.3,86.97,81.33,81.5,90.08,85.46,85.91,73.91,50.42,68.48,59.43,76.64,67.39,66.58,60.87,65.99,58.3,62.63,65.72,62.73,62.14,62.86,67.45,52.49,65.42,69.6,67.16,65.69,60.26,64.06,62.17,79.07,87.19,77.22,76.29,71.04,56.66,52.61,56.31,64.61,65.69,65.55,64.25,68.32,77.04,68.47,72.35,74.29,70.11,69.03,69.86,73.47,74.63,83.63,68.15,80.96,87.62,79.93,82.86,83.13,81.3,81.59,79.68,78.04,70.22,73.62,78.65,78.98,74.27,70.96,79.64,80.55,70.8,80.05,64.73,64.38,68.77,65.11,65.01,62.38,75.15,75.92,77.52,82.22,77.77,78.75,81.24,69.67,88.28,78.46,82.49,75.52,71.33,86.65,85.42,82.88,86.5,84.18,68.36,73.31,74.95,63.2,81.02,81.38,86.12,77.8,76.43,58.33,59.13,64.48,64.57,64.12,75.35,73.28,75.9,79.16,74.92,74.34
1030500103,Telkom University Surabaya,80.11,91.73,78.09,70.71,72.74,72.51,74.85,78.63,76.07,79.37,92.26,85.31,87.69,93.17,81.15,87.32,88.9,85.83,89.48,84.7,87.6,89.54,91.72,84.45,79.3,86.84,83.05,83.91,87.56,88.7,78.11,82.15,74.27,81.61,86.94,81.81,89.42,87.14,89.96,89.14,85.9,82.91,86.46,78.22,74.08,73.22,80.52,67.08,74.73,76.62,73.65,80.03,80.24,73.26,71.38,63.74,95.94,78.64,97.86,100.0,77.63,82.93,87.43,85.73,80.78,81.67,75.21,77.62,80.53,69.12,86.83,78.93,78.83,88.36,79.29,85.18,98.71,92.7,98.08,96.62,93.14,86.68,76.88,78.07,77.74,86.32,85.06,86.13,88.87,80.08,84.86,85.46,81.44,79.62,75.02,70.39,82.91,72.78,80.19,82.52,75.87,96.86,78.65,80.35,91.46,84.95,87.43,82.38,85.5,88.03,88.02,84.97,85.51,74.32,83.97,95.23,79.07,79.29,77.14,86.19,87.45,64.22,86.95,84.04,88.15,79.94,85.63,87.55,85.79,91.73,94.82,86.87,78.31,73.55,88.15,73.62,81.76,80.55,80.36,68.85,67.96,80.49,76.98,68.81,71.87,66.39,64.52,73.03,90.98,90.03,80.74,88.25,81.85,84.04,81.61,90.53,85.45,93.0,83.9,91.37,66.38,84.59,92.69,86.95,91.61,80.88,85.97,84.46,83.4,78.97,91.57,83.86,92.98,91.19,95.75,94.05,83.62,89.97,83.56,88.58,86.83,86.78,82.75,90.7,92.87,88.42,92.38,89.81,90.15,92.34,90.92,84.93,86.23,89.7,88.96,86.19,81.82,82.82,81.7,97.29,97.03,96.46,95.09,97.59,90.92,88.21,87.85,94.93,88.34,86.76,86.44,86.44,80.64,80.38,85.65,71.28,83.61,77.97,68.15,72.98,81.03,72.61,77.85,65.64,78.51,66.62,77.7,74.03,79.4,84.86,77.84,78.55,85.53,86.71,74.74,81.83,95.79,82.39,93.55,88.63,83.43,85.85,83.1,91.39,81.9,81.46,72.23,88.52,86.24,82.58,72.14,65.5,71.21,80.93,80.51,84.91,86.33,68.01,79.39,85.89,78.66,96.75,78.33,86.46,93.35,90.77,87.11,85.63,79.18,88.05,87.09,81.13,86.32,84.37,89.89,75.46,87.94,83.58,82.39,80.64,85.25,87.46,67.29,78.31,76.96,69.2,73.2,67.1,69.72,75.64,83.82,93.9,78.87,91.29,69.36,90.74,86.02,87.8,87.69,90.89,80.8,87.53,85.99,83.99,79.26,73.02,78.12,68.29,84.15,98.91,94.58,90.58,89.99,96.89,92.22,89.07,99.67,83.84,81.74,84.9,85.84,80.07,91.53,71.95,100.0
1030500104,Telkom University Surabaya,63.25,56.74,58.31,53.96,49.93,55.54,54.05,56.07,65.65,63.71,55.91,67.04,69.47,59.47,78.23,56.74,63.95,58.2,63.86,49.22,61.79,59.82,63.12,50.42,53.82,44.89,53.74,35.4,59.56,64.96,67.48,63.41,64.21,58.12,47.68,55.66,58.4,43.52,44.29,45.9,45.38,50.57,37.59,49.0,44.57,59.67,58.43,66.05,57.71,59.0,64.95,59.36,52.72,48.81,61.85,55.61,55.48,67.96,71.67,56.08,65.43,52.73,51.44,46.23,56.89,50.23,68.39,70.59,60.96,57.22,62.36,67.78,66.78,49.72,50.74,51.99,59.42,71.92,55.54,63.29,61.59,66.17,42.73,54.83,41.15,42.73,57.92,50.22,59.37,53.37,41.94,61.75,43.8,57.99,57.75,62.94,54.18,49.37,44.9,47.72,54.26,42.36,50.55,64.79,45.65,60.23,56.04,49.19,51.73,53.06,50.6,46.62,43.26,51.91,43.44,48.13,49.21,44.62,46.42,41.64,45.48,54.72,39.36,43.79,47.24,47.9,40.65,45.86,52.91,46.38,58.99,53.7,39.62,52.03,46.29,59.05,44.29,52.35,43.26,72.94,63.64,70.28,64.92,69.74,67.63,64.94,59.63,65.51,61.32,59.81,63.42,68.83,69.93,58.84,72.61,59.81,67.83,63.69,58.18,47.71,54.74,57.32,63.22,61.26,52.91,46.29,53.15,57.19,53.2,57.49,60.48,59.81,61.4,58.85,59.52,60.35,69.77,47.85,61.77,53.97,65.86,53.48,69.8,65.81,64.36,66.61,65.51,62.25,63.99,49.86,57.03,55.32,62.7,59.32,49.85,66.39,58.47,51.18,45.08,65.01,70.0,63.45,59.34,81.9,45.22,59.8,49.52,60.77,68.51,52.21,62.12,63.01,59.16,58.06,59.92,47.05,51.19,43.61,42.56,38.09,39.2,43.68,54.63,36.8,47.42,41.24,41.94,53.44,48.96,45.22,55.15,54.19,56.78,52.73,55.49,55.35,54.96,44.35,52.93,54.34,62.7,62.78,54.53,53.32,56.62,52.55,57.58,46.92,57.25,50.0,52.63,56.26,64.03,54.97,48.65,53.96,57.12,52.64,56.66,47.13,59.28,50.31,56.61,56.25,54.05,65.59,54.76,58.57,57.54,58.25,66.35,70.33,65.47,61.26,60.33,72.22,42.54,58.61,44.86,61.8,60.37,69.96,50.43,41.03,54.59,45.72,46.14,46.07,53.98,57.11,47.57,58.53,57.52,62.09,52.05,54.63,52.76,50.57,64.58,69.69,63.36,63.91,55.77,56.89,62.87,78.01,61.55,61.33,61.5,61.87,63.16,66.55,63.49,58.62,57.07,54.66,58.73,56.94,57.9,69.84,58.02,70.0,71.83,64.45,62.59
1030500105,Telkom University Surabaya,92.15,91.7,95.33,76.62,86.83,80.22,92.3,86.82,80.13,72.11,74.92,80.11,74.68,67.65,85.72,63.14,83.54,72.82,70.8,76.05,66.91,76.85,92.63,83.58,62.15,72.75,65.92,74.43,73.71,88.76,81.01,74.01,76.23,74.96,77.22,71.41,74.84,72.84,67.37,53.29,69.4,77.43,74.54,68.65,74.13,79.28,81.33,73.39,83.0,86.03,82.58,89.03,72.96,92.5,87.65,83.56,83.73,83.34,92.69,88.72,71.83,57.88,71.0,67.52,72.47,74.42,80.14,65.28,68.27,78.57,81.73,77.26,74.02,79.88,82.11,88.5,73.26,79.37,75.43,82.23,83.93,81.41,82.18,87.85,79.75,83.21,80.8,72.38,86.93,75.49,74.84,65.91,81.19,86.05,69.57,71.79,77.05,75.17,74.49,65.6,73.88,85.3,71.27,84.2,68.68,77.81,66.18,74.44,75.41,68.98,73.54,65.59,61.31,64.81,72.97,66.15,71.45,74.52,73.69,74.57,66.12,73.36,69.76,68.33,73.01,78.33,66.68,77.09,68.4,71.28,73.7,75.98,73.08,71.48,64.3,72.0,80.19,72.54,67.94,73.92,69.81,74.28,83.69,79.46,66.27,79.21,81.17,78.88,76.33,80.76,87.94,75.69,81.05,71.19,70.89,76.37,82.62,77.35,77.31,70.69,63.15,67.09,73.77,71.74,73.67,74.36,76.63,65.36,88.54,72.28,87.84,78.52,82.5,86.23,76.08,86.21,80.44,82.12,72.23,79.67,84.36,80.8,83.19,89.41,85.86,81.35,75.64,89.3,85.56,78.9,74.27,78.9,74.54,81.95,69.32,76.36,68.95,68.26,76.74,81.34,82.12,69.45,72.19,76.73,85.83,81.76,88.27,87.33,80.06,85.11,87.28,82.41,90.14,86.95,87.91,71.41,75.18,79.03,73.78,71.21,76.6,71.27,83.04,76.52,79.26,67.95,76.09,62.93,86.64,81.06,72.69,82.02,77.49,79.6,68.95,74.54,82.72,71.71,74.61,62.18,66.18,63.92,77.11,78.44,70.84,73.44,83.99,70.08,82.4,77.09,79.72,91.11,80.01,92.48,73.06,79.63,74.15,78.72,80.03,77.25,75.45,76.84,61.11,73.85,70.63,74.7,69.44,80.26,73.06,74.51,77.63,58.12,60.53,56.48,65.42,59.24,59.81,67.04,59.18,79.38,71.99,73.95,77.52,76.54,63.27,85.71,73.85,67.0,68.88,70.78,66.8,68.63,86.62,83.32,90.4,84.0,87.08,83.54,88.4,81.46,78.34,76.73,94.3,73.89,72.84,65.32,70.94,65.55,68.8,83.24,75.51,89.5,71.54,71.38,75.05,62.65,62.61,66.23,82.0,72.41,70.09,65.84,70.75,71.76,57.82
1030500106,Telkom University Surabaya,52.04,54.89,67.69,53.46,50.78,64.17,61.31,56.38,51.1,52.24,52.5,67.76,59.28,55.43,46.44,57.52,43.94,50.89,50.7,49.78,38.29,45.93,57.0,53.49,48.41,45.82,52.28,43.61,53.83,62.51,57.98,63.76,65.0,65.26,58.42,62.86,56.27,61.16,50.78,56.44,60.05,54.08,62.19,50.37,56.08,65.01,59.45,59.59,65.14,63.21,56.3,64.81,65.87,49.51,59.81,67.66,51.14,51.69,53.55,64.73,71.13,67.04,68.84,67.86,67.38,57.5,63.98,71.85,56.2,62.01,54.54,54.02,62.44,62.48,48.98,63.77,47.03,48.49,55.57,50.25,51.08,54.05,61.05,57.47,60.96,56.8,59.32,56.09,62.83,65.68,50.43,53.22,49.2,63.24,46.71,52.68,48.65,49.86,58.56,60.82,69.69,59.87,57.78,60.65,64.96,62.51,55.06,57.96,59.16,52.2,63.19,56.62,65.41,56.7,64.24,66.6,56.95,53.33,50.68,67.08,60.71,68.15,57.46,47.04,58.73,57.7,58.44,57.41,64.86,54.78,60.82,62.94,63.56,67.56,59.25,70.08,55.29,75.39,71.77,60.68,69.32,60.31,69.63,58.92,44.15,60.36,57.65,52.94,58.44,62.83,44.82,50.35,48.01,52.61,65.35,56.68,55.29,49.95,51.98,49.43,50.61,47.75,57.18,57.1,50.85,68.95,64.66,59.2,61.13,49.43,61.41,55.02,62.35,44.66,63.22,59.06,53.67,56.75,57.96,59.05,49.65,61.14,47.02,55.98,49.14,60.99,55.97,53.21,42.32,61.71,58.61,61.04,50.39,65.49,45.78,43.98,64.49,53.98,46.14,65.43,60.07,75.24,62.74,64.42,62.63,61.11,60.01,61.16,65.07,67.33,67.55,53.4,60.03,68.06,69.16,48.32,43.98,39.65,52.7,46.06,45.36,48.06,44.52,48.96,50.29,48.24,43.24,50.97,58.17,56.42,45.2,44.23,51.83,68.14,65.36,56.49,51.59,62.33,43.41,42.46,55.3,51.94,57.67,58.32,50.98,47.83,57.18,38.94,61.35,74.24,57.06,58.31,54.76,59.04,66.76,52.61,56.29,51.78,60.16,56.72,53.51,56.54,55.54,66.33,55.37,63.22,55.61,70.19,63.28,60.73,55.35,50.84,64.65,54.97,52.01,62.02,61.96,47.81,48.25,43.36,57.23,47.6,55.63,51.11,64.76,49.49,62.35,49.7,63.54,60.65,46.71,51.6,48.06,55.72,52.07,58.01,73.45,53.31,65.29,50.54,66.5,59.0,61.71,65.83,67.69,68.86,66.39,64.1,62.15,51.37,53.21,49.5,39.42,49.72,52.27,31.44,53.86,42.77,56.55,51.16,61.14,47.77,53.09,43.41,63.3
1030500107,Telkom University Surabaya,90.87,74.83,78.99,69.99,78.38,78.51,73.5,73.36,90.44,89.24,85.24,82.66,85.14,100.0,88.36,88.54,90.87,98.66,87.32,91.63,81.45,81.53,88.72,84.26,85.77,86.98,90.57,81.47,86.15,83.1,92.78,82.3,97.03,87.23,88.52,71.03,87.04,83.96,78.41,69.94,78.37,91.68,87.37,99.28,91.22,92.2,85.8,86.64,97.34,93.59,86.19,100.0,81.11,81.93,84.43,93.19,91.6,88.64,83.17,98.51,87.41,79.38,80.3,83.42,78.03,79.21,86.72,81.4,90.05,77.32,93.51,85.74,83.01,81.29,93.18,87.89,80.73,83.06,72.99,94.92,86.84,88.86,88.21,89.89,80.95,83.93,92.13,75.93,78.45,90.6,89.03,79.69,88.07,87.53,86.08,95.99,100.0,99.3,83.5,90.31,82.13,81.94,78.43,83.25,87.66,91.14,88.26,89.72,84.13,88.45,75.04,84.56,80.47,77.78,81.96,85.25,87.93,80.26,79.93,89.07,77.16,69.54,98.26,83.81,83.44,93.62,84.28,82.54,79.07,75.58,82.79,74.73,83.78,79.64,97.17,76.18,78.81,84.25,86.84,97.14,81.98,75.74,95.82,94.36,93.82,93.51,98.01,99.24,77.04,81.46,77.43,78.12,84.23,76.21,72.49,75.77,78.85,78.38,81.57,76.91,67.25,65.74,71.01,69.99,79.98,93.34,96.41,100.0,90.11,82.46,95.86,87.03,97.65,87.35,79.72,100.0,88.54,100.0,89.59,98.5,98.84,90.08,91.58,94.22,100.0,83.81,92.7,95.53,93.35,100.0,80.54,82.87,74.76,78.85,92.87,91.8,89.53,95.6,88.12,90.59,88.51,77.0,85.06,86.15,94.22,89.71,83.98,96.16,87.7,100.0,94.4,96.48,88.86,92.54,96.22,90.84,96.36,82.44,76.27,80.46,77.73,72.5,89.32,92.61,89.85,87.88,83.0,84.51,80.01,76.45,65.44,72.45,78.85,82.4,93.2,90.57,91.22,87.88,93.93,100.0,96.31,93.01,90.72,92.59,86.52,97.97,93.96,100.0,80.06,77.51,75.92,79.69,81.31,74.68,80.21,84.31,88.26,75.41,78.74,72.12,80.64,72.62,82.13,78.61,86.91,83.57,75.66,91.33,87.02,83.74,99.54,80.2,77.95,79.79,80.78,88.47,92.36,78.75,92.49,100.0,95.46,100.0,89.95,85.2,74.88,93.4,73.03,69.03,85.33,86.07,69.07,99.23,97.74,90.71,98.24,95.29,88.58,93.11,83.59,95.11,78.01,83.67,83.0,84.47,83.41,86.83,94.15,90.0,90.43,76.92,91.23,84.73,87.75,79.26,97.58,94.22,86.85,91.21,85.06,86.24,88.46,87.55,83.36,88.98,84.09
1030500108,Telkom University Surabaya,64.37,74.17,79.42,68.16,64.79,62.35,54.21,73.16,77.37,74.16,69.34,88.18,71.4,82.13,73.65,71.1,71.75,68.9,86.92,82.81,83.11,84.57,73.52,60.34,66.56,59.89,76.91,69.48,78.92,74.0,72.25,72.89,71.53,73.96,82.86,70.65,70.42,59.58,65.41,76.45,63.97,68.59,65.63,61.38,66.67,82.91,92.03,79.31,78.16,92.62,75.38,81.74,76.48,68.43,86.11,73.56,76.16,83.01,74.45,67.91,68.12,67.54,69.24,71.2,65.87,73.68,69.37,61.04,74.42,78.73,77.1,79.31,58.39,78.14,81.85,78.92,91.23,75.87,90.05,74.89,66.85,71.84,85.13,84.32,74.12,82.93,80.0,77.08,81.01,74.26,74.05,81.82,82.2,81.48,77.34,73.91,78.61,68.77,78.31,79.16,88.99,71.45,69.52,77.78,60.65,64.81,61.36,62.28,68.12,60.14,77.93,64.78,67.73,71.31,66.25,72.92,53.98,80.63,74.88,81.74,77.75,70.48,67.09,74.38,72.54,79.61,89.44,96.9,71.86,80.22,83.53,83.11,73.4,71.88,63.53,77.41,79.53,72.3,79.42,82.7,86.4,82.81,93.99,92.09,81.72,82.84,77.38,87.68,89.24,85.61,60.71,75.44,71.0,76.18,74.59,74.03,74.82,71.23,71.99,79.53,75.81,62.13,69.05,79.3,59.79,60.05,69.91,72.07,79.02,71.48,66.1,66.25,78.32,67.73,59.1,55.79,66.43,62.06,60.03,67.66,72.18,54.32,68.67,73.9,62.97,67.18,69.49,72.13,74.93,67.45,70.52,74.41,54.81,78.66,86.02,69.28,91.7,86.72,81.57,63.57,68.25,69.37,65.15,71.66,80.37,67.17,71.27,72.74,76.35,73.95,83.81,70.81,78.68,67.76,81.58,81.71,64.03,71.06,79.86,66.31,61.13,77.74,75.83,76.94,80.24,77.22,71.91,71.88,67.81,71.13,68.0,68.76,71.52,70.55,71.21,81.75,75.81,77.57,86.21,90.59,74.65,69.54,87.86,75.5,64.83,65.08,75.7,74.59,77.81,76.71,77.13,85.82,85.67,78.48,86.32,90.66,93.22,84.94,85.78,87.2,87.14,82.22,73.53,76.81,75.72,82.95,82.39,74.28,80.79,83.51,65.88,74.25,69.01,56.67,68.4,69.03,63.47,60.61,66.59,69.42,69.93,68.56,80.03,71.77,82.69,77.29,87.22,87.6,85.46,74.22,76.07,63.38,64.58,60.35,66.05,78.44,81.84,74.13,87.73,80.57,70.89,72.96,64.85,70.38,63.35,88.79,83.94,87.06,90.84,72.78,73.8,68.62,72.99,73.73,69.14,57.31,65.01,79.66,70.82,83.98,68.45,58.19,71.98,69.25,73.01
1030500109,Telkom University Surabaya,65.82,65.73,68.29,62.74,53.5,61.73,64.53,48.8,71.58,71.37,66.81,58.83,63.62,65.96,69.31,73.16,68.42,66.52,56.26,70.35,71.98,72.08,65.81,72.35,69.4,74.32,82.52,77.39,83.43,73.6,90.71,82.37,73.14,82.78,71.49,84.38,76.72,70.32,75.46,76.4,69.32,70.96,74.0,84.42,82.76,79.77,64.54,64.79,80.76,82.69,79.79,77.52,71.64,76.89,81.81,65.85,97.38,83.47,84.74,80.64,87.75,71.18,81.69,77.9,93.4,83.55,86.22,78.42,66.7,78.43,81.9,86.07,85.42,81.48,78.68,86.86,84.11,84.43,63.1,68.51,67.73,65.88,75.92,81.6,85.12,84.71,73.49,76.1,72.77,65.5,62.11,78.36,71.53,73.32,77.7,79.91,80.51,87.34,79.97,84.51,78.04,63.63,64.76,58.44,64.18,68.44,64.98,63.65,71.7,56.01,65.4,76.54,64.2,76.13,60.53,57.92,65.19,68.41,67.33,66.92,54.12,67.85,75.26,71.78,57.99,71.24,60.34,84.56,97.76,76.26,72.83,86.4,87.84,79.66,85.87,83.5,85.38,80.83,81.42,67.96,63.6,53.19,69.05,72.3,82.06,70.96,76.11,62.22,87.38,80.07,84.59,85.15,80.72,84.61,95.51,85.27,82.66,89.34,84.48,73.45,87.3,68.25,69.55,79.89,82.31,74.3,83.51,73.16,73.53,68.76,83.74,77.35,66.54,72.1,76.13,75.94,78.72,74.3,74.86,77.64,66.27,82.45,65.95,61.03,73.41,74.4,80.71,71.69,82.37,73.39,69.66,65.49,77.54,72.1,79.25,77.3,74.79,76.0,62.57,84.47,94.14,82.12,79.34,83.4,88.23,82.42,84.85,82.0,77.35,80.53,71.29,73.24,74.55,77.49,77.71,75.48,82.32,61.87,85.22,79.78,76.96,88.68,77.0,85.69,81.79,83.82,78.58,77.38,79.14,81.33,71.78,83.1,84.24,85.48,76.54,79.61,80.04,83.98,95.71,84.51,75.13,72.48,76.99,81.28,85.69,75.84,83.51,88.65,67.22,77.32,71.12,73.08,73.79,74.08,72.14,74.27,69.64,73.26,68.1,72.37,66.52,65.16,63.44,67.91,70.32,65.77,69.42,72.83,68.1,75.23,85.53,74.56,77.55,84.98,74.87,79.69,88.51,83.23,83.23,61.64,63.23,68.62,71.2,75.69,77.7,67.95,74.26,81.0,79.19,69.02,63.98,89.23,81.71,88.0,81.36,81.37,82.21,63.2,81.79,85.13,77.97,66.47,73.49,77.05,78.81,80.32,78.75,77.4,77.96,75.59,77.39,74.57,70.76,68.55,78.33,88.97,83.12,78.34,75.64,65.76,59.92,65.81,72.3,76.21,65.37
1030500110,Telkom University Surabaya,50.45,61.87,56.2,50.73,52.47,52.03,59.69,68.52,68.91,71.86,55.38,60.13,62.13,60.18,60.27,57.81,53.78,65.69,67.15,66.0,54.47,64.76,54.92,63.94,59.52,64.91,63.57,66.49,61.41,60.27,64.25,70.42,64.49,67.56,66.92,64.18,50.62,60.19,45.22,51.83,43.9,57.63,66.21,64.19,66.23,77.44,72.18,54.79,79.62,63.82,54.84,71.26,68.66,69.12,59.34,54.43,66.72,57.5,54.53,65.11,64.47,57.4,66.65,44.5,55.75,63.83,69.58,76.27,56.43,58.71,66.69,59.23,65.48,60.96,59.2,44.31,62.21,43.97,46.96,67.91,60.47,59.84,42.73,47.38,54.32,57.49,53.36,53.94,56.48,57.51,44.0,68.25,52.59,58.65,54.68,51.39,59.78,56.11,42.94,47.23,49.51,66.85,66.01,67.63,66.23,59.76,61.28,61.69,61.73,68.86,73.11,49.04,67.35,70.47,56.56,76.11,63.9,70.38,60.28,69.68,67.49,56.42,57.9,62.7,70.31,64.43,63.69,56.69,70.97,67.05,61.9,64.74,67.33,58.29,57.87,56.44,60.34,59.34,57.37,71.45,66.72,63.49,62.68,63.92,66.1,62.82,51.04,61.91,54.57,57.53,66.17,65.8,54.18,58.67,75.96,65.2,70.13,61.91,48.45,57.77,42.07,57.35,51.99,59.71,56.86,57.3,54.21,52.03,47.52,52.04,59.89,51.75,52.75,43.66,39.28,62.53,50.98,52.35,47.18,61.67,45.98,42.42,56.0,43.01,57.18,35.32,49.8,38.58,52.66,41.79,58.84,62.51,72.58,77.24,46.57,57.21,40.97,47.63,52.21,35.14,58.17,45.29,47.27,53.98,62.03,53.99,56.62,60.81,57.02,44.31,55.8,62.64,60.25,54.03,59.24,56.91,43.28,53.53,58.48,60.76,53.95,57.23,47.51,60.19,63.57,59.52,59.05,60.1,68.31,69.04,55.36,62.22,58.65,67.67,61.41,64.03,58.22,66.39,60.25,61.31,59.84,62.2,61.67,59.59,58.95,53.71,52.14,56.14,53.18,67.21,70.87,57.77,65.11,55.53,50.47,51.47,55.18,52.05,66.89,61.99,61.5,65.27,61.8,57.06,52.08,45.27,49.4,62.87,62.9,50.85,58.41,57.33,59.12,46.44,53.99,50.71,54.94,73.71,54.39,66.79,59.24,61.14,53.58,64.9,53.57,63.91,57.36,55.3,60.78,58.26,61.97,72.13,51.44,65.53,70.39,48.25,42.26,40.06,54.8,66.04,61.95,65.79,56.76,49.88,55.84,53.86,65.55,59.69,60.76,65.9,48.35,59.63,57.39,60.18,80.26,65.26,68.85,60.3,58.24,60.74,63.12,54.7,58.05,54.24,49.1
1030500111,Telkom University Surabaya,69.97,75.64,70.11,81.32,70.94,76.27,73.73,77.76,75.3,75.17,61.97,76.47,68.33,68.45,69.57,72.33,66.45,61.0,65.12,72.03,64.38,61.55,70.32,74.75,86.19,78.62,79.03,90.44,77.23,72.47,71.53,70.83,62.22,60.08,71.62,85.54,64.72,63.15,68.31,60.13,53.2,87.8,87.78,73.75,76.14,75.83,74.57,87.76,78.31,78.55,75.69,78.28,77.62,76.45,77.4,81.93,63.41,79.96,77.12,72.4,81.81,75.72,71.32,66.36,87.85,83.95,80.65,79.24,73.67,81.81,84.85,65.94,58.19,87.72,86.28,76.9,73.49,66.68,79.47,74.84,69.02,63.23,74.11,70.85,71.74,79.08,58.99,71.49,65.58,72.39,87.61,96.41,79.81,86.98,80.26,74.84,71.94,85.05,82.48,81.9,90.41,65.16,71.37,73.61,81.73,73.88,71.72,68.98,72.59,75.24,73.25,77.6,77.47,72.26,83.45,76.87,74.81,67.79,77.72,72.59,68.73,79.76,81.21,70.63,70.3,66.43,77.82,70.27,89.49,73.39,76.74,72.04,79.46,87.15,76.42,80.43,78.01,73.45,74.07,60.89,64.47,67.43,68.16,61.94,69.39,76.07,66.79,74.8,76.01,56.22,71.82,67.82,58.23,63.98,65.46,65.0,72.13,61.58,82.71,73.49,80.77,82.58,81.44,71.49,81.45,70.49,70.49,76.58,65.05,81.56,71.58,70.03,76.92,76.91,70.18,61.49,59.6,63.54,81.89,74.35,67.21,66.33,68.76,72.95,72.8,80.42,69.42,69.17,80.09,69.15,81.71,78.43,71.33,72.84,75.32,76.76,80.72,83.62,76.76,58.55,70.44,73.31,76.83,73.13,78.59,66.78,71.78,81.9,78.69,80.11,71.35,64.76,71.1,78.47,68.2,61.56,57.31,86.01,75.86,62.41,71.88,66.6,72.47,65.11,63.11,67.74,72.42,65.27,76.56,73.52,69.14,78.96,73.54,77.51,64.57,74.72,69.29,81.49,63.51,77.71,77.71,77.3,85.33,78.2,75.04,72.04,80.32,85.01,82.53,76.88,74.55,66.82,68.21,83.57,76.58,72.32,63.66,60.38,64.55,69.71,63.72,68.86,72.06,71.13,79.78,74.25,78.94,76.98,70.69,70.72,81.45,82.4,80.78,79.55,73.29,73.91,70.21,86.61,78.76,87.77,81.71,70.95,57.7,54.0,62.66,67.07,68.85,61.41,60.61,72.26,72.08,83.06,67.11,84.09,85.14,74.9,84.56,75.12,75.9,92.63,83.49,83.71,73.44,74.52,81.67,69.22,67.74,74.18,74.96,65.04,67.3,76.47,67.06,69.49,71.61,67.13,76.52,54.43,79.03,81.88,81.52,71.99,72.76,96.12,89.58
1030500112,Telkom University Surabaya,58.72,69.52,57.18,58.64,67.34,53.6,68.57,49.15,75.81,70.15,81.91,66.12,68.25,83.12,80.37,68.22,81.64,82.08,73.2,79.0,74.66,77.25,71.11,84.58,81.67,82.49,84.17,73.15,71.13,65.05,66.88,74.4,73.36,74.55,56.88,72.32,67.99,93.11,77.11,82.14,79.6,79.65,72.81,79.32,91.53,81.48,76.04,74.81,76.17,71.85,75.2,80.47,77.28,80.76,86.91,82.2,71.25,69.28,78.54,63.11,68.61,62.6,68.14,63.29,70.12,67.88,75.57,63.59,75.02,83.22,79.13,86.79,73.41,81.66,71.15,88.14,85.61,79.08,73.37,55.71,71.91,68.69,84.15,68.3,84.25,69.12,82.56,78.83,80.55,73.53,69.31,71.12,66.92,73.06,69.61,83.87,88.0,82.8,80.24,69.27,69.41,70.03,87.96,73.36,75.53,75.67,81.56,76.56,79.19,79.01,79.89,82.4,77.16,85.48,76.67,61.87,83.83,68.77,89.85,90.59,70.95,71.95,89.46,81.52,79.51,94.45,77.13,89.61,88.62,82.83,84.01,72.26,83.32,83.36,82.98,76.66,80.88,82.28,82.06,89.65,82.0,71.78,67.97,81.58,82.77,91.76,85.47,81.03,76.91,79.64,83.77,74.83,77.15,64.45,64.72,80.34,73.51,78.82,85.91,81.48,71.99,61.57,79.03,73.85,75.21,65.3,85.8,70.55,66.26,70.22,77.42,76.23,71.14,75.75,73.52,79.75,78.49,85.57,71.93,64.31,71.43,93.08,85.8,87.55,75.36,80.03,69.42,70.62,74.81,84.49,83.42,75.99,77.8,76.25,79.09,78.02,85.14,75.44,95.51,66.91,58.56,66.96,76.24,61.3,81.58,86.47,81.88,83.51,82.03,76.88,71.14,82.67,80.2,79.71,86.67,70.42,73.72,77.96,84.33,83.98,80.14,80.2,79.2,73.67,77.77,64.57,66.31,91.04,78.36,86.62,67.07,77.51,75.03,60.51,60.82,62.35,78.5,65.14,77.73,73.76,68.92,71.42,71.07,71.03,73.28,75.28,62.82,78.5,71.34,71.23,78.95,80.46,80.61,78.08,66.01,77.6,74.79,64.2,71.97,83.26,75.66,84.15,71.05,72.38,81.0,75.69,73.7,73.84,69.25,79.26,76.21,81.13,73.27,73.55,73.89,63.67,73.96,59.07,69.47,65.14,58.95,51.38,75.29,79.68,68.98,75.9,71.18,81.01,90.79,70.7,64.3,74.21,70.34,80.1,67.18,69.5,70.96,70.27,70.42,76.04,75.65,68.53,72.99,79.3,60.33,83.6,68.44,69.92,72.34,76.09,72.4,75.19,74.57,59.44,86.32,78.03,80.3,71.54,74.67,77.82,68.76,78.26,78.47,77.33,75.38
1030500113,Telkom University Surabaya,46.31,49.81,63.11,45.04,54.26,63.93,54.6,51.36,56.98,60.58,69.5,54.13,59.83,67.03,62.71,68.82,48.38,54.83,51.25,58.83,60.9,53.75,50.53,47.53,50.44,65.16,50.41,67.02,62.23,42.28,51.24,43.84,50.99,53.65,62.34,60.42,62.31,54.29,61.72,65.52,50.72,62.38,60.78,53.16,55.04,59.66,56.47,60.45,65.93,65.56,60.68,58.62,66.55,62.61,50.25,64.21,57.66,55.93,53.59,54.46,61.62,59.09,62.24,57.81,59.15,50.19,61.83,51.73,62.76,63.38,65.01,68.47,60.15,45.3,61.53,57.05,56.69,41.33,50.94,70.15,61.1,74.68,55.97,62.38,57.85,62.37,58.28,59.86,62.34,63.21,55.82,47.5,48.89,51.59,67.2,58.75,59.54,63.79,65.55,62.53,60.48,58.88,56.97,68.65,55.17,53.96,65.16,67.54,59.07,57.25,70.76,55.19,57.53,66.88,65.25,56.58,65.91,46.55,66.05,65.82,72.88,80.87,65.04,64.8,63.87,69.68,66.53,41.83,42.49,40.84,49.38,48.11,53.71,51.1,44.93,35.75,47.28,48.59,53.93,45.58,57.44,46.43,53.57,55.31,55.73,50.95,41.52,50.53,47.29,61.61,52.37,55.28,54.75,43.47,53.46,54.72,65.56,64.04,54.33,55.43,49.13,54.64,61.88,52.28,53.5,54.89,48.88,59.18,53.6,59.66,58.31,48.24,59.56,46.36,59.5,53.13,51.08,56.8,56.98,45.32,56.01,57.86,55.18,57.62,60.09,49.05,49.03,54.99,49.07,51.73,66.49,59.94,60.81,70.92,61.22,66.96,66.36,57.41,56.01,60.61,64.27,51.58,59.12,60.2,51.97,47.43,53.58,41.96,53.3,60.06,42.6,54.39,55.62,53.43,54.04,52.72,64.52,56.21,58.18,52.02,51.87,51.37,58.41,57.55,51.93,57.88,51.9,49.31,58.13,54.09,54.74,57.54,51.13,54.03,61.78,62.36,55.76,60.65,64.02,60.94,56.72,67.06,72.79,62.01,62.71,52.3,53.65,61.03,57.55,60.67,63.79,63.01,49.96,73.06,65.9,52.38,63.63,56.5,62.45,65.35,53.95,59.45,57.48,69.98,50.31,43.55,46.83,60.23,53.74,52.39,69.81,56.28,63.33,55.74,57.09,58.84,52.13,51.97,57.93,50.38,58.82,46.17,65.52,61.17,57.86,62.09,61.96,56.39,61.1,59.02,62.59,57.43,44.22,46.43,49.79,55.86,43.03,52.86,38.67,54.34,61.35,52.68,51.45,52.46,58.2,51.66,68.36,57.1,73.06,60.18,57.04,63.34,64.36,60.87,44.89,52.77,64.27,68.93,82.39,65.5,71.66,65.78,67.62,70.35,70.18
1030500114,Telkom University Surabaya,63.37,60.54,54.77,52.48,49.26,51.91,55.49,57.66,40.06,47.76,54.25,46.49,49.28,43.64,52.77,58.16,52.41,57.97,60.61,56.48,52.51,48.99,54.26,46.58,55.62,65.57,65.23,50.87,55.53,58.41,47.33,66.71,62.06,55.81,68.3,58.65,51.86,66.27,52.14,55.9,65.63,49.95,60.49,62.51,51.85,49.02,51.13,54.24,59.28,45.85,51.47,64.08,47.54,47.98,51.73,62.62,68.3,55.38,58.96,67.06,67.16,58.21,54.07,63.81,45.91,57.3,56.83,68.68,64.54,53.6,68.91,45.62,50.5,54.32,56.07,53.92,52.54,59.52,65.97,61.23,71.6,62.76,48.71,44.82,63.38,58.0,60.27,71.11,59.76,61.98,51.73,48.9,61.38,60.63,72.75,59.44,72.41,65.29,45.51,55.93,63.36,54.74,41.34,54.97,43.5,43.48,51.47,53.66,50.13,56.32,53.56,42.74,56.36,54.0,43.74,61.15,49.42,44.33,49.55,45.79,53.55,36.31,44.89,61.77,43.63,50.58,48.09,62.5,61.86,40.94,52.99,43.86,62.36,56.74,59.1,48.69,62.91,55.83,58.72,70.75,57.77,60.52,75.64,53.66,45.4,63.58,57.33,55.91,54.57,59.54,64.92,58.8,63.31,65.22,62.4,57.07,67.61,54.82,54.57,58.75,60.66,63.89,60.4,52.68,66.67,54.45,63.62,65.84,43.12,42.39,46.79,48.35,46.68,51.02,54.81,51.87,40.98,48.24,45.2,54.72,59.1,56.19,56.76,49.19,53.41,51.81,52.14,40.96,49.48,45.84,63.07,65.26,61.57,51.27,61.64,58.02,59.81,57.96,59.37,57.15,59.69,54.94,48.58,63.77,55.96,53.32,58.78,50.64,52.28,57.65,51.76,54.92,65.01,59.55,56.64,57.99,71.19,66.66,79.5,65.13,62.25,70.02,64.35,62.63,80.48,72.13,65.36,68.54,67.75,51.17,45.46,52.21,52.5,55.05,65.03,59.07,65.34,66.09,50.66,52.83,60.9,53.73,51.82,49.18,50.87,54.29,46.09,49.39,56.58,65.67,78.67,74.4,63.71,60.07,57.34,62.93,64.95,65.67,77.74,67.11,67.38,57.33,43.29,53.3,44.32,64.06,55.21,52.2,46.85,57.43,61.97,72.38,59.62,53.86,66.02,64.88,72.05,64.05,68.57,56.6,60.63,50.32,60.62,67.29,68.75,62.48,57.38,62.37,72.15,66.4,66.33,58.17,69.4,49.99,50.69,59.78,62.51,63.36,51.82,62.6,57.87,54.52,62.52,71.19,73.61,63.63,62.79,58.63,47.88,55.57,64.13,47.94,53.99,49.88,56.6,61.75,67.87,69.35,57.01,57.37,56.53,63.08,62.49,72.2,56.71
1030500115,Telkom University Surabaya,78.6,74.62,84.32,75.28,78.7,84.28,76.5,68.35,70.74,68.86,68.26,70.25,65.7,67.23,59.56,80.13,83.87,78.52,73.77,65.94,55.78,77.59,65.47,79.94,76.66,67.28,84.72,77.87,74.45,75.18,71.76,79.2,82.77,75.33,78.24,72.85,81.82,80.14,78.44,79.39,84.24,72.42,64.97,80.27,65.97,82.61,84.83,83.12,72.5,75.33,77.87,75.14,73.61,75.29,84.78,78.49,68.09,82.36,82.8,73.35,69.3,76.57,64.39,69.33,87.65,95.31,85.69,86.83,74.05,88.59,77.91,64.13,81.14,62.08,63.24,71.56,69.58,89.61,76.97,72.83,72.1,63.53,76.51,92.95,73.88,77.87,79.86,90.61,84.2,80.58,66.72,65.21,82.2,62.2,69.58,69.73,68.02,75.72,71.31,80.83,61.8,72.32,73.95,77.45,72.33,62.69,81.36,74.76,67.79,70.25,84.31,74.67,77.14,82.18,76.31,85.3,75.51,70.46,69.48,70.9,77.41,72.35,72.89,75.39,81.73,76.88,60.15,69.11,80.4,71.12,89.27,74.88,80.06,77.21,72.47,67.83,72.98,79.37,79.91,82.23,81.26,85.94,80.0,79.23,91.28,87.29,88.81,80.6,76.47,81.6,69.72,81.49,78.35,75.09,80.97,72.61,69.05,77.31,77.66,76.65,70.47,73.86,82.24,78.94,73.17,77.13,82.62,69.04,80.74,81.27,81.51,80.15,85.4,95.36,79.02,70.0,94.25,85.73,83.25,85.89,79.76,79.89,89.9,89.97,76.56,87.41,80.8,79.82,82.87,80.45,78.21,82.44,82.82,64.36,57.94,62.99,67.66,64.0,65.11,75.29,71.74,75.07,77.41,75.52,70.04,84.11,82.5,87.31,80.72,75.87,80.25,72.76,86.41,83.31,83.04,69.42,74.16,61.66,67.32,74.73,83.31,78.15,71.35,72.41,78.59,56.69,65.45,72.77,63.99,66.3,67.73,67.96,73.59,56.71,63.76,62.09,56.72,65.78,78.23,68.01,69.94,72.35,89.61,71.12,69.62,63.05,67.99,71.11,86.09,85.14,74.18,89.24,83.18,68.11,81.77,78.85,72.52,71.65,81.9,68.19,86.41,80.16,68.1,73.28,70.53,57.94,69.13,66.32,69.6,72.16,62.75,55.6,75.48,73.82,64.32,71.06,66.22,63.94,64.6,75.68,79.77,86.17,79.91,69.69,80.29,82.71,75.7,73.21,80.78,82.73,64.42,64.6,70.89,84.11,59.98,69.41,68.67,62.15,70.34,65.78,64.05,60.81,62.58,69.2,68.84,79.1,81.17,68.58,66.83,70.64,71.07,78.6,87.28,77.96,78.79,74.65,71.91,68.3,64.56,60.65,62.4,65.29,66.88,69.63,69.75
1030500116,Telkom University Surabaya,85.39,86.25,81.39,88.47,83.55,74.42,86.16,89.1,89.32,92.89,98.61,87.96,87.5,74.26,98.53,96.57,90.1,100.0,91.69,83.38,95.43,97.57,85.79,79.92,86.69,74.48,73.94,75.72,90.63,99.09,89.45,91.4,97.33,81.77,97.39,80.37,91.01,82.3,85.97,95.79,82.38,84.93,87.35,87.77,79.85,76.07,79.12,88.46,78.75,84.47,90.19,77.09,84.43,91.21,73.92,78.57,95.53,97.59,98.28,86.67,82.39,73.22,95.53,94.41,86.89,76.2,74.76,70.34,85.42,93.28,92.63,88.06,90.91,79.25,83.88,70.14,87.35,92.2,87.83,78.19,70.08,70.64,84.8,89.27,77.94,80.91,86.59,94.49,79.68,83.07,87.2,92.79,88.69,88.62,87.18,80.78,90.08,93.22,92.53,88.45,84.62,99.07,96.03,87.86,96.23,87.51,94.68,95.45,93.97,85.91,82.89,84.8,100.0,80.58,82.79,92.46,88.3,94.1,91.72,90.8,98.2,92.71,87.96,98.26,90.26,85.98,90.38,88.52,83.94,89.39,94.02,81.89,86.57,89.47,84.05,81.83,81.25,83.51,87.02,68.07,73.46,95.27,93.14,88.56,71.5,74.01,78.49,80.36,81.18,80.09,87.27,97.86,78.52,87.19,78.07,75.14,80.91,91.18,63.65,77.33,76.6,79.76,76.4,67.38,79.98,98.31,99.79,77.48,82.03,75.61,75.36,84.38,86.08,75.31,81.37,69.54,76.55,74.42,74.58,64.46,78.64,76.88,81.58,76.19,80.0,70.02,87.36,81.31,83.82,78.05,79.59,76.71,83.19,79.41,94.14,91.07,92.63,87.79,94.12,93.37,92.22,87.61,83.85,88.77,91.52,96.1,90.57,94.13,83.3,92.69,91.83,100.0,92.19,87.44,86.56,76.55,79.76,89.43,80.43,84.72,91.31,76.71,81.73,74.02,67.9,73.05,91.42,73.65,72.12,74.71,79.06,73.19,97.03,93.64,80.74,85.91,78.41,97.46,98.53,100.0,83.11,95.92,91.29,88.85,83.12,84.01,81.75,85.87,91.09,87.67,91.97,89.22,84.59,100.0,90.82,88.99,88.17,85.18,78.39,87.02,77.13,85.37,80.37,77.99,94.71,71.9,83.52,78.29,83.85,88.01,76.0,75.84,89.7,76.41,82.32,63.2,77.6,76.99,78.14,85.36,85.33,91.4,70.99,69.73,75.96,74.21,75.06,61.67,74.25,72.56,63.58,88.94,78.76,92.1,94.84,93.62,84.63,83.32,87.72,86.95,85.59,91.25,68.39,79.73,74.5,85.96,78.12,97.9,81.87,78.99,79.87,79.71,77.83,83.41,79.19,64.31,81.39,72.89,97.84,86.62,73.44,77.68,83.82,85.71,80.27
1030500117,Telkom University Surabaya,67.59,73.77,89.37,83.67,80.23,78.97,89.43,82.7,81.72,89.68,81.44,79.71,85.59,80.93,76.95,90.6,82.5,85.3,82.3,91.15,91.0,75.61,93.45,75.56,67.35,64.59,69.09,72.67,70.36,71.2,85.93,83.01,73.33,71.92,83.16,88.28,70.66,78.3,77.56,78.39,78.53,70.57,71.42,68.63,78.27,67.09,72.75,61.09,69.24,74.54,81.25,58.88,65.74,67.97,65.28,67.52,66.46,69.83,71.69,66.18,72.36,76.45,82.26,72.42,75.12,76.34,73.68,66.48,71.71,76.66,79.69,73.23,79.51,68.92,73.48,71.18,74.33,61.96,78.2,78.66,69.71,79.5,60.0,57.34,62.9,71.6,85.45,69.2,79.66,71.55,85.48,81.37,84.92,78.88,76.04,62.17,70.29,64.9,72.94,77.94,89.68,72.42,66.42,61.55,68.71,66.74,73.53,74.51,78.71,64.04,63.26,56.24,74.79,66.19,72.92,77.01,75.85,61.38,75.03,60.5,60.59,55.12,68.64,66.39,61.15,64.45,66.57,65.27,74.5,74.66,59.79,76.15,71.31,73.44,71.6,60.54,78.71,66.02,68.27,73.23,67.08,82.35,75.21,78.38,70.61,73.36,82.09,71.21,68.98,70.05,76.48,78.48,63.58,78.56,79.92,80.37,65.7,81.6,71.11,74.89,89.58,83.61,82.72,80.73,76.79,74.55,78.5,88.01,78.75,75.03,71.74,74.59,73.62,76.87,73.99,84.29,78.4,73.33,71.33,83.58,80.93,87.82,68.82,86.97,72.73,72.8,75.28,77.07,78.97,79.84,58.98,72.54,84.91,74.01,65.73,69.49,70.29,68.73,66.17,86.85,86.65,82.1,72.66,90.07,62.3,62.65,57.32,71.47,61.96,59.18,74.49,68.45,82.7,79.58,64.77,71.34,79.92,63.05,70.97,72.52,72.09,62.53,68.56,70.77,68.38,67.39,68.58,67.72,78.1,81.78,73.0,75.95,83.77,84.9,73.17,73.62,80.42,72.93,83.91,84.4,90.59,81.34,92.24,80.56,87.49,73.31,78.94,64.74,79.1,85.23,64.54,74.66,70.94,78.68,76.92,73.7,76.38,69.92,74.23,85.26,84.04,75.9,65.5,77.58,68.76,75.56,73.09,59.51,77.2,79.69,84.91,84.72,73.47,78.23,82.74,80.2,85.8,91.89,81.96,65.37,70.01,83.48,68.08,82.18,69.04,75.29,81.39,76.86,80.06,84.53,75.56,71.25,79.82,76.22,75.07,84.47,76.15,84.05,83.6,83.04,75.98,66.76,67.14,81.2,67.4,71.64,83.7,68.94,69.36,68.96,79.78,70.11,70.09,68.16,64.19,73.67,75.49,85.12,84.0,68.41,78.75,71.31,79.94,71.59,70.0
1030500118,Telkom University Surabaya,70.83,75.92,83.23,83.65,75.85,79.79,76.76,77.3,65.58,62.5,63.76,59.0,78.41,65.4,60.52,75.16,53.38,69.4,66.88,65.43,66.44,70.14,64.55,76.55,80.89,83.84,80.51,81.58,62.0,70.17,67.78,63.54,81.88,75.66,72.08,81.07,63.77,74.13,71.9,68.39,62.34,57.98,62.35,65.62,62.09,76.22,85.35,75.73,85.71,76.34,83.61,79.8,82.81,81.54,81.68,72.15,64.16,60.6,69.76,63.96,70.86,75.89,73.85,78.33,81.96,87.85,82.39,80.72,73.96,83.65,80.01,81.93,82.46,80.35,83.55,79.07,69.63,78.24,74.9,88.18,97.2,80.92,77.23,65.89,69.73,57.8,70.17,82.96,77.17,86.08,74.83,71.72,71.73,74.74,88.1,77.11,77.63,76.76,71.26,75.28,85.16,64.15,79.49,76.37,80.05,71.83,74.29,74.58,73.34,75.72,79.86,71.71,65.39,71.01,65.79,77.71,77.81,73.46,71.88,79.53,68.5,69.62,83.54,77.59,71.06,70.88,76.88,52.46,61.57,55.16,56.53,66.31,58.14,55.55,53.34,59.0,62.21,62.42,64.04,84.74,82.16,77.41,70.29,82.75,85.01,79.46,66.45,75.49,90.75,78.66,86.35,88.94,83.46,78.98,91.02,83.79,85.51,83.11,70.18,91.04,76.83,65.98,68.81,72.19,76.29,74.76,68.23,66.81,59.14,72.41,60.13,59.75,64.94,72.14,67.94,62.97,64.65,61.72,62.52,72.03,68.76,63.35,64.62,60.51,69.71,57.44,60.17,59.15,62.8,64.17,78.52,76.02,78.4,77.12,70.44,72.06,71.79,71.97,74.34,64.31,81.75,78.12,76.9,70.98,81.38,78.21,85.07,63.78,67.06,73.09,70.63,68.59,83.91,74.09,78.18,61.79,83.69,68.53,75.11,67.76,60.18,73.58,74.53,80.64,74.12,77.74,93.22,72.88,80.33,85.45,81.05,76.48,72.18,86.49,79.85,77.69,77.22,60.38,66.33,66.92,60.57,71.74,63.72,67.31,62.97,63.28,70.81,67.31,85.17,76.6,86.0,78.18,66.88,70.87,81.04,74.16,71.38,80.5,81.02,69.17,80.38,70.23,71.78,65.73,82.2,63.49,73.87,70.95,77.95,65.73,80.85,78.63,70.93,65.44,75.17,70.41,73.65,82.1,72.24,84.01,74.41,70.2,74.83,65.81,68.71,79.8,63.87,68.63,64.16,81.57,71.48,67.58,80.29,65.2,90.42,84.76,78.72,77.98,79.62,72.26,71.8,77.47,77.22,73.29,83.76,75.75,67.98,80.52,76.13,93.87,82.16,69.66,82.04,72.39,57.47,67.54,59.0,69.94,73.33,73.68,74.39,78.36,64.96,72.73,78.84
1030500119,Telkom University Surabaya,72.99,70.07,74.85,75.8,76.55,79.07,82.72,72.64,74.44,81.13,86.95,78.0,86.71,82.61,77.05,89.29,80.28,88.36,73.29,82.02,97.03,90.2,79.46,92.6,89.12,85.36,89.96,93.68,92.27,82.42,88.78,77.7,90.37,93.99,91.94,99.78,74.84,87.4,91.44,100.0,89.51,80.21,89.96,74.6,86.59,100.0,87.23,85.65,81.34,92.64,77.18,79.13,79.59,88.78,75.18,77.07,92.22,94.71,90.05,97.57,84.06,72.62,75.8,75.24,79.11,67.76,73.2,80.96,77.1,72.51,67.7,72.48,66.14,75.81,88.3,90.22,78.72,85.35,73.33,84.7,80.95,90.66,74.9,70.88,79.6,81.94,100.0,73.92,71.85,81.99,71.62,72.83,77.98,74.44,86.28,81.03,84.66,81.37,80.51,84.89,87.08,95.09,85.21,95.45,88.63,97.68,96.3,91.19,90.55,90.32,93.49,100.0,85.19,100.0,93.81,100.0,100.0,87.11,96.26,80.11,90.96,90.14,100.0,100.0,89.79,100.0,97.91,71.87,71.22,91.0,76.69,80.26,69.56,81.47,81.59,85.03,79.16,75.0,87.3,81.12,84.68,97.19,87.13,92.96,99.65,87.48,85.36,92.02,80.39,82.61,81.8,85.68,78.22,82.64,78.09,71.29,74.51,84.23,73.46,75.88,86.78,65.57,93.02,87.69,85.9,92.57,89.74,87.16,85.83,91.51,80.4,81.73,98.89,92.53,84.09,83.64,81.25,85.43,92.28,85.29,85.01,90.52,91.16,86.94,84.66,77.91,94.04,91.82,83.53,83.11,91.26,82.38,84.51,73.69,91.58,100.0,84.01,92.09,96.66,77.78,83.52,66.33,80.53,78.84,83.27,70.53,89.04,76.13,68.36,78.26,75.24,79.88,80.53,86.66,83.87,87.69,84.6,85.85,82.21,81.94,88.97,86.66,87.15,87.67,91.82,90.35,90.13,85.67,87.22,82.9,99.61,96.02,81.83,79.17,93.03,87.26,84.11,87.21,82.38,71.57,81.58,82.61,90.61,91.2,87.56,84.31,94.61,96.62,80.66,83.57,86.18,74.53,95.73,86.37,93.91,87.96,73.91,81.66,82.69,81.75,85.55,84.64,82.47,77.03,84.12,89.86,76.35,85.73,79.61,82.86,98.7,93.58,96.7,84.82,94.41,90.94,97.46,94.13,98.7,89.53,99.55,86.75,84.08,89.93,82.19,87.7,89.94,86.41,87.45,78.58,83.78,88.81,85.69,88.6,90.88,90.69,89.27,93.36,82.66,65.5,64.64,53.61,64.98,65.45,63.36,93.37,92.78,91.18,86.58,70.97,74.38,66.48,66.26,68.51,85.04,75.19,83.67,79.72,92.42,84.6,74.73,90.97,89.55,84.13,88.82
1030500120,Telkom University Surabaya,98.01,89.95,81.18,83.97,82.34,85.35,92.35,85.03,74.81,76.81,77.06,83.29,84.99,92.33,88.31,79.24,80.31,79.78,75.38,68.21,67.67,90.85,74.66,80.4,75.2,76.77,72.54,76.47,94.05,93.74,99.27,78.45,76.87,86.9,76.06,88.37,100.0,93.74,85.35,95.07,86.44,90.67,88.42,84.93,82.65,78.47,79.76,74.05,74.42,80.51,76.04,72.21,76.83,87.05,73.09,81.12,89.03,86.56,85.15,85.46,83.41,74.64,74.55,66.24,84.85,88.46,88.02,93.46,85.23,90.06,91.49,82.76,86.3,82.86,67.96,90.69,78.53,95.68,80.04,73.02,89.1,90.83,82.57,88.51,77.15,96.64,80.82,87.68,87.66,95.96,76.46,86.07,83.17,75.3,78.61,76.72,86.05,79.15,90.62,92.25,88.37,89.55,92.44,91.06,84.05,84.38,82.09,90.76,85.56,99.82,91.48,86.46,90.99,100.0,79.49,89.63,81.36,82.48,91.76,100.0,100.0,98.0,84.78,99.74,89.94,95.51,85.63,74.85,82.51,89.37,83.0,78.64,70.11,78.91,82.08,84.71,78.58,75.06,77.55,84.98,89.86,78.99,91.11,72.4,75.22,83.67,76.31,80.46,78.56,76.96,71.27,83.34,74.58,83.64,87.78,83.53,73.89,85.8,84.9,83.27,89.04,88.75,84.86,83.29,84.48,84.08,89.68,90.16,64.34,72.08,70.76,66.53,70.76,73.21,73.16,67.41,81.12,67.47,65.36,78.37,72.64,63.38,61.45,69.37,72.52,70.15,69.62,70.98,68.44,74.6,94.98,82.97,77.71,82.96,88.01,79.75,74.52,82.15,97.98,85.18,94.63,91.69,88.56,87.07,75.01,78.9,78.43,83.41,81.02,78.0,79.89,67.95,78.77,85.83,81.03,65.25,64.94,74.32,72.72,60.91,71.28,71.67,71.57,72.6,79.2,70.23,79.81,70.08,85.9,82.15,94.16,90.53,89.85,75.56,90.42,86.31,89.33,88.03,90.53,98.43,83.34,97.53,77.86,91.96,76.22,83.9,85.59,87.11,96.43,95.86,93.19,100.0,88.53,83.61,86.78,90.55,91.27,96.32,83.04,100.0,92.02,97.51,81.33,73.97,66.14,74.02,73.43,88.13,74.0,71.85,76.61,86.85,81.72,84.51,91.29,96.59,85.62,84.47,92.49,76.03,80.25,73.46,93.28,86.23,88.31,92.14,91.08,98.1,92.82,83.3,100.0,84.94,74.49,79.9,78.67,78.0,77.73,84.37,81.97,78.57,100.0,88.51,84.35,96.05,81.67,90.88,84.88,89.24,88.44,87.03,91.9,85.55,80.29,94.93,81.89,86.87,88.79,80.87,85.91,98.22,93.51,86.27,87.28,93.1,81.34
1030500121,Telkom University Surabaya,72.79,74.98,80.85,71.75,72.96,76.37,86.13,80.71,82.69,83.18,76.98,87.32,71.66,78.14,77.21,81.09,87.91,79.8,72.45,80.04,74.3,81.7,86.28,82.34,88.11,80.88,69.85,78.99,76.81,78.86,79.12,75.56,79.49,81.19,93.84,83.16,74.6,76.01,76.8,79.77,79.18,86.01,82.35,80.41,82.49,62.47,60.43,61.2,65.87,65.77,67.2,68.6,59.38,55.56,60.85,64.55,84.83,74.43,73.37,81.37,73.39,65.85,78.62,69.45,72.1,78.82,69.99,71.02,59.96,72.19,68.62,84.5,82.75,86.97,85.45,88.92,70.0,77.4,76.57,65.27,75.4,70.17,64.33,67.24,58.71,61.95,84.07,68.93,81.16,79.14,69.33,70.52,71.74,64.92,66.49,72.55,67.71,71.2,72.97,74.67,77.17,57.92,59.05,59.99,66.72,57.63,61.61,59.45,69.07,79.08,64.28,57.05,58.75,64.15,56.9,53.76,55.85,59.42,66.5,56.22,60.89,66.17,57.56,63.16,63.87,59.07,56.56,82.07,80.83,85.75,80.7,82.31,86.95,74.34,81.19,67.82,77.8,74.03,76.06,71.81,86.51,82.31,79.09,84.32,78.56,83.18,79.85,79.66,74.27,80.54,74.14,74.38,80.38,78.25,82.03,85.54,71.38,71.86,94.85,75.07,89.65,78.47,82.43,72.33,81.12,73.53,65.53,65.67,76.1,86.69,65.48,78.09,88.09,75.64,87.26,76.44,88.24,73.33,83.7,86.15,75.31,78.48,78.87,73.83,62.85,72.82,71.39,73.92,74.55,78.75,62.17,71.38,52.55,71.47,83.02,79.03,72.96,74.31,82.04,66.52,74.34,67.96,69.25,66.24,69.96,77.73,72.29,74.11,69.03,74.0,71.88,73.47,66.66,74.01,73.96,71.62,87.3,65.23,69.1,79.16,68.84,74.59,73.09,64.57,67.59,73.44,65.27,75.73,75.23,75.68,75.06,69.57,86.76,77.55,82.16,83.56,77.85,80.22,75.9,83.93,84.14,86.8,83.76,66.5,64.03,62.34,77.73,68.9,79.33,72.29,64.35,72.18,81.54,85.05,73.19,63.35,78.42,80.48,77.51,65.67,72.9,71.44,74.37,89.36,75.87,74.81,70.71,79.09,86.5,78.71,89.57,86.5,81.44,79.77,94.24,88.33,77.11,83.77,77.13,77.53,75.12,73.6,80.0,83.4,75.93,75.09,70.42,68.77,82.08,64.73,64.88,79.68,88.94,83.31,78.78,79.61,79.27,75.16,70.27,82.65,79.16,73.73,81.76,67.09,62.64,72.7,55.81,79.35,62.85,80.39,83.75,82.14,83.58,82.11,78.33,69.63,69.85,69.86,71.09,70.55,58.31,70.23,86.85,83.58,82.16
1030500122,Telkom University Surabaya,76.24,61.59,64.17,71.32,80.0,73.46,78.48,80.88,65.46,81.3,77.21,72.06,75.64,58.29,84.0,73.14,67.84,72.37,79.99,77.9,67.83,67.69,68.24,68.99,71.91,76.7,76.3,78.58,72.65,83.3,77.43,79.06,79.23,81.03,87.7,76.47,76.54,75.88,69.19,73.99,77.69,75.3,69.07,75.02,66.33,87.7,80.27,73.79,77.23,77.05,76.77,74.9,76.08,68.26,79.24,75.69,76.18,70.07,80.32,70.12,78.32,71.76,84.69,70.34,80.13,73.3,72.2,75.43,76.74,72.17,69.14,78.8,68.45,78.69,70.69,66.9,77.96,84.35,75.76,75.07,69.74,76.3,92.11,69.81,69.8,73.05,76.95,61.42,75.1,67.5,62.02,57.71,60.0,61.66,74.32,77.81,79.43,85.11,79.74,76.97,76.72,74.24,84.04,81.97,78.04,65.24,82.09,84.29,74.88,67.84,66.28,78.78,79.43,70.98,73.73,70.57,77.41,73.61,75.14,70.8,67.74,77.95,76.5,84.08,78.32,81.91,79.59,69.87,75.52,75.51,70.39,84.98,72.77,74.76,72.31,89.22,82.56,69.51,72.47,70.39,82.26,73.23,74.19,68.88,72.61,70.88,82.36,84.56,57.81,63.87,52.5,56.68,64.73,61.95,60.25,52.8,52.93,50.89,70.27,71.41,64.42,67.69,63.48,68.77,76.08,73.76,72.82,72.76,78.92,66.73,72.06,78.53,72.99,70.76,67.85,71.83,88.69,85.52,80.29,70.8,84.59,83.43,74.34,82.64,74.81,75.06,69.94,79.07,73.74,81.46,76.25,87.44,80.68,69.11,70.29,64.85,61.91,70.11,64.11,72.25,65.51,63.68,78.95,70.87,77.92,77.12,75.57,83.79,73.21,89.91,69.03,69.8,75.34,74.05,72.12,74.88,81.89,86.05,82.29,74.1,80.54,84.53,87.53,78.93,85.03,86.07,71.94,85.75,76.66,66.73,72.81,68.54,82.65,75.07,87.28,71.29,81.42,77.61,67.75,68.96,81.51,77.55,79.78,80.23,71.77,80.1,70.52,89.33,73.6,73.69,78.24,81.21,75.0,67.4,84.21,80.35,71.17,80.75,79.31,83.34,71.93,76.88,73.68,86.3,77.95,88.4,82.89,85.23,76.9,78.52,84.12,71.95,83.51,70.71,75.99,72.99,84.28,80.08,73.16,68.6,77.11,70.59,79.53,63.6,75.63,76.23,72.92,75.39,73.98,69.08,67.24,66.23,76.12,69.36,72.68,68.86,77.42,74.16,87.88,74.79,71.41,77.5,83.01,78.0,82.44,85.28,84.28,91.33,72.37,77.12,81.03,83.69,76.06,69.4,79.24,89.04,71.75,78.85,70.73,77.87,65.67,76.57,79.59,72.12,81.65
1030500123,Telkom University Surabaya,94.29,89.0,93.79,91.14,88.04,99.48,80.64,92.13,82.3,75.55,80.15,78.8,85.83,83.2,87.34,91.85,88.71,86.41,83.43,95.93,88.03,90.78,85.67,100.0,99.01,98.67,86.21,86.26,93.58,92.21,91.15,71.43,78.61,83.14,95.0,85.91,75.38,68.11,75.55,78.01,86.15,78.8,72.77,78.67,74.32,82.64,79.61,82.77,86.71,84.75,86.1,92.31,89.43,77.17,83.24,85.04,89.49,83.51,94.14,88.18,89.34,81.56,81.12,69.36,89.04,85.29,90.38,85.95,95.21,79.42,75.73,87.38,78.31,88.82,93.89,98.95,72.24,70.35,68.1,70.9,63.97,75.79,73.99,80.78,72.33,96.69,94.93,81.35,84.58,72.02,70.68,88.01,86.97,86.19,62.0,79.42,93.23,89.09,60.81,83.09,87.12,90.09,90.02,92.13,98.94,91.31,88.5,98.2,84.8,93.79,98.45,85.26,92.45,96.96,96.54,87.66,93.05,89.58,99.62,82.62,86.03,78.77,99.79,91.84,87.58,79.2,97.73,76.75,86.67,71.9,81.48,74.81,88.14,75.23,75.41,79.36,73.81,85.91,85.26,80.7,82.61,95.08,78.84,70.16,85.57,74.55,92.58,86.09,90.29,84.26,83.59,90.52,67.56,89.81,82.65,80.59,76.6,88.9,77.4,88.09,87.97,92.75,84.95,89.13,85.03,86.68,77.69,81.08,90.56,90.13,87.67,92.31,90.12,93.87,77.16,98.74,97.99,92.79,90.55,96.83,94.29,90.23,89.16,89.15,87.63,89.97,100.0,95.88,86.15,100.0,91.72,91.8,81.21,85.19,95.38,82.42,89.83,83.37,94.06,83.51,72.76,77.71,72.14,74.64,93.98,80.64,90.21,92.41,90.06,86.34,90.0,90.89,88.18,83.95,95.21,75.19,89.27,92.74,72.83,81.51,91.22,94.2,85.33,85.82,75.78,93.43,92.16,79.76,98.25,86.39,75.45,66.84,80.02,83.7,84.5,87.45,80.93,93.08,79.83,90.74,82.71,99.83,74.31,92.22,100.0,89.59,86.7,95.26,93.31,100.0,100.0,97.86,89.73,83.28,85.54,91.95,100.0,87.24,96.94,89.15,93.11,100.0,53.07,66.02,58.64,67.14,68.27,66.89,73.77,71.12,84.7,83.3,92.14,100.0,97.65,90.44,87.79,90.0,97.33,96.67,90.2,100.0,90.3,99.47,85.88,96.82,92.52,100.0,90.34,87.07,88.9,82.39,76.65,75.41,75.36,76.0,79.64,76.75,81.06,75.69,83.87,71.77,86.66,82.3,74.91,87.7,84.39,88.99,88.63,74.94,69.5,80.05,87.89,69.67,77.67,75.93,72.7,71.71,77.7,82.36,73.6,91.6,99.73,98.58,84.32
1030500124,Telkom University Surabaya,90.01,80.43,84.6,85.02,87.29,83.26,92.44,77.08,84.82,69.4,61.78,72.6,62.5,69.46,68.26,69.1,71.29,69.13,75.71,76.66,65.09,64.15,72.24,70.24,73.03,62.36,60.87,78.86,75.6,81.57,73.83,75.34,60.0,60.3,71.96,71.99,68.49,72.41,64.85,78.46,73.21,61.29,71.46,64.5,66.41,88.41,78.87,77.65,70.44,63.45,82.32,81.93,71.76,76.44,73.6,59.99,62.67,56.94,75.68,51.92,75.13,78.33,94.53,75.85,72.42,76.17,84.4,83.35,76.24,84.88,80.34,83.66,74.19,63.83,72.05,78.74,74.97,48.01,51.39,88.35,80.27,74.55,65.68,72.74,65.21,70.93,64.43,67.9,51.64,58.01,75.22,99.06,73.96,96.02,74.81,77.27,69.96,77.96,69.63,70.24,71.01,81.3,76.29,86.33,79.56,81.38,77.95,84.49,80.62,73.35,84.23,74.33,79.43,73.72,89.83,77.81,88.05,71.0,83.44,75.57,77.55,86.9,76.89,81.42,81.78,90.06,78.09,67.73,67.17,62.03,67.44,64.09,63.96,57.93,70.48,77.12,73.18,73.41,70.3,73.67,69.5,71.42,75.45,87.75,80.49,67.15,82.04,85.48,86.35,71.68,87.84,66.42,66.03,72.56,71.34,65.02,71.5,70.07,70.85,69.95,62.16,64.76,76.24,73.07,66.1,80.31,77.92,70.54,72.65,66.0,66.32,71.48,74.84,66.6,75.1,71.96,66.84,76.34,63.79,72.18,72.74,71.12,63.13,70.54,65.38,62.21,68.36,62.57,62.3,65.53,80.68,72.94,64.07,85.18,67.01,72.44,72.07,70.77,66.94,87.35,82.41,67.92,80.35,86.84,80.83,82.21,73.47,85.2,80.1,81.5,82.7,67.45,86.78,73.99,79.0,80.89,84.67,72.0,79.55,80.33,75.74,66.39,72.32,78.68,67.47,82.21,84.17,80.83,68.12,61.83,58.42,66.84,82.59,76.35,69.06,83.03,80.37,88.01,72.56,76.28,83.35,85.58,67.78,73.82,68.55,64.11,68.05,63.22,79.42,84.04,74.47,77.38,87.16,74.19,73.83,85.78,79.25,83.17,76.59,70.44,82.95,85.55,83.23,79.98,75.8,77.76,73.78,81.21,85.73,73.33,69.37,67.44,75.05,66.23,66.79,66.01,73.49,66.48,75.13,73.65,77.74,70.03,78.01,76.45,72.13,74.47,75.06,66.46,76.99,74.01,68.52,62.86,65.76,70.39,73.69,80.11,64.83,75.97,63.35,69.49,74.95,55.27,54.39,60.59,63.41,80.1,76.78,74.05,81.0,78.43,72.8,69.8,71.6,75.51,73.93,89.14,88.21,82.57,70.33,81.01,70.44,78.13,68.5,67.02,68.37
1030500125,Telkom University Surabaya,90.5,84.98,85.47,88.58,83.89,89.15,92.29,83.81,91.7,87.35,89.34,83.48,86.13,89.7,98.36,83.43,97.75,90.77,85.09,80.94,96.18,88.47,94.75,81.01,78.25,75.05,72.71,83.73,84.85,90.72,92.17,89.79,87.76,87.88,95.76,97.06,88.65,76.63,88.73,90.58,80.44,64.51,67.86,65.34,80.33,92.06,99.23,100.0,91.25,92.6,100.0,99.09,92.08,88.35,88.19,86.2,74.73,76.49,84.55,67.38,89.32,92.17,94.86,86.25,75.24,77.55,90.75,83.78,88.53,88.84,88.78,92.15,99.32,85.0,85.41,79.29,87.45,87.85,99.59,81.45,81.98,80.04,88.61,88.47,93.24,82.43,70.8,78.05,72.86,76.03,89.04,92.07,83.62,77.87,81.96,91.17,90.42,84.23,86.46,95.05,100.0,96.0,84.01,90.61,90.34,88.94,77.85,86.76,87.52,80.55,92.33,81.94,84.74,90.2,79.28,74.99,85.66,94.56,85.5,88.87,100.0,87.58,84.92,89.3,81.02,79.2,76.05,90.36,89.38,80.38,92.83,94.33,84.84,87.6,81.72,76.26,86.43,90.73,85.02,85.87,86.92,85.13,81.68,89.23,87.32,82.96,84.39,86.92,97.0,95.2,84.92,87.5,94.53,95.24,83.05,86.39,88.5,85.16,95.96,87.91,94.97,85.91,90.69,95.16,98.26,71.84,76.03,73.83,95.71,95.34,92.01,100.0,88.25,98.78,96.42,90.02,86.06,86.21,89.4,92.33,100.0,84.4,86.13,83.47,95.05,92.15,86.61,98.93,84.1,91.69,92.51,90.5,89.14,88.01,92.94,86.89,93.07,79.74,82.53,71.68,82.37,79.58,87.04,89.23,87.57,86.88,85.87,88.91,88.72,83.33,82.65,89.7,84.84,74.82,85.37,93.57,94.48,86.0,91.88,89.73,84.96,90.63,100.0,96.41,95.44,86.06,88.94,95.35,75.44,89.59,99.09,85.65,86.21,79.85,94.63,87.08,81.81,92.57,84.61,83.38,76.76,72.82,91.67,78.86,76.61,76.96,78.65,86.48,79.68,76.54,65.69,67.43,74.18,66.61,73.11,76.92,68.71,66.09,74.58,80.53,73.0,79.23,89.1,86.89,77.12,91.41,76.16,87.05,90.89,74.21,81.16,83.02,90.55,91.02,86.52,91.86,84.72,93.38,82.38,81.48,84.85,79.64,84.67,70.76,74.53,79.95,68.96,86.27,80.84,71.87,74.73,81.7,86.42,79.3,82.73,73.26,78.96,71.74,75.97,82.5,61.2,67.69,67.41,70.3,74.11,85.94,87.68,98.79,89.91,86.31,86.54,88.06,81.33,81.52,93.7,93.76,100.0,95.56,87.65,92.72,88.68,88.42,84.31,78.37,81.69
1030500126,Telkom University Surabaya,75.98,92.13,77.13,81.81,77.63,84.41,85.65,83.51,73.72,77.32,74.02,71.76,66.25,65.22,63.95,71.55,78.91,69.02,71.66,65.65,70.63,70.58,73.14,80.85,79.94,84.84,82.14,81.7,77.17,83.48,77.96,62.45,74.19,77.33,67.02,78.66,73.6,68.86,75.2,79.65,78.07,63.51,58.62,61.57,69.41,91.5,95.75,77.3,71.09,80.87,83.72,88.55,78.47,87.83,79.15,84.38,73.1,76.62,69.38,73.71,71.28,73.68,65.47,73.61,88.53,79.32,69.66,88.16,88.07,79.39,77.38,81.75,84.61,74.44,53.43,73.55,66.35,68.89,73.23,68.64,72.34,75.75,65.56,70.52,68.39,74.98,70.25,69.52,85.61,77.13,89.73,78.97,82.85,87.14,76.43,75.39,69.82,71.98,70.4,77.16,88.11,77.14,73.5,76.45,73.57,72.22,64.48,78.02,63.35,74.46,83.77,70.77,72.45,72.17,70.61,67.32,80.22,68.37,72.59,64.3,80.42,74.14,70.54,78.04,73.3,79.22,68.69,70.22,56.38,51.49,54.38,63.97,64.7,57.99,69.09,63.58,60.15,57.71,61.25,72.7,85.97,77.3,78.74,73.0,70.12,72.56,70.48,72.72,86.6,85.7,93.05,83.84,78.3,79.49,79.81,79.06,89.21,89.06,72.5,69.3,67.04,74.87,83.89,71.46,85.49,68.86,64.97,58.59,74.04,65.01,75.71,58.55,68.14,67.48,78.14,79.54,82.53,80.98,72.82,74.98,63.6,73.01,62.78,69.66,77.23,63.87,71.69,70.1,75.09,84.14,65.85,62.18,62.47,64.56,70.52,67.9,70.97,70.52,68.54,72.25,66.1,59.99,58.8,76.81,94.33,73.69,95.07,81.68,76.14,81.46,85.29,82.14,82.64,91.51,88.69,59.06,63.07,68.56,58.56,63.17,62.53,53.83,53.46,54.18,68.42,52.6,57.66,56.84,83.84,73.47,71.2,71.8,80.96,67.0,75.42,81.77,75.72,83.85,78.85,65.75,59.59,84.76,70.89,74.51,76.55,59.23,72.5,66.7,79.75,74.62,69.11,84.34,76.79,67.65,63.45,72.16,76.42,58.52,78.31,84.82,66.58,63.61,71.83,64.75,79.29,81.95,82.5,82.33,81.74,76.18,73.43,68.56,75.33,78.49,81.62,73.97,75.71,72.22,77.27,78.74,71.11,80.15,82.33,77.93,72.39,79.95,67.89,76.61,76.57,75.56,77.58,79.64,79.94,77.71,80.37,78.16,86.17,73.61,73.06,74.88,71.17,78.23,74.24,64.75,74.87,87.14,76.46,81.4,80.92,86.17,78.07,87.23,90.04,80.5,68.09,70.41,65.13,69.59,68.72,78.59,78.21,67.07,78.4,86.33,79.81
1030500127,Telkom University Surabaya,59.33,35.96,43.25,44.96,53.65,42.98,48.43,41.54,62.78,59.27,57.36,53.19,62.43,60.95,63.1,51.63,60.04,68.62,54.18,59.16,44.74,63.74,61.05,59.94,62.4,71.5,62.23,58.8,52.41,52.96,59.39,57.99,62.98,51.29,65.14,58.5,55.84,57.79,57.06,68.04,58.99,56.55,61.08,55.21,57.96,55.32,58.05,49.77,54.89,61.7,56.57,61.47,52.31,57.11,57.43,63.23,54.73,59.23,54.01,48.28,51.26,53.26,60.13,52.96,56.08,56.5,61.12,46.97,59.67,64.4,66.81,66.49,55.68,73.73,76.55,61.72,65.93,78.82,60.91,44.9,40.71,45.26,59.76,63.84,53.22,67.21,61.83,61.19,67.48,54.79,58.33,65.29,60.92,75.46,72.3,69.16,60.34,73.86,56.34,47.82,49.96,47.7,59.14,66.64,58.01,51.37,52.52,48.7,54.89,62.47,52.44,51.18,51.52,63.78,58.69,68.58,54.75,57.84,61.27,50.91,55.12,61.52,61.96,62.55,56.03,60.48,53.99,48.54,54.17,53.8,54.15,44.66,58.85,59.73,56.86,52.02,48.41,61.2,60.15,45.79,67.58,46.14,58.4,61.4,57.73,54.8,54.81,53.18,66.86,56.67,57.73,55.67,66.36,55.25,52.13,51.85,56.34,67.4,60.69,58.15,59.01,65.25,58.24,59.3,54.99,58.14,50.7,61.71,46.36,56.21,56.1,53.56,43.49,50.69,46.41,56.6,53.88,53.04,51.53,44.32,60.73,54.67,45.44,61.09,62.37,61.19,50.93,56.19,71.78,59.26,61.46,67.89,72.01,63.76,63.36,64.18,61.94,65.5,56.69,59.13,61.39,45.19,62.82,62.17,59.09,52.24,55.08,42.6,51.96,56.73,54.47,48.75,57.3,49.66,46.64,63.61,57.03,59.95,57.09,62.16,52.53,57.9,53.49,50.38,62.64,47.89,49.42,60.19,60.78,62.56,59.4,58.48,69.42,51.92,69.95,56.81,52.74,45.37,55.28,57.54,67.03,78.67,64.33,60.29,49.46,62.09,56.57,69.33,51.87,62.24,66.28,65.38,62.31,60.0,52.54,61.51,57.42,46.44,56.16,58.83,54.58,57.16,47.76,49.28,42.28,52.92,49.54,49.25,57.47,45.95,60.64,58.48,65.27,67.76,46.65,56.24,63.69,58.35,53.25,49.33,47.46,43.95,49.94,60.37,64.44,55.28,43.17,63.95,62.84,55.06,60.42,61.73,59.03,76.5,67.81,59.66,63.52,54.57,59.18,64.74,57.57,72.4,67.92,63.16,61.07,54.35,59.3,58.94,64.5,68.28,61.69,54.61,53.98,66.48,56.65,55.64,50.38,54.82,57.64,53.88,44.71,68.79,73.73,54.94,60.23
1030500128,Telkom University Surabaya,45.56,52.61,41.85,58.95,62.18,38.02,40.01,56.12,55.88,69.38,57.51,63.04,59.29,64.07,58.07,59.09,60.6,63.07,53.05,55.74,49.6,65.07,68.17,42.01,44.1,55.94,45.56,49.23,57.92,47.47,44.17,48.12,48.64,54.49,60.24,43.33,45.74,64.35,68.41,78.24,66.49,59.72,61.1,54.52,61.12,61.95,63.91,48.13,59.76,63.79,56.98,64.8,50.98,67.67,55.44,56.26,53.46,55.59,54.97,61.85,55.19,50.86,53.03,43.03,66.23,70.34,53.74,70.96,55.14,58.36,49.01,58.61,46.9,61.15,59.14,67.96,54.36,53.9,39.29,57.6,72.85,77.3,68.87,67.24,52.38,66.95,69.62,55.77,71.61,58.88,63.97,59.48,51.46,57.32,56.72,60.95,65.53,59.91,54.4,47.84,51.78,57.8,49.8,56.13,53.93,46.77,44.89,48.74,45.45,59.76,43.81,53.7,47.68,44.8,51.83,45.39,53.08,44.49,57.25,51.02,48.19,55.45,53.13,46.88,55.52,46.45,50.84,41.94,53.63,49.69,54.68,58.45,50.19,45.32,51.32,49.97,50.53,50.25,55.33,65.81,62.65,65.21,61.06,55.2,63.97,57.46,58.23,58.5,60.74,52.81,58.63,59.6,65.96,59.43,67.72,64.83,65.35,68.48,57.77,47.08,47.41,55.93,60.73,58.55,49.1,53.95,62.21,55.45,48.65,52.43,64.64,50.84,52.03,53.14,60.73,55.4,54.31,54.62,64.31,48.33,52.06,55.21,57.31,55.17,41.88,52.77,58.31,57.08,53.43,47.23,53.41,43.49,50.3,50.55,59.6,61.12,56.36,60.51,52.25,58.08,48.54,39.19,57.31,62.55,44.17,59.21,46.81,44.46,37.58,59.4,46.67,72.01,57.07,57.04,44.04,54.42,48.84,59.66,53.61,44.11,56.42,52.29,61.84,53.66,55.41,50.54,61.7,54.01,55.5,61.72,55.23,58.73,57.87,64.25,54.91,50.21,64.81,61.39,53.2,59.31,47.68,58.45,58.47,49.18,52.51,56.76,54.3,62.69,55.71,46.57,56.36,48.12,57.87,56.13,39.07,58.75,56.92,61.48,59.04,48.99,51.27,62.48,55.81,54.22,48.01,48.63,50.16,50.54,42.13,59.81,58.72,59.28,77.15,59.63,72.16,58.24,69.11,53.76,60.02,61.8,58.99,49.91,61.58,56.73,55.33,73.42,58.86,63.66,55.76,68.39,62.52,61.95,64.57,68.81,65.65,66.77,44.51,67.39,60.94,56.75,42.33,61.16,72.34,40.14,52.62,61.16,54.96,47.57,58.36,63.73,59.64,59.01,52.14,58.57,55.66,52.88,59.24,55.36,39.02,47.87,46.66,51.19,61.6,63.91,57.0
1030500129,Telkom University Surabaya,85.3,83.06,74.06,81.36,88.44,76.9,74.65,86.55,70.45,72.59,69.52,75.4,69.19,81.24,65.57,72.89,81.13,78.5,79.98,70.3,68.89,66.05,70.06,70.2,65.95,64.39,74.82,75.87,70.87,73.13,71.78,69.65,73.11,69.42,72.09,64.53,77.71,70.51,63.84,75.73,68.24,86.02,79.88,79.76,85.18,82.83,61.15,77.33,81.19,76.34,79.04,69.92,78.46,67.33,80.37,79.18,85.26,74.17,93.39,66.93,71.07,73.24,76.48,69.25,73.42,68.66,82.1,82.15,66.54,74.13,75.34,61.8,76.66,71.69,75.89,69.85,73.12,67.67,81.98,73.27,81.07,70.22,86.1,76.04,94.32,88.28,72.05,84.1,61.39,72.74,73.83,76.93,72.08,83.52,89.36,93.17,91.09,84.6,77.56,84.4,84.0,71.25,78.84,77.42,57.63,78.09,77.08,65.46,67.6,77.9,78.5,67.12,75.28,57.96,63.82,68.4,76.03,62.05,68.3,69.97,70.34,79.41,70.2,70.71,66.33,63.39,58.83,58.01,65.02,55.74,53.46,47.5,45.58,48.97,51.75,56.12,58.4,50.19,58.69,78.73,84.0,92.15,84.93,70.3,79.0,78.78,74.32,89.68,61.05,63.46,67.84,63.58,64.54,61.5,62.76,73.03,72.4,61.31,82.0,90.81,82.55,75.64,82.37,77.05,84.23,73.53,83.13,70.67,75.55,89.34,73.68,81.94,71.94,75.89,68.42,82.93,77.3,75.73,88.08,71.77,82.68,85.36,74.43,78.61,73.42,78.51,63.09,64.83,84.82,82.56,84.61,79.87,85.12,88.77,94.83,96.25,78.27,81.15,85.04,73.18,63.86,66.03,72.18,72.84,74.91,76.38,83.0,71.13,77.8,84.9,78.58,80.54,70.92,66.92,79.1,63.22,42.83,62.76,60.61,53.03,62.3,66.36,66.76,58.81,66.41,71.78,64.8,56.61,73.84,69.15,72.15,73.96,62.47,63.76,61.32,64.39,54.77,74.68,79.16,82.77,76.25,76.47,79.89,80.95,81.77,82.44,80.17,93.72,88.1,86.65,82.49,88.7,87.59,85.04,79.69,92.68,81.18,88.63,82.75,77.69,84.89,84.08,76.62,73.97,84.38,74.5,81.98,84.13,76.8,77.86,68.03,65.85,66.52,65.4,86.29,74.49,64.3,64.41,74.96,62.49,75.34,73.49,70.39,64.4,57.17,71.14,81.04,71.99,58.08,62.25,68.36,72.64,66.41,72.02,58.51,56.25,57.04,53.07,60.17,71.22,80.87,83.45,68.19,63.61,79.81,81.39,66.0,78.58,88.57,66.64,72.67,67.13,75.99,68.79,87.76,72.37,71.43,65.5,66.47,64.19,76.62,80.73,83.65,81.63,86.52
1030500130,Telkom University Surabaya,84.34,86.19,84.52,95.67,90.2,88.75,79.06,93.08,96.36,84.85,84.46,98.74,93.56,97.33,86.97,96.71,87.69,97.98,100.0,90.84,93.5,89.05,100.0,75.29,82.69,81.3,88.47,86.16,76.95,80.95,70.6,90.43,78.35,84.51,76.1,80.86,74.19,100.0,98.34,95.26,92.43,87.88,86.69,86.75,78.87,83.68,68.72,80.73,75.66,86.01,82.64,85.21,71.82,79.11,81.0,80.94,85.3,76.92,77.8,70.43,82.84,87.7,90.33,80.98,81.25,83.38,85.57,67.06,79.35,92.39,75.48,81.43,88.37,95.07,95.95,88.35,77.27,91.79,80.14,96.44,99.17,86.69,90.12,100.0,97.73,94.95,94.84,88.77,100.0,87.59,87.88,83.19,72.71,89.62,91.46,81.92,82.21,85.83,78.96,85.26,85.96,82.23,83.82,80.88,78.67,81.79,95.01,78.11,81.61,73.87,80.02,86.66,72.58,83.25,75.28,86.17,76.86,85.02,89.79,80.03,87.87,72.93,81.42,90.59,83.12,84.55,86.06,96.57,100.0,78.28,89.24,73.92,96.3,99.28,89.14,94.11,87.0,99.36,96.89,85.34,79.71,84.82,94.83,89.4,88.85,85.14,76.4,83.41,83.91,84.67,76.82,89.78,80.31,87.76,90.24,85.54,87.65,79.9,99.94,95.71,100.0,96.22,82.37,80.89,93.7,93.07,83.41,100.0,82.74,75.88,79.64,84.99,88.72,85.52,90.73,82.64,82.93,75.59,77.47,89.38,68.17,75.81,82.8,79.62,84.5,75.91,67.75,69.04,82.09,78.42,95.04,73.8,68.34,90.08,90.42,82.27,100.0,82.92,99.53,73.94,82.95,75.64,79.98,74.31,71.48,87.25,72.22,81.42,89.56,96.64,90.24,68.39,82.8,75.36,78.77,88.95,86.44,72.96,79.38,86.5,88.41,77.26,81.24,82.88,80.28,84.1,81.02,76.44,91.13,92.03,90.01,98.33,85.5,75.63,71.85,76.6,80.11,81.82,89.22,95.93,80.69,94.87,98.91,100.0,92.64,99.07,91.41,93.51,87.21,90.58,90.42,100.0,83.15,93.73,92.63,76.45,90.92,90.68,92.31,79.09,87.74,97.15,89.43,97.11,100.0,97.67,85.79,90.29,97.69,100.0,65.85,79.55,73.31,69.06,71.43,64.68,80.09,71.73,70.2,95.49,90.03,92.04,82.35,78.94,74.62,74.06,67.08,64.87,84.26,60.37,67.41,78.86,74.13,81.33,90.6,92.45,90.64,77.18,87.35,88.02,70.83,71.13,76.31,80.13,65.0,81.78,84.37,72.17,75.96,91.92,84.79,87.21,94.95,94.71,76.5,74.08,73.47,74.52,88.69,90.14,81.52,83.09,94.23,88.53,80.58
1030500131,Telkom University Surabaya,70.76,55.08,63.78,67.14,62.11,61.95,61.84,66.52,57.95,60.37,67.92,63.05,64.68,58.83,61.5,63.76,60.45,64.31,64.28,62.7,63.26,63.58,59.1,55.95,51.84,62.91,48.76,53.91,63.88,71.48,53.66,67.19,69.48,45.87,66.74,60.69,46.89,59.62,51.51,55.51,57.57,68.95,52.65,67.47,61.12,43.76,52.86,51.11,53.81,60.29,50.73,49.46,54.88,66.02,58.29,54.57,59.24,70.15,71.63,61.93,71.18,68.38,67.38,63.83,43.41,67.98,58.33,48.12,50.38,58.42,48.38,55.95,58.87,55.2,54.5,45.93,57.76,66.09,66.1,58.68,54.89,67.21,57.35,62.07,64.05,59.72,65.49,54.63,55.93,51.56,55.57,58.09,60.49,57.27,66.12,57.53,71.87,61.24,64.81,56.79,54.44,56.85,49.22,57.75,61.52,54.86,55.65,61.59,55.2,59.93,64.02,60.53,52.29,66.2,54.58,55.55,52.14,62.55,50.74,56.77,53.18,52.74,64.79,41.78,65.59,59.5,53.59,61.6,70.63,57.02,77.3,51.16,76.39,68.05,74.86,60.89,67.98,64.17,64.99,58.26,61.67,57.89,50.99,55.06,53.96,46.19,39.58,39.76,52.85,51.82,46.99,59.68,56.47,46.84,61.17,53.95,53.51,54.58,64.3,39.29,53.99,69.15,52.55,63.77,47.89,53.19,54.96,57.31,58.79,60.77,50.73,61.63,66.44,51.42,67.92,58.32,70.49,64.08,71.86,66.89,68.88,62.72,47.84,65.67,64.83,63.29,57.56,58.39,62.88,69.91,61.74,65.37,60.14,59.22,60.71,47.48,53.17,46.94,47.75,46.36,40.28,48.73,44.19,46.99,47.5,46.15,56.06,53.84,54.41,50.64,56.22,48.84,55.29,54.19,54.0,56.46,69.06,64.27,66.59,70.6,65.78,66.96,63.82,65.38,65.77,64.63,62.39,56.02,57.2,45.27,67.41,55.42,49.14,58.91,49.5,52.67,54.29,64.17,50.82,53.08,57.49,49.05,54.71,69.95,58.62,68.62,57.6,59.36,47.2,52.92,56.9,53.02,51.99,55.59,52.26,53.59,51.2,58.85,53.28,57.7,55.38,46.62,49.88,57.65,62.47,66.79,55.89,56.57,64.23,57.09,67.33,67.57,66.38,59.46,56.16,66.57,67.24,59.55,61.76,58.75,50.34,56.33,61.65,55.24,65.1,67.9,80.84,75.0,57.92,58.23,67.49,43.25,50.11,54.05,59.53,55.93,55.69,46.11,55.86,48.06,61.55,61.14,64.02,71.3,70.55,56.62,65.02,47.12,55.29,68.56,64.07,61.3,51.56,66.11,43.54,39.01,41.89,48.26,55.12,56.17,49.81,62.32,66.31,59.35,49.71
1030500132,Telkom University Surabaya,87.61,79.0,78.08,94.5,87.24,88.65,78.67,78.4,82.26,75.9,86.19,87.88,87.76,80.17,90.75,99.66,94.21,81.14,89.17,76.54,93.04,91.67,90.61,85.83,100.0,75.75,85.99,86.36,83.73,78.13,71.97,67.59,81.11,80.61,69.46,86.21,72.25,82.1,76.65,78.03,76.62,93.92,87.76,83.34,85.24,85.08,87.06,93.74,89.91,93.73,86.7,85.78,82.92,100.0,78.97,95.91,74.55,69.09,77.7,63.45,81.0,89.11,88.17,87.49,79.21,87.26,74.11,81.95,81.71,83.62,92.47,85.47,88.92,77.05,92.15,83.05,81.29,90.45,80.19,91.1,87.19,91.49,85.7,83.1,86.61,91.74,70.78,74.21,72.99,88.62,77.67,69.9,82.32,75.77,94.66,82.47,88.89,93.9,93.83,88.29,93.12,84.72,88.37,89.9,82.27,89.4,89.79,97.31,93.72,86.74,100.0,87.93,97.49,96.45,89.81,88.7,89.16,96.78,95.35,82.81,80.08,93.15,89.84,91.6,96.13,89.86,88.25,98.06,95.42,100.0,90.53,96.81,95.34,91.21,83.49,95.65,96.87,97.97,89.47,92.63,86.54,87.21,87.46,95.38,87.96,90.08,92.41,100.0,83.16,90.56,84.71,95.98,87.63,84.69,96.67,89.14,99.3,99.61,82.29,87.59,89.61,92.25,87.35,87.76,83.7,85.66,84.71,100.0,79.71,88.28,76.43,92.38,74.5,82.8,85.87,90.15,95.45,93.54,71.42,77.42,94.22,83.29,82.09,82.29,79.51,92.21,87.13,83.15,79.53,87.25,84.55,90.36,100.0,91.13,81.24,70.3,76.64,87.91,80.52,92.74,100.0,89.12,88.17,88.79,83.71,91.93,88.91,96.34,85.58,88.61,88.59,83.66,97.63,95.0,88.32,82.83,80.64,93.39,92.16,81.68,89.01,92.88,83.98,90.26,83.87,93.04,74.33,80.54,95.5,100.0,89.04,90.59,88.37,78.34,74.73,86.21,82.21,89.75,90.89,87.9,93.99,87.28,98.88,81.04,81.85,96.54,93.16,83.89,78.14,72.99,82.99,82.23,73.13,81.25,82.45,78.59,74.78,83.33,90.3,87.0,86.99,76.45,92.68,97.49,97.29,98.6,90.03,93.73,95.03,94.5,87.62,97.6,96.06,100.0,91.22,97.78,91.65,89.62,94.01,69.23,72.34,80.5,71.56,78.41,69.17,76.86,73.75,60.11,66.34,67.1,66.25,100.0,85.04,99.63,86.73,72.21,89.19,91.28,84.07,91.49,83.72,84.02,82.06,86.79,80.66,78.98,75.64,75.06,91.83,91.76,87.01,97.18,93.04,89.39,92.52,93.61,94.41,97.69,84.89,84.52,89.75,79.95,76.54,86.98,81.31
1030500133,Telkom University Surabaya,57.46,59.16,70.0,67.57,71.26,54.85,64.85,69.35,70.83,53.7,67.71,69.52,71.82,68.84,72.62,64.63,73.89,60.07,58.08,51.59,72.37,67.06,69.4,83.86,73.17,77.68,87.17,70.74,89.13,75.08,74.7,84.71,78.68,91.67,80.17,86.75,79.01,78.05,80.23,94.12,85.22,82.44,72.07,76.74,77.38,77.35,70.22,78.55,71.69,77.91,83.98,66.69,71.6,72.33,84.52,84.23,92.93,80.76,85.99,83.57,59.63,69.09,70.83,62.0,80.81,65.91,76.58,78.91,78.97,72.29,82.86,84.36,76.78,70.83,86.62,84.49,78.72,70.51,87.1,63.63,65.24,68.86,79.47,86.32,81.13,71.51,73.26,78.28,86.21,92.01,72.44,85.6,75.71,80.12,61.35,57.22,66.48,55.6,81.52,80.29,70.9,70.24,77.18,78.03,67.96,82.74,68.93,73.51,78.97,85.17,86.71,77.05,71.42,78.73,78.07,71.41,71.51,75.21,66.95,72.11,85.03,90.74,74.93,69.87,68.96,82.5,92.66,84.07,85.61,76.93,72.61,73.5,72.22,81.99,78.11,79.07,72.31,83.22,85.12,70.99,66.22,77.57,67.95,69.85,71.26,68.03,82.65,77.73,78.69,71.94,72.51,67.78,68.85,63.8,77.63,84.71,74.75,76.18,73.1,67.57,79.7,81.8,78.67,83.09,68.67,72.9,62.64,78.34,77.46,66.56,80.52,56.36,78.49,83.99,76.7,74.12,64.69,71.37,90.0,60.58,70.88,72.36,89.05,83.05,73.05,73.42,80.55,77.95,76.4,87.42,65.46,63.56,59.43,77.71,58.59,70.36,68.76,64.38,66.67,84.76,82.21,85.26,81.04,83.98,65.46,56.54,79.21,67.06,66.81,75.26,67.47,77.45,77.57,68.16,76.56,75.92,80.6,80.86,63.64,67.18,66.09,65.52,71.97,67.04,75.24,68.93,70.54,70.45,66.86,75.02,70.63,80.64,72.89,70.26,62.17,60.62,74.69,73.26,82.97,65.27,74.66,76.06,67.64,80.82,64.45,77.68,61.98,77.27,84.55,85.58,88.28,87.75,80.62,89.05,84.75,85.11,82.86,75.95,81.86,79.34,84.5,86.92,73.37,59.08,62.44,78.4,76.82,79.31,65.82,73.05,78.09,80.19,81.98,90.16,83.31,73.71,75.9,90.5,83.23,67.68,63.87,75.24,68.98,69.19,82.29,70.35,68.39,68.91,70.86,73.82,73.09,73.92,68.71,86.83,68.71,76.66,84.55,79.76,75.09,76.47,66.74,80.0,71.65,64.81,80.21,74.53,73.58,71.73,82.39,58.96,57.42,57.19,67.84,64.3,77.54,85.62,69.49,73.17,74.01,67.84,75.4,65.89,78.79,70.88,69.74
1030500134,Telkom University Surabaya,89.82,94.73,88.54,100.0,88.83,87.58,90.46,93.94,93.04,94.53,95.02,87.97,100.0,97.54,95.6,96.72,98.08,97.05,93.56,93.66,92.99,86.57,88.96,100.0,88.1,92.98,78.6,86.34,76.74,82.78,76.49,84.2,78.58,83.67,74.75,83.29,77.21,90.56,73.47,80.81,95.53,59.04,69.09,76.89,73.72,72.44,70.61,67.25,77.0,72.81,77.55,63.35,77.24,66.18,58.96,66.6,83.89,76.3,69.94,81.14,91.15,94.74,89.22,91.37,90.04,90.28,97.8,95.7,88.29,83.04,81.24,86.97,80.84,93.92,85.0,94.16,99.35,93.78,86.11,71.03,92.22,91.98,82.08,74.17,67.45,69.02,84.42,86.28,85.49,88.39,89.99,85.92,88.31,85.26,72.36,76.06,75.05,75.32,100.0,84.76,84.21,86.81,95.0,92.81,88.14,89.25,97.34,85.22,87.95,92.45,92.7,94.95,86.4,79.28,90.72,87.97,87.53,92.52,75.09,88.93,92.96,91.91,86.03,100.0,94.57,93.87,97.47,85.18,89.33,83.93,85.01,86.32,89.29,79.65,74.04,80.06,84.84,89.75,94.18,91.83,86.34,84.19,85.01,88.03,85.24,79.57,89.95,88.02,88.6,90.46,81.69,73.83,71.97,83.65,89.96,79.38,90.48,72.26,72.44,64.37,76.15,80.0,76.89,78.73,82.88,83.31,74.75,86.6,77.9,80.51,91.02,70.97,85.54,75.49,78.12,76.09,77.43,79.62,81.48,82.38,84.82,80.18,85.85,86.36,85.63,84.04,84.81,80.82,81.93,89.79,90.15,88.15,84.63,95.63,94.99,93.86,84.39,92.74,89.13,94.39,97.47,81.64,90.42,97.19,100.0,79.93,76.92,71.61,95.13,84.37,75.44,88.0,76.15,86.58,80.06,78.62,81.4,80.49,67.14,83.29,71.95,70.5,70.99,67.64,91.41,74.47,68.57,83.79,80.51,85.43,91.48,84.81,78.39,73.82,72.14,75.99,72.63,78.75,78.44,74.25,88.71,84.43,75.31,86.29,96.15,94.67,98.07,77.52,78.27,89.89,70.05,71.5,84.86,87.49,79.49,83.05,75.54,81.41,84.27,72.87,70.37,76.12,94.67,95.22,81.57,100.0,95.94,90.87,83.51,94.41,80.46,82.92,84.34,85.6,90.19,84.88,88.95,75.48,94.28,98.35,93.22,93.07,88.0,90.69,84.78,87.76,89.7,79.03,97.48,90.16,92.81,91.82,95.61,83.5,99.27,76.66,82.6,92.15,96.44,96.92,89.9,86.26,98.53,85.92,80.21,85.64,84.79,89.53,92.63,75.41,74.51,80.05,82.7,80.1,72.79,74.91,77.69,70.91,93.2,94.94,85.19,54.73,70.54,62.8,75.57
1030500135,Telkom University Surabaya,67.34,68.8,77.12,82.57,77.43,73.9,76.31,81.26,73.42,84.96,64.38,75.13,77.46,70.84,73.06,81.01,67.17,74.13,76.1,79.12,76.61,75.34,67.14,73.58,84.54,82.02,74.92,87.31,82.09,71.16,74.97,67.4,73.43,84.03,79.94,72.13,82.67,76.75,80.14,72.99,66.6,73.61,68.65,85.55,88.91,73.56,69.01,77.89,72.26,67.5,72.63,67.3,75.26,58.78,71.46,74.81,68.54,67.82,53.67,59.99,82.11,69.19,86.9,76.97,85.83,72.42,68.19,76.79,65.38,75.78,77.8,84.37,80.39,78.97,87.42,84.66,71.42,59.97,69.16,88.2,73.88,84.11,75.63,86.19,76.75,82.77,83.88,78.34,84.01,71.34,86.76,72.05,86.75,86.85,68.92,74.09,61.64,71.9,70.27,63.12,70.45,84.88,82.11,76.42,84.37,77.39,71.34,77.96,91.92,78.14,80.38,91.98,84.28,92.83,80.26,87.9,80.66,85.67,90.59,80.08,74.63,88.57,79.36,81.46,82.13,80.04,70.32,79.25,68.55,72.17,75.66,68.19,62.1,70.23,67.41,60.11,77.23,62.18,67.76,78.53,63.58,69.51,68.01,80.59,80.32,81.66,72.54,75.56,82.09,72.81,84.65,72.6,82.52,84.2,82.25,81.13,83.2,78.75,66.51,69.23,69.68,72.26,69.45,81.33,63.32,75.12,71.65,71.1,71.32,62.71,70.61,76.32,68.6,74.0,72.57,71.94,80.59,65.65,63.22,80.62,67.27,68.44,69.95,79.63,68.72,58.72,68.44,77.91,67.97,75.08,87.7,72.46,75.68,78.13,70.5,76.03,69.52,67.64,70.39,69.42,71.55,82.46,75.54,82.8,74.13,81.2,82.61,74.6,87.15,80.33,77.48,76.51,76.38,77.26,72.95,57.95,81.14,78.05,78.96,75.7,65.81,72.7,83.65,68.76,88.88,65.3,80.27,76.75,65.41,64.94,63.3,70.12,71.25,79.96,73.78,79.33,74.28,80.53,64.5,69.69,70.72,86.8,74.07,73.04,76.49,70.03,80.94,76.44,70.81,67.51,69.64,68.37,64.32,77.09,64.67,69.68,63.68,63.59,59.32,69.39,58.29,63.68,70.16,86.15,78.78,84.83,78.38,75.8,84.64,79.97,70.84,62.49,72.41,65.83,59.22,75.9,61.43,64.99,66.99,65.61,75.69,83.76,69.7,70.85,53.74,64.76,58.26,53.85,70.06,68.77,66.95,68.47,76.19,73.32,77.79,60.2,56.67,63.78,59.92,65.71,53.57,61.46,73.0,61.12,66.62,72.65,70.02,68.46,71.75,61.63,55.07,66.5,63.43,65.94,60.01,76.83,54.34,62.02,60.14,82.09,65.92,81.95,80.91,70.76,78.04
1030500136,Telkom University Surabaya,91.45,79.34,92.08,85.45,86.81,86.51,84.22,88.66,83.72,94.16,81.17,92.74,83.0,82.8,83.46,86.16,91.69,94.5,83.63,85.87,81.08,97.56,87.81,77.16,77.72,79.77,71.9,68.6,71.21,86.61,78.43,80.27,81.8,78.41,74.7,76.61,75.46,76.54,92.83,78.45,85.44,73.51,62.34,75.63,77.23,77.61,83.02,91.04,91.92,100.0,85.28,92.98,87.99,83.9,80.57,92.42,89.33,86.01,82.95,84.49,76.6,84.01,83.54,79.46,81.28,81.49,96.38,84.13,83.2,68.39,69.36,65.96,76.83,90.79,94.47,89.51,77.22,81.81,82.31,77.54,85.01,93.16,87.17,93.09,90.66,80.69,85.93,80.72,66.63,74.11,95.0,84.06,89.04,88.07,78.59,83.54,84.47,84.5,90.07,93.36,92.45,64.25,74.17,59.98,78.15,75.18,70.26,65.15,75.39,62.78,75.87,72.36,68.65,72.47,83.59,63.76,71.36,68.9,71.96,72.52,77.68,64.32,79.48,71.34,60.28,67.47,72.93,91.22,87.21,85.46,93.34,92.64,85.97,83.21,80.4,87.13,98.81,100.0,80.89,89.78,85.04,88.81,100.0,92.33,95.01,80.19,72.91,83.74,89.26,85.21,74.86,80.57,78.71,69.3,78.98,85.33,81.62,68.81,74.44,95.28,89.65,93.53,97.1,78.57,88.54,80.23,81.11,79.76,78.54,78.6,83.1,80.51,87.35,75.02,84.2,73.67,75.81,80.25,79.9,83.15,88.62,88.11,80.79,92.1,77.57,81.08,80.06,84.9,79.88,81.2,87.85,94.15,84.18,88.98,81.09,85.15,73.83,89.31,78.46,71.7,91.67,84.57,77.31,71.27,91.25,85.53,90.4,99.13,84.36,88.72,82.53,81.21,90.71,82.37,88.1,91.18,89.68,77.35,76.43,85.35,81.67,100.0,89.44,85.29,82.99,95.23,80.08,82.46,84.87,94.88,94.92,86.28,100.0,96.17,85.42,82.91,80.21,86.64,75.75,83.82,78.41,66.6,87.71,87.06,81.59,91.19,87.04,87.27,90.85,91.82,92.74,88.87,84.17,88.32,80.22,85.17,84.38,79.16,95.55,86.19,79.29,74.28,79.58,85.78,94.5,84.98,92.16,99.01,87.91,95.66,75.96,85.71,81.24,85.42,88.32,80.79,75.31,76.86,76.3,81.11,83.01,73.72,84.73,79.61,84.02,90.02,82.86,85.67,85.02,85.25,78.61,91.07,97.57,84.46,82.9,83.95,62.25,69.39,69.51,77.96,82.98,83.39,98.49,86.59,83.08,99.94,89.78,95.56,88.75,78.0,85.39,86.67,90.49,83.04,81.81,89.58,76.51,88.52,86.81,88.01,79.86,92.2,79.88,85.78,91.13
1030500137,Telkom University Surabaya,86.69,92.77,91.32,100.0,92.15,82.03,89.42,97.22,99.4,87.56,97.54,82.73,81.72,85.39,96.64,82.11,84.57,91.94,100.0,91.83,89.52,93.45,82.85,83.32,100.0,95.85,89.06,87.42,94.15,92.69,82.92,83.55,86.78,79.11,89.36,85.64,80.71,94.85,100.0,92.66,93.19,93.45,88.09,87.81,80.57,87.85,93.57,89.83,90.28,93.08,91.13,96.61,84.03,91.8,97.8,100.0,83.98,75.96,72.98,81.39,91.88,83.98,90.69,100.0,83.16,96.68,80.59,91.09,90.03,90.93,80.31,86.95,75.83,79.44,88.66,82.26,85.86,88.64,90.91,86.62,85.81,87.35,85.8,72.62,87.81,80.1,78.73,87.97,87.9,77.48,75.68,77.89,77.16,83.48,85.33,84.93,89.92,87.23,91.21,83.84,81.16,82.82,77.04,77.27,66.82,80.31,84.37,69.79,76.09,71.08,67.16,84.04,73.46,80.18,68.03,80.72,75.83,68.05,75.66,80.43,75.95,77.97,70.7,63.37,65.87,77.78,75.67,81.34,89.12,85.96,85.43,74.7,69.4,78.34,86.16,82.79,86.71,81.86,75.7,91.64,86.76,85.13,89.42,92.96,86.4,89.23,86.89,90.51,82.04,91.07,89.74,81.1,84.66,87.76,94.07,84.43,85.84,91.35,74.53,67.96,79.57,83.86,80.45,78.58,85.6,96.52,79.71,86.91,85.13,63.4,74.12,75.69,74.91,74.53,90.03,70.92,78.65,65.24,77.37,82.28,82.15,78.3,83.22,77.77,84.25,74.31,71.76,78.45,67.06,82.12,82.29,85.58,89.88,87.54,91.17,90.21,88.69,93.99,88.05,89.76,83.13,89.21,82.14,96.95,74.4,76.66,69.41,64.43,72.14,78.51,77.81,77.87,73.56,76.45,88.33,75.38,87.3,86.94,89.65,86.56,83.59,79.61,89.79,86.89,82.17,81.13,82.82,89.27,84.09,83.27,78.74,86.45,82.38,77.61,100.0,90.2,89.98,93.6,92.01,77.81,88.88,85.21,80.4,92.28,89.31,88.59,79.3,86.47,75.79,81.33,80.04,85.0,78.46,80.16,85.41,74.48,71.72,79.79,87.03,80.64,89.57,78.09,90.98,87.24,88.69,96.0,91.95,100.0,96.55,94.95,85.08,95.76,91.65,89.91,86.74,81.31,95.76,94.91,94.61,87.68,81.23,87.85,79.27,85.37,77.75,70.53,65.12,70.24,79.52,84.1,89.42,89.02,88.78,100.0,83.92,84.88,75.3,76.84,83.34,81.8,87.19,89.11,99.7,80.34,92.31,81.15,79.16,71.12,73.08,79.09,79.34,74.65,74.83,72.57,82.46,93.46,95.29,83.46,80.08,78.31,87.44,83.19,79.85,91.84,87.89
1030500138,Telkom University Surabaya,57.84,58.45,49.32,53.97,56.53,56.54,61.28,50.01,62.74,57.25,63.93,46.38,60.48,54.47,59.22,52.91,55.76,50.91,60.47,52.7,46.66,60.89,46.85,66.15,68.06,70.23,62.96,65.73,56.81,64.99,69.13,63.49,53.46,62.78,56.29,59.14,58.73,79.83,73.57,67.65,59.45,60.24,63.72,58.21,48.79,54.43,54.55,57.71,58.69,59.65,63.95,71.65,55.32,49.45,64.45,52.08,58.23,51.72,66.33,51.74,67.05,70.56,63.57,51.79,58.92,60.1,59.88,57.8,69.16,61.99,52.32,59.62,52.54,56.34,58.65,70.86,63.75,68.15,65.12,58.1,65.96,66.76,56.16,54.73,50.05,59.78,52.17,58.99,54.99,56.27,58.33,53.38,54.69,48.57,63.17,59.88,62.69,51.23,52.84,53.88,50.9,68.81,57.34,62.24,63.95,71.36,69.3,56.55,58.66,66.36,63.86,75.5,66.17,62.92,63.19,63.99,47.42,74.14,66.88,60.2,65.58,67.59,55.18,62.88,56.71,58.84,65.8,62.04,55.94,64.82,65.25,59.88,54.85,53.77,59.29,52.17,67.19,57.21,42.31,36.77,50.17,39.6,53.23,48.83,54.09,48.86,42.85,44.27,58.21,52.81,41.94,59.49,54.44,52.12,50.84,44.17,61.79,48.46,48.74,52.15,67.61,44.32,46.71,55.22,44.2,63.92,56.11,69.12,56.91,42.63,53.45,60.24,58.77,61.58,46.83,54.96,53.52,59.09,52.57,53.62,45.82,50.82,54.74,50.4,55.42,63.54,47.51,47.26,52.26,47.91,56.76,64.21,52.54,56.71,60.51,67.14,52.8,75.22,59.59,55.44,58.6,66.43,65.46,62.73,61.09,55.08,68.37,55.49,62.07,60.14,51.79,57.59,75.99,59.38,49.23,54.83,55.73,55.39,64.2,38.79,58.32,59.68,67.54,60.29,60.21,57.8,55.0,65.97,42.75,46.21,40.32,47.77,47.07,63.48,58.42,65.94,49.37,53.82,56.09,63.61,61.83,61.99,64.97,65.56,66.69,56.36,68.05,54.11,66.88,65.24,62.79,66.88,67.52,75.84,59.41,70.64,54.15,66.72,51.99,64.46,63.69,59.28,62.06,55.72,42.54,53.55,49.69,51.87,63.82,53.37,43.31,47.82,48.65,52.52,41.94,56.37,53.44,50.71,49.04,63.56,64.28,63.62,53.12,54.81,60.92,62.66,61.24,59.79,49.05,46.8,50.63,59.3,57.41,54.47,64.64,68.58,69.33,72.27,59.8,54.03,46.47,56.97,57.56,40.94,58.36,72.97,56.52,61.71,64.59,47.28,52.93,48.05,54.57,54.84,54.96,58.51,49.83,59.2,51.91,58.96,49.67,54.66,65.13,53.65,59.18
1030500139,Telkom University Surabaya,71.87,71.46,73.57,74.7,73.77,65.19,72.69,64.93,69.35,85.35,61.65,88.77,82.72,91.75,79.78,69.97,81.14,84.23,84.66,91.99,72.28,71.45,59.68,80.93,76.78,70.05,77.48,78.43,76.89,73.27,69.71,56.48,69.87,75.19,61.36,66.42,60.07,79.23,68.72,61.42,79.03,83.73,78.54,79.72,85.28,79.81,67.74,80.66,66.31,70.86,80.22,84.46,83.52,69.48,74.99,78.97,82.27,73.26,69.88,77.9,74.42,81.6,79.96,72.74,77.98,61.56,82.11,68.23,58.27,67.33,65.55,63.96,67.58,92.82,82.65,74.47,64.8,71.33,69.94,77.14,81.0,74.76,84.43,70.76,64.8,74.72,84.24,72.07,78.31,71.62,70.7,75.52,70.79,55.11,87.74,78.05,81.25,96.91,74.47,81.26,75.54,72.13,76.88,74.58,80.37,77.26,91.4,86.68,81.07,84.09,67.88,77.49,85.01,84.47,59.68,85.83,86.6,87.15,83.99,88.87,86.15,77.39,85.42,74.16,81.71,76.51,79.23,62.73,69.35,71.96,75.44,77.55,70.72,71.79,88.35,74.73,69.18,66.09,83.67,58.24,67.38,63.49,65.56,63.85,58.58,52.95,58.91,62.94,87.61,78.06,85.04,75.34,82.0,75.02,79.63,78.94,91.44,80.28,75.81,81.3,87.23,81.56,74.66,83.94,87.12,60.94,54.26,71.23,88.97,86.01,77.0,82.19,77.88,82.93,78.65,88.43,83.63,75.57,77.09,90.29,82.59,85.09,73.54,72.29,74.03,82.07,93.2,83.12,75.43,75.54,76.86,78.56,78.74,78.57,71.99,68.18,73.0,81.1,81.22,74.13,81.91,69.57,74.2,81.58,73.16,77.41,71.62,72.64,74.98,74.74,70.08,66.52,65.32,69.32,78.08,75.99,70.91,77.44,77.19,65.95,64.08,68.07,92.24,73.0,76.89,78.24,78.84,77.89,65.12,80.16,76.04,69.8,92.56,84.26,89.73,77.22,75.76,87.5,83.13,73.56,71.37,78.24,74.12,79.43,80.31,87.27,75.6,80.77,77.43,77.97,76.16,73.73,76.8,69.41,88.33,84.28,78.69,81.62,69.79,74.11,75.27,81.19,76.95,81.52,74.05,70.62,69.1,80.15,71.73,72.13,82.47,77.57,86.07,72.6,66.69,84.55,82.88,72.65,81.56,69.49,85.22,74.59,68.72,66.9,68.22,65.99,65.43,60.66,66.56,72.79,71.35,62.19,64.86,67.74,69.76,65.06,67.19,65.0,68.19,65.49,72.31,74.0,72.34,82.67,81.03,86.72,83.5,77.02,78.23,65.2,63.59,68.83,73.03,74.18,86.63,79.64,56.64,84.3,73.51,84.55,71.76,58.59,73.83,62.24,64.01
1030500140,Telkom University Surabaya,81.7,82.91,80.45,84.41,74.17,84.03,84.08,83.77,84.67,79.19,82.91,80.21,77.54,75.78,77.74,73.65,85.3,74.13,65.23,91.05,88.18,86.9,78.12,77.75,94.18,86.07,85.54,84.6,79.27,67.65,65.91,80.45,81.1,87.77,76.78,78.25,77.94,91.75,90.24,80.4,95.39,78.65,94.48,88.99,79.48,91.93,82.85,82.68,84.21,88.45,99.37,86.17,85.98,88.48,94.1,95.8,93.75,84.86,85.09,85.42,82.75,80.12,97.93,90.72,97.7,88.54,86.47,85.29,85.96,85.84,87.66,88.2,92.63,92.53,82.85,71.04,72.81,88.59,74.92,84.47,78.72,69.28,76.05,69.65,76.72,72.65,75.73,89.47,75.71,80.56,88.56,73.51,72.36,88.3,98.69,86.27,87.44,93.45,90.85,91.43,98.52,82.76,85.45,73.04,72.65,82.08,84.57,76.67,90.49,82.62,79.84,80.19,84.55,82.19,84.17,92.79,87.21,75.29,90.24,78.0,83.27,79.79,88.64,94.2,75.57,83.19,79.83,89.43,78.94,87.82,89.95,79.83,85.51,92.59,79.66,79.65,84.99,83.06,78.39,92.38,91.93,80.85,89.59,76.68,90.27,99.95,80.11,93.18,89.2,92.75,89.3,92.38,94.39,87.29,89.15,95.35,96.5,89.88,100.0,100.0,93.85,95.79,91.1,88.35,87.96,89.02,87.06,81.06,95.66,83.44,97.58,87.72,86.0,96.77,88.01,81.79,90.02,97.68,91.4,97.05,87.98,91.84,95.68,84.25,93.46,88.62,91.6,96.1,100.0,85.46,72.05,75.26,78.09,83.9,74.74,81.81,75.81,78.18,85.83,80.76,81.06,96.58,86.26,82.93,80.32,83.79,95.69,69.33,88.32,73.65,74.33,84.42,76.64,85.76,73.76,89.49,81.87,100.0,81.22,92.88,90.9,94.41,95.31,100.0,78.59,95.71,84.2,90.27,75.22,85.37,74.84,82.12,93.19,90.16,88.07,88.53,92.06,95.91,82.35,100.0,90.79,83.39,87.77,88.55,72.86,85.5,93.89,87.28,92.96,74.26,79.71,80.52,86.57,87.26,80.79,97.53,80.14,67.23,87.35,79.27,90.17,70.86,82.54,91.45,88.47,89.85,80.71,84.4,86.21,92.59,100.0,98.78,97.68,88.45,91.24,93.68,100.0,84.95,87.03,90.6,94.68,85.95,83.67,89.05,95.78,87.59,88.86,96.38,91.95,91.56,80.81,98.22,91.18,91.46,91.6,89.48,79.94,94.15,86.83,85.16,89.02,81.46,92.07,81.43,84.75,80.55,86.83,89.41,85.64,94.01,86.5,85.96,94.87,85.99,86.94,98.97,90.54,83.68,78.48,90.3,86.6,71.59,86.42,87.51,80.01
1030500141,Telkom University Surabaya,92.43,82.18,76.21,89.04,95.17,77.66,83.81,86.72,65.04,72.79,73.3,80.56,82.09,82.08,71.67,68.96,64.6,72.02,68.43,70.31,78.99,78.72,73.11,95.73,86.18,87.37,86.77,84.99,79.66,83.29,82.46,87.15,90.18,85.13,85.7,92.09,97.45,79.37,87.45,84.27,92.11,86.55,82.96,89.18,85.48,99.54,93.71,100.0,88.73,100.0,93.45,83.63,91.97,77.72,100.0,93.01,86.89,67.74,70.74,69.19,83.98,83.21,94.26,82.33,82.86,98.57,85.05,93.85,75.09,68.08,67.77,70.14,71.28,100.0,97.79,92.14,76.44,81.49,82.34,95.1,86.75,94.96,96.36,88.54,89.68,82.17,96.55,100.0,90.17,97.37,69.27,77.65,64.66,65.34,94.8,76.79,86.16,100.0,79.69,84.35,77.76,89.79,89.88,100.0,87.5,99.73,86.23,90.5,91.74,89.33,96.84,100.0,82.19,87.93,93.78,90.14,82.05,86.71,82.85,87.5,100.0,78.73,98.67,97.28,91.51,94.95,95.71,84.02,89.69,85.35,92.91,85.28,100.0,97.54,90.07,83.72,88.35,93.52,100.0,80.41,86.78,86.84,82.15,87.83,90.77,87.66,80.38,87.77,88.28,81.65,85.6,79.81,76.48,83.73,90.75,93.51,90.98,84.35,82.42,94.83,89.88,81.09,81.35,75.57,74.99,88.57,89.91,94.98,80.17,81.3,83.78,80.95,75.56,82.97,81.12,85.68,73.78,88.54,76.43,74.19,81.63,85.79,73.74,81.82,75.24,79.9,88.07,72.53,75.09,81.25,82.76,92.85,76.92,86.04,95.9,84.95,83.11,81.65,80.47,77.13,93.7,86.3,76.52,81.21,82.86,82.03,88.93,82.85,78.91,92.54,80.88,82.12,83.57,84.06,78.89,73.85,81.51,80.0,63.15,65.26,69.08,63.78,67.06,76.78,67.88,77.26,76.2,66.77,88.54,78.5,90.15,86.13,88.35,84.96,88.82,81.24,88.06,94.07,76.26,77.4,73.85,85.9,67.71,87.8,100.0,98.22,91.26,83.61,91.41,83.52,88.06,93.49,93.71,86.83,83.36,90.1,79.15,75.05,91.85,87.36,76.76,80.38,80.08,91.39,87.35,96.3,97.02,97.42,93.12,90.74,90.28,87.64,92.41,89.64,87.62,84.73,78.95,89.64,80.51,87.12,83.05,90.31,89.67,90.31,81.73,98.5,85.95,78.77,89.12,93.25,93.1,95.72,94.03,90.8,99.31,100.0,87.5,82.13,94.21,80.79,66.41,90.15,80.57,88.29,77.53,89.03,93.66,91.8,83.01,80.18,87.57,90.17,78.93,83.79,82.78,79.68,87.56,82.69,93.36,95.5,94.45,73.15,59.26,74.13,76.13
1030500142,Telkom University Surabaya,78.9,80.05,76.83,71.36,83.62,76.11,79.1,72.26,71.66,74.73,82.27,79.68,79.58,85.08,74.1,84.73,88.97,88.5,76.51,77.06,87.98,81.73,80.07,70.27,70.5,70.68,63.43,68.83,70.3,62.24,79.81,73.68,64.1,84.36,68.5,71.07,67.9,82.24,73.03,67.08,54.87,71.74,74.52,64.1,77.71,81.21,73.15,74.0,73.79,69.8,83.59,70.13,77.58,78.31,77.04,71.25,85.25,74.02,76.64,68.72,70.91,69.03,82.62,76.23,90.42,86.31,79.12,86.9,65.83,65.59,74.37,63.81,67.41,68.97,79.15,82.28,52.36,58.67,61.54,83.97,79.04,79.83,75.18,87.94,64.2,79.21,79.01,69.31,80.12,81.79,83.49,80.36,86.92,87.9,85.22,83.89,89.52,86.45,73.56,74.52,67.97,50.17,71.93,71.63,71.1,78.49,69.19,73.35,80.02,72.73,69.57,83.38,73.55,75.3,71.51,79.13,74.04,65.77,79.02,61.59,74.81,68.27,64.7,66.49,72.01,68.78,63.24,77.98,77.18,76.0,68.86,81.06,67.91,66.35,76.51,72.69,73.99,79.9,62.83,70.79,75.25,69.57,70.05,77.88,79.35,74.14,72.54,78.54,66.05,76.98,70.22,71.47,80.22,76.75,85.78,70.73,68.17,80.29,71.94,57.22,63.61,49.89,67.9,70.52,64.02,81.18,76.75,76.72,77.25,58.11,67.72,60.16,68.03,62.01,62.67,78.39,64.56,67.81,65.51,79.03,71.32,67.27,70.68,68.36,64.86,65.97,79.82,61.45,74.28,52.91,74.52,73.38,76.71,75.38,78.92,72.87,88.69,82.5,88.55,74.85,74.58,66.02,63.06,73.87,70.55,60.83,66.37,68.63,75.14,71.49,58.05,74.13,67.12,65.35,60.7,70.85,71.41,61.7,65.63,62.64,64.18,66.86,66.57,73.57,71.9,63.98,65.54,68.35,78.48,67.06,74.54,70.63,86.38,78.51,82.34,84.07,77.39,77.28,86.1,80.03,83.8,70.15,75.83,71.59,79.92,83.62,73.99,73.2,71.89,75.5,77.68,71.6,69.49,74.84,71.93,70.08,73.36,62.45,73.37,84.49,78.67,74.68,86.03,78.21,66.43,80.52,81.08,84.76,66.32,84.75,90.07,74.28,84.98,74.73,69.4,71.48,76.8,80.91,79.29,72.53,83.03,70.73,76.66,75.19,75.65,69.19,61.93,65.99,65.7,57.54,67.95,69.63,62.07,60.66,67.51,75.36,74.08,64.02,79.92,73.65,69.81,81.08,82.78,71.12,79.52,84.45,83.83,87.58,72.19,48.16,55.1,41.66,58.51,48.81,68.69,78.09,87.65,71.58,65.5,78.65,67.95,70.16,80.91,79.1,69.33
1030500143,Telkom University Surabaya,65.96,72.62,73.31,75.72,79.34,77.24,77.64,73.3,70.48,83.3,84.26,71.41,75.68,66.83,68.78,79.53,79.57,80.5,88.27,64.36,64.05,77.45,76.8,87.56,79.82,74.57,81.79,76.9,78.22,89.41,82.86,81.43,81.48,98.84,79.38,78.99,83.72,81.68,80.58,83.38,85.29,73.15,68.9,75.0,69.2,70.97,64.83,79.81,74.66,68.17,75.64,82.14,70.13,67.39,76.73,70.24,63.47,72.19,70.21,87.4,83.8,85.81,82.93,81.94,58.95,68.18,78.19,54.34,82.72,62.32,73.35,82.16,76.97,82.6,88.07,76.67,74.73,74.31,64.77,71.47,83.56,88.12,84.49,72.89,52.87,69.12,83.84,89.24,74.43,86.74,81.61,79.75,74.41,85.4,66.33,67.47,62.04,49.97,83.18,69.45,95.15,91.51,85.74,83.42,71.4,74.97,84.21,74.22,90.0,80.67,65.43,77.51,76.95,87.12,68.63,83.15,66.89,77.88,84.65,80.24,83.53,82.69,100.0,92.55,77.97,84.48,88.32,69.03,74.8,62.99,67.34,67.73,62.75,80.03,65.49,70.01,75.56,72.15,62.58,58.7,63.78,68.66,82.52,67.17,64.33,71.56,58.79,63.7,80.93,74.99,70.58,75.52,71.92,79.28,72.53,68.81,77.78,67.14,88.54,81.49,76.24,84.67,84.5,82.63,82.21,84.35,82.36,67.01,72.0,69.15,70.91,72.81,67.35,70.25,68.32,76.07,71.54,65.5,57.13,63.28,72.74,66.62,70.81,77.06,69.92,60.15,62.62,67.04,78.83,69.06,72.33,67.96,77.0,79.4,65.63,70.42,90.31,76.81,74.62,69.73,73.19,65.2,68.4,72.53,72.7,80.14,74.97,78.17,69.36,74.07,77.3,82.95,82.06,74.08,79.72,72.91,79.87,65.17,71.96,72.98,58.6,61.74,65.2,69.12,73.59,65.11,75.02,66.16,86.52,79.08,89.47,81.21,85.39,62.89,74.52,82.33,71.43,84.24,60.35,56.47,64.3,64.2,65.79,72.83,77.32,72.46,84.06,85.49,60.73,65.42,72.26,74.47,67.55,68.09,69.43,67.29,73.34,61.68,63.76,73.08,82.84,68.11,77.16,80.07,72.87,74.74,68.98,79.6,79.24,79.11,72.92,79.73,68.54,74.31,71.73,71.26,70.46,67.76,67.56,75.18,76.81,80.7,69.2,60.88,68.52,67.0,68.29,58.36,78.75,67.3,55.87,56.16,59.92,72.28,55.46,79.41,84.16,78.83,77.9,80.46,66.38,61.63,66.0,56.57,66.49,65.42,74.44,79.86,54.94,85.49,84.33,84.3,86.67,84.88,77.66,82.9,82.12,89.58,67.02,77.19,68.72,73.13,67.25,70.04,84.21
1030500144,Telkom University Surabaya,73.78,83.45,86.06,84.69,92.04,78.43,85.35,92.8,76.88,70.52,70.56,74.61,70.95,70.77,69.28,68.27,69.82,73.89,80.15,73.2,76.29,74.74,65.64,76.62,78.44,75.76,85.54,82.02,93.5,91.85,95.33,91.36,91.12,100.0,85.84,88.92,88.13,97.99,80.32,90.31,96.18,100.0,86.56,94.56,97.7,90.36,93.33,98.71,89.03,92.36,90.49,95.44,92.93,97.12,84.75,100.0,82.47,72.35,70.53,77.89,80.94,75.71,77.73,78.57,75.43,85.79,83.12,72.87,95.4,100.0,88.14,84.48,86.32,84.56,88.54,100.0,94.49,100.0,93.6,74.36,70.9,83.81,89.41,89.58,89.24,90.19,86.33,90.45,89.86,85.42,78.63,84.12,87.45,88.53,100.0,95.52,91.67,97.26,91.85,95.78,88.19,87.75,81.25,97.02,88.59,87.02,99.74,78.66,87.78,89.95,91.46,93.67,91.56,88.14,77.14,85.17,93.0,88.77,83.93,89.58,82.97,85.69,100.0,91.27,89.16,93.47,90.15,92.38,82.84,91.08,88.61,93.6,89.91,87.36,88.32,84.59,94.29,88.89,93.55,81.92,80.86,85.64,84.85,75.76,82.86,85.78,94.93,84.04,84.42,86.7,85.25,82.21,78.51,79.97,81.26,77.12,93.57,71.66,73.96,77.25,99.42,91.8,80.56,88.09,81.14,84.05,86.28,79.32,91.95,88.98,93.48,98.61,97.26,96.67,91.97,87.22,87.13,83.87,87.56,95.61,84.89,92.06,86.48,96.29,90.34,96.11,99.77,85.62,93.76,83.45,79.47,82.57,71.12,70.76,86.07,77.36,73.54,81.62,91.77,90.38,88.38,80.24,85.65,70.3,88.01,90.41,85.41,84.24,96.24,91.72,92.66,87.74,90.46,86.4,96.73,100.0,98.32,98.73,98.6,91.48,95.56,85.53,82.82,88.75,84.67,90.92,91.67,83.06,77.78,75.44,93.43,74.87,78.54,83.46,57.49,77.96,83.9,76.46,89.99,93.6,90.68,91.94,88.0,71.83,82.43,73.59,80.86,76.53,70.74,75.71,82.14,77.28,80.52,84.15,81.58,67.28,70.76,85.18,75.83,76.52,72.89,79.02,80.67,87.3,86.82,91.73,87.94,75.04,89.23,85.33,69.77,69.94,74.99,70.86,67.16,68.15,63.69,68.83,71.26,79.78,76.16,81.49,92.05,94.03,86.97,89.56,79.62,79.57,99.24,97.9,90.24,90.74,87.99,81.17,86.69,77.26,80.36,83.06,76.36,80.44,77.77,75.47,95.76,83.07,91.26,84.19,79.49,93.23,80.98,76.59,94.31,100.0,86.97,87.83,81.03,80.34,83.58,84.26,90.88,93.42,86.9,99.63,89.53,92.15,98.06
1030500145,Telkom University Surabaya,86.06,88.11,94.71,84.54,84.59,90.79,98.02,94.93,80.75,86.18,79.63,80.37,82.82,75.52,76.48,66.52,87.71,81.24,74.31,78.4,72.84,83.14,86.43,90.63,91.48,89.85,100.0,82.81,97.91,87.29,89.74,95.96,99.45,92.96,100.0,99.78,97.85,100.0,96.71,95.34,85.94,96.66,91.12,87.38,88.03,87.11,91.2,84.11,90.94,82.01,73.67,78.04,76.06,84.79,77.56,83.21,88.26,86.22,83.1,79.32,86.36,90.9,97.52,79.3,83.92,68.63,93.78,73.45,75.77,76.55,86.19,84.72,86.9,82.83,80.45,78.64,81.34,85.77,89.34,78.74,81.54,84.52,96.76,89.88,71.4,78.43,86.42,88.72,87.11,97.78,92.94,87.99,89.31,92.38,84.51,92.91,100.0,86.77,73.02,82.23,75.1,84.66,78.95,78.97,82.49,91.32,82.28,74.41,89.27,83.17,85.66,78.22,86.18,83.07,83.1,74.43,77.44,87.49,86.71,89.59,91.04,86.67,82.65,76.57,85.87,85.11,86.83,73.67,63.66,77.54,83.45,87.18,74.88,78.53,73.49,67.94,76.74,79.95,77.7,78.45,83.85,80.35,89.0,74.44,63.14,78.07,75.55,78.16,77.81,88.79,80.04,87.5,79.29,92.96,85.68,86.58,96.4,81.07,83.11,84.75,87.22,90.78,92.79,83.49,73.84,76.24,85.55,77.68,79.39,97.74,89.01,79.36,81.57,91.27,79.65,85.33,90.07,82.58,92.47,73.67,80.27,87.43,88.57,87.35,78.37,85.16,81.75,80.23,90.02,76.22,93.19,90.48,88.43,80.96,94.5,96.73,93.15,100.0,100.0,84.08,86.52,94.74,73.51,85.76,80.46,81.18,76.89,76.29,78.27,85.19,77.22,84.73,60.9,77.47,88.58,80.92,84.56,80.15,87.48,77.44,82.9,84.31,86.01,79.46,72.2,83.06,83.06,75.48,79.83,88.67,79.3,76.01,95.85,85.86,100.0,94.05,100.0,83.98,67.7,67.75,76.72,80.96,65.7,89.39,87.66,81.15,88.4,84.27,74.26,79.79,88.04,96.71,73.31,78.48,81.53,76.31,89.03,84.77,94.43,79.49,80.46,87.43,100.0,89.48,100.0,96.82,92.36,79.08,92.18,87.46,92.51,98.18,92.32,88.81,92.61,90.04,84.85,86.1,88.66,95.64,99.45,97.92,95.0,79.2,95.93,85.97,85.14,90.87,81.61,83.69,81.99,77.12,74.21,73.45,64.94,90.36,89.47,88.12,84.62,97.16,76.23,87.03,87.53,79.01,87.15,88.51,91.93,95.15,96.53,90.44,85.05,96.61,81.83,85.92,83.5,88.89,89.32,81.38,77.79,73.86,72.46,86.15,80.56,90.15,85.01
1030500146,Telkom University Surabaya,69.38,63.38,53.48,60.13,64.93,67.86,62.27,62.02,57.58,46.85,58.39,61.04,60.54,53.94,62.64,54.34,62.2,56.26,44.77,60.48,57.98,50.96,54.71,64.18,54.3,62.14,61.32,56.09,54.0,46.62,57.0,54.46,45.74,38.85,55.04,55.06,51.31,62.14,56.22,52.4,63.5,57.14,61.55,61.19,64.18,77.75,63.98,67.67,62.91,63.08,54.22,64.82,70.11,70.06,64.75,58.01,61.54,62.34,47.39,59.49,65.33,69.64,70.68,74.06,63.26,58.55,41.07,52.75,53.45,60.43,41.84,62.17,59.9,61.52,67.75,67.76,49.99,62.57,50.38,54.52,46.74,61.18,55.65,60.6,62.09,68.49,67.78,59.15,62.2,62.52,67.72,54.57,59.25,55.49,58.29,63.28,55.47,62.69,58.11,48.85,46.42,53.5,55.42,52.5,57.36,53.48,53.89,74.07,59.46,50.24,52.67,65.84,61.47,47.96,54.6,60.89,59.19,52.53,63.0,51.35,59.65,50.44,52.59,58.74,56.89,58.84,57.94,72.18,74.72,72.97,63.16,65.16,66.43,59.15,61.19,74.63,71.76,55.22,66.15,58.71,55.65,69.24,46.91,61.93,56.48,48.34,61.94,56.11,57.7,51.46,68.88,65.26,52.12,56.67,50.66,61.9,47.76,64.21,68.58,48.27,58.72,49.94,65.01,66.96,59.43,45.43,55.19,46.29,53.91,60.83,57.58,57.03,52.27,58.95,65.52,58.32,55.77,60.79,60.12,61.68,60.91,63.61,49.76,43.55,70.02,74.85,54.75,60.55,55.12,53.91,53.19,51.85,37.44,49.46,59.91,60.41,57.71,56.79,61.98,58.13,59.61,62.94,72.2,55.73,56.95,69.55,63.27,61.75,59.81,65.68,61.3,66.59,60.68,61.09,71.43,52.2,54.5,50.33,55.73,48.41,52.18,46.64,57.38,50.01,53.38,37.82,42.24,55.04,49.99,62.16,62.15,60.37,55.78,59.81,61.53,64.5,58.77,65.14,49.4,49.67,54.73,47.7,54.48,61.98,57.4,64.29,51.29,62.92,51.62,57.04,53.04,51.85,53.53,44.51,60.27,65.81,58.55,54.56,61.55,63.47,52.81,57.99,67.83,63.41,52.97,58.98,61.17,69.9,60.91,62.18,55.27,53.43,63.08,64.88,66.08,52.72,51.45,69.2,55.86,65.15,51.94,61.71,54.38,55.44,52.32,61.64,52.58,51.23,56.21,53.09,58.01,52.48,42.72,50.97,42.37,58.43,61.78,60.24,56.56,62.53,55.77,57.82,65.51,61.61,68.33,57.69,60.46,59.58,68.94,64.17,55.02,71.28,54.23,61.8,63.11,67.63,68.36,60.53,54.5,65.97,65.21,58.95,53.73,58.0,60.17
1030500147,Telkom University Surabaya,83.61,80.9,76.3,76.58,66.03,82.88,79.5,65.04,81.54,66.14,75.71,77.73,76.79,69.7,66.26,83.19,78.46,67.19,74.93,70.63,80.01,86.35,80.88,67.55,71.23,70.96,68.33,74.44,77.73,75.64,83.63,79.07,79.51,78.31,80.28,73.06,83.43,71.11,66.51,73.8,62.5,85.74,80.39,82.58,82.54,86.74,79.74,90.07,80.93,82.89,85.78,71.52,83.36,76.3,88.38,85.3,66.85,74.75,78.73,67.37,69.41,80.6,79.14,76.28,88.76,73.01,76.38,81.21,85.45,92.31,79.29,80.97,90.87,71.96,72.28,69.45,75.69,73.63,82.69,73.76,64.22,69.82,84.24,75.81,87.73,87.86,73.49,80.08,85.61,73.86,66.23,72.69,78.16,61.86,86.33,77.09,74.61,81.78,75.27,76.42,72.99,73.96,80.25,76.04,70.65,72.0,75.72,76.49,75.65,77.93,75.41,75.68,77.87,68.49,85.17,83.26,69.14,71.12,60.27,82.79,75.1,82.52,71.91,66.38,70.54,74.83,73.36,74.7,77.82,84.61,78.69,82.86,74.79,78.58,85.24,86.99,90.34,70.07,81.15,65.52,67.41,83.96,67.55,73.59,75.1,74.07,67.53,68.76,68.7,69.96,64.07,69.15,69.17,57.35,69.73,71.54,73.29,76.41,76.59,73.8,87.9,80.74,80.81,75.38,85.98,60.69,68.73,69.41,74.9,77.1,65.27,73.57,78.48,66.57,82.1,61.96,72.1,72.3,73.6,73.6,74.86,70.5,66.49,64.77,73.57,73.2,81.5,71.98,72.05,77.97,83.98,83.36,84.21,87.84,84.98,76.52,79.34,73.02,89.95,78.3,73.23,78.02,70.98,80.34,76.66,70.5,71.5,63.85,64.02,77.79,75.52,73.89,58.15,61.87,73.39,65.24,64.41,64.75,65.95,64.29,60.48,66.68,66.73,66.25,72.78,68.78,64.59,65.22,79.09,66.05,75.54,76.1,75.65,78.01,68.09,74.68,81.63,73.9,68.86,78.37,56.18,75.11,66.12,80.0,69.05,82.77,82.55,74.06,77.38,67.89,65.83,71.78,65.25,82.92,62.35,75.15,73.62,65.09,67.15,67.59,78.08,79.08,76.87,86.57,74.64,80.07,78.78,68.47,70.83,80.71,65.68,60.81,74.87,70.32,68.76,72.32,58.24,75.9,68.23,66.12,57.15,51.74,68.01,77.77,72.35,66.82,78.99,78.84,65.78,74.23,72.15,78.27,83.18,72.33,78.12,79.16,83.68,81.62,79.47,78.06,80.9,68.21,66.17,74.44,75.77,77.54,78.86,75.0,84.43,78.96,68.15,71.9,72.06,73.81,76.92,66.92,86.46,78.45,80.81,82.56,75.18,76.79,78.39,83.46,70.87
1030500148,Telkom University Surabaya,83.34,86.34,80.48,91.84,82.8,81.12,76.1,76.01,91.62,81.58,85.57,92.03,77.69,94.63,77.8,77.1,85.41,80.06,88.74,76.15,89.47,79.35,77.45,71.01,75.53,80.92,78.88,68.41,85.89,90.33,83.93,86.24,75.06,84.86,80.34,74.69,78.9,99.7,85.32,95.4,95.1,81.6,86.8,79.54,86.11,81.94,91.23,87.15,93.25,79.16,82.24,80.41,78.24,86.89,90.16,89.58,100.0,99.74,89.38,91.62,94.37,86.1,85.51,95.38,96.38,88.06,83.16,73.65,90.66,99.89,88.0,92.27,89.64,87.04,86.66,85.03,76.66,73.95,69.56,71.23,77.7,82.41,93.3,79.27,82.92,82.44,72.74,77.91,84.02,71.73,82.91,96.05,91.92,82.79,83.92,95.24,89.65,97.01,78.82,90.52,88.06,96.29,96.55,88.59,92.97,95.93,94.61,85.75,87.43,91.72,100.0,89.99,96.27,91.12,90.74,87.03,93.41,93.59,86.8,85.25,91.08,90.8,90.07,87.24,94.78,100.0,96.21,87.35,91.24,96.59,81.21,88.4,91.95,89.09,85.45,90.03,91.32,90.58,81.49,94.67,93.78,100.0,89.8,86.03,82.28,91.29,87.2,100.0,87.19,90.64,94.55,83.01,93.39,83.93,91.13,88.5,91.38,88.15,95.46,96.11,99.25,100.0,100.0,100.0,93.02,82.41,72.53,67.79,66.76,72.67,76.52,71.69,76.29,77.09,68.7,82.14,70.29,75.81,81.21,70.48,81.26,82.57,76.07,69.92,74.05,79.03,76.24,70.56,81.26,67.26,86.17,93.99,83.78,92.21,85.29,76.2,79.07,90.32,83.02,82.3,83.7,79.31,71.7,81.24,92.78,86.26,72.5,81.96,80.12,88.99,81.25,78.78,87.01,82.13,80.14,94.24,91.28,91.52,78.53,81.77,73.26,82.44,92.36,88.72,96.82,84.63,90.04,86.05,70.48,77.94,71.41,90.28,89.97,70.29,78.98,80.46,74.85,76.31,88.17,84.61,88.96,84.0,75.27,83.22,94.85,84.73,96.03,83.03,82.51,91.26,85.16,85.25,77.73,82.93,84.7,88.71,77.06,88.21,87.46,83.43,77.65,96.19,100.0,96.17,80.63,94.45,88.44,97.94,93.47,83.69,79.06,89.34,91.83,90.47,87.1,78.04,77.81,87.05,77.63,86.19,87.12,87.81,86.36,96.89,79.14,84.35,82.94,86.49,82.52,90.15,94.64,94.45,100.0,90.47,79.1,68.88,73.05,65.57,67.97,70.35,85.82,84.02,86.02,88.01,89.67,88.58,89.64,96.88,89.24,78.74,71.01,69.01,70.9,70.59,81.29,90.82,95.74,91.09,75.63,84.42,67.41,86.49,87.34,85.12,86.55
1030500149,Telkom University Surabaya,85.13,88.99,88.48,79.0,92.18,89.99,89.73,85.94,100.0,87.03,93.01,92.67,93.17,98.65,97.94,93.82,100.0,92.94,82.67,92.51,99.98,96.57,92.92,68.3,77.79,71.42,76.8,75.31,76.93,72.75,86.3,75.22,78.35,78.83,85.25,75.6,63.63,70.83,82.55,79.57,87.53,87.84,89.23,91.99,79.02,95.49,96.88,77.72,96.45,89.17,85.78,75.0,86.74,81.6,81.65,90.09,82.88,68.61,79.23,75.68,94.76,95.28,85.09,83.69,82.01,88.58,97.23,91.33,91.43,87.03,94.21,85.63,85.29,90.56,90.17,92.81,96.2,88.64,100.0,90.46,89.36,83.75,95.31,90.35,85.9,95.35,82.2,85.97,85.42,95.79,75.87,74.16,78.17,68.43,80.51,77.61,74.45,65.07,71.03,72.55,82.52,80.54,83.19,90.56,76.24,72.14,86.84,81.11,90.03,77.51,80.86,94.09,83.6,89.94,80.67,85.98,81.59,77.5,81.81,70.2,76.24,73.09,78.19,81.81,86.79,92.29,81.11,87.79,88.64,87.08,100.0,94.8,97.09,84.17,90.79,82.21,91.95,98.39,94.47,85.12,87.84,77.08,68.21,77.8,85.95,75.23,81.08,92.81,90.41,78.57,86.98,92.65,84.21,89.26,92.7,84.94,85.88,80.86,82.35,80.43,91.56,87.91,75.08,94.94,80.8,90.13,84.71,85.79,92.83,94.91,93.14,75.63,92.37,100.0,98.03,87.23,95.63,90.92,97.79,80.57,99.09,89.28,89.39,85.71,99.84,95.51,100.0,97.8,89.3,90.78,83.99,92.47,91.31,93.29,84.94,87.78,85.42,84.64,85.95,71.54,65.51,81.42,72.13,65.44,95.15,94.17,87.51,86.48,93.53,97.76,83.89,88.07,84.46,95.8,97.14,69.54,67.59,83.79,81.25,73.48,73.61,90.46,83.47,69.96,69.65,82.02,75.77,78.06,70.77,87.12,79.84,77.9,66.57,64.56,61.72,53.06,64.72,76.93,74.81,92.49,80.7,74.66,71.43,86.72,86.22,85.52,85.29,84.84,87.69,85.06,87.74,74.16,74.11,83.23,85.38,83.11,84.41,79.72,78.88,76.69,83.17,85.54,85.58,84.07,69.3,83.52,86.06,86.19,81.08,85.39,70.02,73.97,73.65,72.94,77.72,85.88,64.18,66.68,95.99,100.0,98.58,95.33,93.06,100.0,92.49,92.18,86.53,93.75,77.68,90.03,92.67,100.0,82.95,100.0,91.63,99.88,77.35,86.03,87.96,93.99,96.17,99.47,79.79,94.42,85.43,94.33,95.27,93.36,92.12,88.29,86.1,83.86,84.59,87.56,95.95,82.39,87.84,75.9,94.34,82.42,78.81,73.69,70.69,68.34,66.7
1030500150,Telkom University Surabaya,68.67,72.71,73.96,71.7,80.28,77.88,76.97,85.97,95.09,80.08,75.31,84.16,86.83,86.78,79.38,75.55,79.62,84.87,78.19,78.07,69.4,83.71,79.27,63.84,67.15,76.04,67.31,63.47,77.37,77.63,82.99,78.91,73.92,87.15,89.07,79.87,79.1,67.68,73.09,60.07,75.32,78.3,87.88,95.79,73.57,77.8,91.33,74.98,69.6,98.06,78.62,91.57,86.64,74.39,73.71,84.67,91.78,83.28,74.05,88.83,68.79,79.48,73.94,75.12,80.58,77.78,71.42,60.58,72.78,73.44,72.88,78.94,64.18,80.37,72.71,86.32,68.42,62.05,66.01,63.74,63.08,66.94,83.5,79.68,67.15,79.26,74.66,70.7,67.03,66.23,69.83,80.32,85.12,84.48,76.76,75.09,67.71,67.33,75.74,65.4,67.7,71.41,79.48,71.02,75.47,68.25,70.43,72.52,80.04,74.87,73.7,75.47,76.82,75.36,72.94,75.1,70.46,78.83,83.39,71.78,72.75,66.89,70.18,74.74,61.55,79.79,81.61,78.13,65.05,71.36,78.29,89.27,72.62,73.34,79.52,83.48,73.45,87.23,75.42,72.64,75.14,75.78,67.78,81.85,66.02,65.95,69.01,70.05,76.38,63.48,76.39,70.61,69.41,76.21,72.33,83.7,78.65,81.23,57.99,73.13,63.88,72.69,62.09,58.19,64.22,67.09,60.31,71.1,74.37,74.81,73.78,67.14,68.13,71.45,80.13,69.33,74.54,71.37,78.71,87.2,70.03,84.48,81.87,70.7,88.75,69.02,55.89,87.48,76.23,74.87,71.31,65.35,67.09,65.79,77.9,78.73,81.63,95.53,87.45,69.49,78.92,92.51,78.12,82.02,69.08,69.53,81.78,71.32,73.51,72.66,80.52,73.81,56.91,78.4,76.83,62.53,78.44,68.5,66.53,77.82,66.72,71.94,75.5,58.43,81.56,72.22,75.48,68.67,70.4,68.38,73.85,69.67,69.93,82.77,84.24,70.41,81.0,82.26,87.85,84.1,66.21,80.38,78.79,76.77,79.96,79.38,76.63,72.47,83.06,90.32,74.24,70.58,71.83,85.79,72.65,79.77,82.79,77.24,78.82,74.6,72.86,76.95,86.23,79.88,78.27,85.36,85.23,86.88,88.2,80.23,94.91,66.19,88.01,75.14,82.46,83.31,85.47,83.19,76.44,69.55,48.01,67.05,81.79,74.95,69.09,69.37,66.72,92.09,65.44,89.06,69.25,77.42,76.94,77.76,73.79,68.77,77.69,71.36,65.79,62.22,70.06,70.69,84.37,79.93,88.32,70.45,77.64,85.38,91.72,75.97,85.0,83.42,83.07,78.41,87.95,74.9,77.11,76.06,68.91,75.23,75.3,65.47,68.97,71.53,66.1
1040500001,Telkom University Jakarta,87.22,77.21,80.61,82.57,79.73,75.99,86.24,89.53,82.17,97.07,84.28,83.04,80.18,95.29,97.46,98.83,89.46,75.44,95.46,89.0,97.7,89.56,89.5,83.25,86.95,84.1,65.34,76.39,75.75,82.0,82.88,77.41,76.02,100.0,88.67,100.0,85.76,83.09,69.6,77.93,72.29,72.19,73.77,73.81,87.44,86.49,73.68,68.96,79.48,85.44,93.99,72.4,78.37,92.03,82.14,81.07,91.61,91.0,92.72,89.96,96.14,87.14,86.02,81.52,81.19,76.14,80.64,76.35,87.15,84.35,88.0,90.67,87.46,88.21,78.12,78.88,79.59,95.04,73.47,85.71,82.43,70.57,73.04,74.73,85.12,72.27,87.68,99.05,81.79,76.41,83.26,81.37,84.6,81.62,93.95,95.99,85.2,89.32,72.89,80.79,89.58,91.37,95.56,78.47,81.61,84.33,80.52,83.94,86.85,93.59,87.48,92.39,77.13,90.25,79.62,78.8,86.61,88.31,89.06,85.53,93.77,85.77,84.04,82.74,87.75,94.55,94.91,83.67,87.16,78.44,85.62,91.06,86.26,75.1,94.46,84.35,86.66,91.22,93.06,99.31,96.82,98.71,93.42,94.14,85.38,80.7,100.0,99.5,90.68,86.23,92.89,89.39,100.0,91.72,85.68,84.41,89.96,93.0,73.09,57.82,69.16,65.46,69.13,70.83,67.92,86.3,88.81,79.21,93.81,92.76,93.83,83.94,84.13,92.53,91.0,90.5,84.07,85.81,93.57,96.26,74.93,81.63,91.95,84.26,90.11,82.97,83.38,92.46,83.67,79.2,83.9,89.23,88.87,91.48,96.64,86.78,98.78,100.0,93.63,90.78,83.41,75.21,83.1,85.61,90.11,84.79,80.41,86.49,88.37,76.35,89.5,82.74,90.48,84.81,82.3,84.35,84.43,85.65,85.26,80.69,96.42,82.97,81.96,86.37,78.53,92.84,86.67,71.97,87.47,86.84,76.71,91.42,73.53,75.59,79.47,89.51,91.65,75.66,85.9,88.25,94.66,83.43,88.74,92.0,80.73,96.89,90.86,90.17,81.75,85.99,78.63,77.42,81.71,94.59,79.63,78.09,96.19,74.24,85.82,84.01,80.08,84.57,78.75,98.78,93.81,96.41,85.67,96.46,95.99,99.67,79.94,89.59,82.48,82.24,82.81,74.45,69.61,68.82,75.78,88.0,81.67,92.95,72.17,89.31,84.7,80.89,83.45,81.67,81.88,79.67,77.61,100.0,82.75,94.03,94.89,85.25,89.7,85.16,81.86,82.84,81.04,76.43,87.37,86.46,83.14,76.01,85.51,96.43,92.3,91.81,89.86,92.9,93.6,84.87,67.22,77.66,71.62,66.24,88.04,83.21,84.99,82.51,87.54,83.74,76.27
1040500002,Telkom University Jakarta,100.0,92.59,96.13,100.0,94.79,89.67,98.14,89.49,91.3,73.6,83.16,73.92,78.73,93.63,81.45,83.48,77.42,73.1,78.95,81.75,70.16,82.07,85.71,78.02,79.4,79.75,82.29,73.3,82.21,91.01,84.33,86.49,96.88,87.8,86.04,80.04,91.75,76.52,84.04,75.03,93.73,78.1,85.07,83.44,81.92,83.04,86.21,91.26,88.14,91.92,81.06,79.57,88.25,76.62,68.39,85.03,82.44,96.03,82.04,77.21,68.49,84.57,88.28,76.6,86.13,95.51,87.28,84.66,80.65,92.42,91.03,83.9,87.61,94.05,87.9,79.78,92.9,94.42,97.57,78.37,83.08,82.93,96.1,99.91,97.6,96.31,79.74,90.77,81.64,80.85,79.38,83.51,85.08,87.7,80.73,85.31,94.16,94.66,84.94,89.09,79.91,85.25,92.93,90.5,90.18,85.84,93.98,88.99,96.04,87.28,93.79,79.27,92.99,85.36,85.8,94.33,88.33,91.34,90.28,98.33,97.56,85.81,87.37,96.18,100.0,85.51,99.78,84.72,83.96,82.4,80.8,82.44,91.88,80.89,81.69,80.33,90.88,96.75,91.2,90.27,86.94,76.93,87.19,91.47,84.56,79.34,95.21,79.89,85.86,81.39,90.75,85.02,85.37,80.32,82.29,88.13,80.03,89.74,73.77,79.74,85.55,78.67,88.86,81.81,75.1,74.66,68.73,63.36,80.22,83.16,93.45,88.96,91.3,94.64,89.33,83.41,79.3,89.57,91.83,88.86,87.12,79.85,89.53,79.71,88.29,86.81,88.57,89.93,95.07,91.5,78.92,69.47,75.15,76.43,95.42,92.25,83.66,88.45,79.68,80.12,73.14,87.04,81.66,78.31,86.35,94.01,85.24,87.32,89.46,78.7,93.17,92.52,83.39,82.47,75.68,77.29,78.03,71.25,66.78,73.0,66.82,75.59,76.0,78.32,78.69,76.3,82.82,69.44,76.26,63.65,74.61,72.06,78.38,86.41,76.35,98.9,83.72,88.91,97.54,85.41,80.97,96.37,84.33,97.84,89.6,92.88,94.96,84.26,100.0,81.39,97.13,91.03,100.0,94.77,92.85,92.68,84.48,84.08,92.7,89.73,90.24,83.71,78.78,88.45,91.18,81.22,79.84,89.52,88.77,90.8,99.76,89.14,84.66,87.67,80.14,80.11,93.82,82.28,92.41,92.26,85.37,85.73,91.99,95.75,87.58,83.87,91.98,82.25,78.31,80.32,80.65,67.69,87.33,91.34,85.33,89.8,82.37,91.62,90.24,85.13,79.77,83.82,78.1,81.83,85.94,91.06,93.76,99.7,99.47,72.66,79.07,77.3,84.65,78.61,77.34,76.86,81.18,77.73,97.38,85.77,91.58,89.11,96.88,91.07,90.56
1040500003,Telkom University Jakarta,57.35,60.16,65.78,47.48,55.46,53.82,55.95,53.62,71.52,64.43,66.16,74.7,72.67,65.45,65.83,73.69,57.35,60.72,72.1,57.46,67.48,74.17,72.98,64.08,59.41,59.09,52.83,55.01,66.33,55.93,51.1,55.45,50.37,57.8,62.36,52.08,56.45,58.44,51.18,59.94,52.38,42.95,56.57,54.12,51.25,59.47,59.99,58.41,47.08,73.62,65.61,58.5,65.6,66.91,59.8,67.39,52.82,70.56,61.45,51.69,62.81,56.53,41.38,58.26,50.97,57.38,60.53,64.27,55.23,68.87,57.48,51.01,59.19,62.09,50.87,49.0,54.96,52.39,47.41,55.64,52.47,57.14,55.65,52.5,35.08,57.36,46.19,48.1,51.19,49.13,51.11,61.85,44.97,52.14,53.57,55.54,49.7,44.05,56.98,63.76,59.34,55.87,60.4,51.16,61.27,53.83,69.91,59.72,55.08,58.17,58.15,56.99,48.96,56.24,62.16,55.36,61.71,49.32,50.7,58.86,55.0,53.21,60.91,45.89,60.4,41.68,45.69,56.08,61.88,50.08,62.04,59.95,49.3,53.82,66.57,66.1,51.67,50.41,42.33,62.88,53.66,54.28,55.13,51.23,50.02,46.02,49.25,57.03,62.31,64.41,75.97,64.5,62.97,65.88,62.98,63.93,52.9,60.74,57.48,62.35,63.72,66.22,63.6,61.45,60.03,59.45,56.49,53.24,66.07,69.85,61.97,71.6,65.36,64.94,67.47,53.59,56.97,66.53,68.46,66.26,62.29,63.76,71.05,73.45,67.13,67.04,66.72,61.16,64.97,56.79,64.29,59.52,60.16,57.29,65.28,66.65,65.55,60.09,52.52,73.96,62.32,61.09,58.51,62.93,66.82,61.59,65.46,70.49,56.66,60.89,60.44,61.15,55.67,54.51,56.97,60.0,63.93,59.54,65.32,64.74,69.67,57.2,52.4,68.05,66.46,64.45,56.59,58.51,58.91,46.23,47.63,52.82,54.47,37.84,41.03,59.68,54.33,50.55,59.16,57.69,57.04,61.68,56.94,64.81,69.24,74.88,79.86,64.73,57.7,56.27,45.52,51.55,44.17,61.84,66.39,51.44,55.92,64.43,53.03,52.79,61.1,57.16,52.08,49.15,59.97,63.69,49.68,64.77,59.1,66.73,51.76,51.51,50.89,51.31,55.39,61.92,53.19,55.73,48.01,64.15,66.13,65.75,60.49,59.93,64.8,55.08,63.82,71.34,57.21,57.17,64.39,57.67,60.05,62.24,56.21,66.62,58.41,61.07,61.88,48.76,47.41,62.17,54.06,51.42,50.74,63.55,53.98,62.77,54.71,54.79,48.03,55.75,58.81,46.37,56.21,61.8,50.79,71.1,55.97,54.84,55.32,55.18,62.74,50.52,61.39
1040500004,Telkom University Jakarta,83.16,91.41,93.99,94.41,93.05,85.63,88.43,86.36,79.24,78.65,75.37,89.83,84.14,70.36,81.16,83.97,76.91,81.71,90.25,79.31,76.64,64.29,66.13,81.81,84.44,78.87,72.14,94.96,78.73,81.12,72.82,85.38,87.56,81.34,77.32,85.42,77.76,93.33,84.36,73.96,91.44,88.82,90.5,90.93,90.55,73.3,65.88,77.49,76.05,72.64,71.89,65.13,81.22,77.38,77.76,70.96,85.57,80.96,84.6,81.57,85.19,86.23,91.43,92.04,79.04,89.51,74.17,75.62,81.77,90.39,93.84,92.87,89.41,80.95,78.62,86.75,76.86,74.5,83.41,90.04,86.84,95.43,72.19,81.69,72.3,90.0,65.88,64.12,66.41,71.61,84.32,87.43,83.92,86.1,95.86,87.67,81.63,91.26,78.19,84.53,85.6,83.22,81.93,72.04,83.09,82.1,75.26,75.28,77.99,70.01,68.36,63.72,79.38,74.16,84.68,73.78,70.16,77.16,71.76,81.9,82.74,72.48,81.27,77.89,76.75,69.07,73.8,69.14,76.67,71.75,63.98,69.62,69.9,81.46,81.93,73.87,76.84,84.08,74.59,82.88,82.06,72.73,83.27,80.37,79.3,86.23,80.65,82.83,78.12,80.76,83.06,77.33,83.31,82.7,74.53,89.71,77.19,79.45,78.25,92.97,76.69,88.87,81.32,90.59,78.54,89.5,84.08,80.87,75.0,92.1,90.26,89.01,81.85,80.51,83.11,84.11,90.35,85.38,83.27,80.8,78.45,82.34,86.34,88.4,73.19,81.21,79.15,78.68,72.99,87.73,94.14,96.92,94.9,100.0,91.91,96.79,96.99,94.0,93.19,94.0,89.77,87.12,81.07,80.73,96.58,78.26,83.83,89.45,94.01,90.99,91.23,89.06,84.08,98.15,92.41,80.35,78.79,87.05,73.35,79.14,80.83,76.77,76.66,83.88,73.95,73.36,68.33,75.63,94.73,95.48,86.09,99.62,80.14,84.91,95.26,84.39,87.69,88.25,88.03,81.52,100.0,83.98,86.99,81.82,94.63,88.48,90.31,94.52,87.72,82.53,86.97,76.98,74.03,77.24,71.98,80.3,76.19,73.93,81.38,75.09,85.81,83.87,92.73,65.65,78.86,78.9,67.89,65.85,91.36,72.32,85.95,88.65,91.7,90.41,91.97,98.25,90.76,80.01,90.31,86.64,97.08,83.9,84.48,79.24,77.7,79.06,87.27,82.5,68.88,82.67,80.46,79.28,72.39,73.09,76.09,76.15,81.29,76.74,84.35,83.33,80.34,80.88,73.99,79.92,75.68,75.51,70.46,66.47,77.83,91.93,95.15,93.5,86.34,93.09,90.03,90.17,97.32,89.6,91.04,89.84,84.74,84.26,78.72,79.66,79.03
1040500005,Telkom University Jakarta,79.5,82.3,85.69,84.21,80.13,91.81,78.48,81.85,80.7,85.97,92.32,84.49,80.99,83.73,88.51,93.15,87.96,72.91,86.01,94.89,82.34,82.6,81.59,88.6,78.43,91.9,84.76,91.34,84.1,84.71,85.49,81.01,91.87,74.23,79.42,85.72,84.56,76.69,72.87,72.8,69.96,100.0,91.92,79.07,86.6,100.0,87.05,87.51,81.25,100.0,96.64,100.0,94.18,95.66,90.69,92.68,78.96,83.38,78.27,72.6,87.04,85.45,91.18,92.61,89.5,87.32,78.71,85.65,82.33,99.6,81.75,83.18,82.63,86.88,85.92,93.79,79.8,85.17,73.39,79.32,72.98,87.24,82.92,79.73,95.92,90.71,92.39,98.53,87.35,84.9,79.81,88.52,85.69,85.66,79.76,82.64,90.61,90.57,75.96,74.19,73.93,58.21,68.42,78.01,78.04,75.8,77.76,73.1,62.84,67.8,69.05,70.35,69.23,71.67,69.36,78.47,71.14,65.38,71.12,71.24,68.89,70.09,84.31,68.71,61.49,77.69,70.82,87.3,99.73,99.92,97.58,89.57,100.0,94.35,97.11,91.27,95.33,93.82,87.57,88.35,100.0,97.38,92.06,86.3,82.05,90.82,97.99,84.29,84.5,91.22,80.92,98.41,87.89,83.12,82.21,94.98,83.32,94.22,87.71,79.79,75.96,73.49,86.14,78.5,72.53,95.87,87.87,76.77,89.83,81.95,94.61,93.44,85.21,82.55,88.59,87.06,81.78,82.49,90.78,82.57,82.73,93.73,98.05,88.84,77.31,92.27,91.98,89.41,85.31,83.08,82.81,82.17,84.88,89.08,81.38,100.0,93.52,90.76,97.21,83.15,90.35,82.64,71.05,84.73,93.49,84.19,88.45,88.11,100.0,89.51,84.57,100.0,89.32,91.54,93.82,89.11,82.19,89.69,95.83,80.49,85.45,82.94,86.25,89.86,84.79,73.51,84.9,83.55,87.52,81.55,86.34,82.4,71.3,74.7,77.77,88.16,69.38,75.86,91.16,89.04,84.41,100.0,81.35,74.48,89.29,82.85,73.98,81.97,92.59,79.4,83.43,80.58,77.98,86.48,90.75,86.71,89.11,96.3,79.94,91.42,70.86,76.33,83.96,86.17,83.52,93.77,100.0,86.47,89.96,89.2,82.26,92.67,90.3,92.08,83.56,88.83,89.31,84.79,93.67,90.87,98.69,100.0,84.01,90.02,97.01,89.39,97.55,83.42,98.42,84.13,93.46,81.59,87.94,93.92,77.84,96.85,92.63,87.02,79.84,82.74,78.67,79.24,90.1,89.32,91.44,90.82,77.5,85.96,91.33,74.42,72.41,80.33,82.12,85.73,90.71,87.07,88.39,87.64,74.53,80.61,85.43,89.9,83.24,80.98,94.65
1040500006,Telkom University Jakarta,77.81,85.72,83.64,73.58,81.18,81.36,83.01,84.8,68.18,61.71,68.39,66.79,62.47,66.11,73.34,68.48,70.73,60.81,73.79,69.97,66.86,56.29,77.1,61.06,77.74,77.66,79.67,82.99,87.88,91.96,84.37,78.84,82.0,85.39,76.42,87.53,86.49,83.81,81.9,77.5,72.14,83.15,64.83,76.54,94.22,77.64,78.98,73.76,79.68,78.87,77.36,73.93,80.31,73.39,67.98,86.94,73.94,73.48,64.0,75.47,76.66,69.15,74.17,79.33,65.81,68.43,61.12,74.9,80.18,78.53,75.63,78.03,84.67,79.98,81.22,68.4,71.13,81.41,92.42,77.8,86.84,87.86,67.76,80.85,65.95,76.17,77.62,80.24,87.31,80.19,77.71,68.55,64.21,72.72,83.52,81.8,76.62,90.08,75.6,79.83,78.9,68.37,72.28,74.04,66.27,64.66,74.47,61.97,69.37,63.13,69.91,62.56,75.12,79.5,70.98,64.02,67.25,71.45,71.79,69.44,69.82,76.26,71.73,79.83,66.98,70.68,66.31,79.21,90.72,78.25,72.63,72.69,74.9,71.01,79.04,67.92,78.79,70.49,73.25,81.15,81.5,68.39,74.66,72.19,79.04,69.54,83.0,76.73,59.98,67.82,62.0,56.22,53.95,61.85,74.42,51.12,50.53,67.31,70.48,67.2,64.27,68.41,77.21,83.56,72.4,75.65,63.39,65.57,68.83,75.86,74.54,71.72,80.11,78.74,78.5,75.05,76.32,71.52,75.54,73.09,76.03,76.5,67.49,66.7,84.04,64.3,73.4,73.77,65.0,78.35,75.17,71.93,87.45,77.02,85.32,77.81,62.5,73.15,70.63,78.57,74.29,75.44,66.29,74.09,76.92,75.81,62.36,63.24,70.92,72.82,57.18,73.36,80.13,72.09,75.63,89.61,78.76,84.11,71.23,79.61,67.3,74.0,74.08,72.51,82.97,69.55,72.46,83.23,78.93,88.14,75.65,86.53,69.36,70.03,61.28,59.98,65.37,65.07,79.98,85.85,81.0,67.73,80.16,78.42,77.51,84.87,63.48,89.84,61.03,70.15,73.55,55.3,65.29,67.73,69.9,55.17,68.6,63.45,82.62,74.16,56.7,65.24,76.76,67.78,73.05,62.43,80.03,74.91,74.15,68.4,96.74,73.19,76.56,71.62,76.49,73.95,78.23,77.51,86.38,80.41,81.45,69.89,75.62,85.95,73.15,81.38,89.84,90.4,80.83,88.66,89.91,67.44,66.19,63.65,71.47,83.77,70.82,76.48,70.35,75.31,69.67,74.68,70.84,70.97,72.43,79.23,84.64,85.37,76.98,69.68,84.11,70.79,88.69,76.38,74.99,89.09,85.06,80.92,72.83,82.89,76.04,55.8,65.06,70.45,68.96
1040500007,Telkom University Jakarta,96.46,97.41,95.36,92.33,91.95,99.02,92.56,82.67,82.92,77.48,84.45,77.25,87.08,74.23,82.64,73.02,77.69,75.24,74.17,77.65,88.46,75.64,84.5,81.08,86.93,82.13,82.29,83.23,84.88,92.71,72.56,72.03,89.61,85.76,79.5,87.65,83.32,84.01,86.07,74.38,86.74,82.75,86.59,89.46,84.53,85.0,73.76,94.53,85.63,75.06,100.0,70.34,84.85,86.5,80.26,78.48,75.86,78.9,83.79,82.6,88.16,94.32,83.64,90.33,89.81,92.26,89.15,83.37,100.0,100.0,89.96,87.94,76.73,94.15,86.6,88.3,91.99,89.52,77.1,89.21,83.78,91.18,89.06,95.24,81.34,72.48,85.6,96.6,73.53,96.17,80.33,85.05,88.44,90.11,81.29,77.2,94.65,91.66,100.0,90.58,83.17,81.97,88.45,79.22,78.51,75.88,88.12,75.4,78.72,67.29,72.5,85.92,75.59,74.23,82.93,80.95,77.21,79.56,86.77,83.78,80.21,86.59,76.75,83.74,80.64,80.14,79.83,74.68,88.09,84.16,83.96,89.73,83.51,79.74,76.11,76.08,89.74,93.21,75.97,84.24,83.68,79.6,88.54,82.45,100.0,89.44,85.83,92.69,97.87,91.81,92.21,100.0,86.57,87.55,81.57,96.48,90.88,100.0,80.75,75.85,79.02,81.58,76.4,80.16,87.63,84.57,75.73,87.39,91.55,85.73,89.8,80.63,78.63,87.81,87.99,79.36,83.26,95.86,90.46,91.9,87.64,87.23,89.58,81.09,94.21,85.8,80.43,91.81,91.57,89.12,76.02,79.5,73.47,74.48,87.77,89.32,84.99,90.49,92.94,88.39,93.76,87.17,75.2,84.18,80.83,91.35,100.0,88.04,94.34,94.81,95.04,96.9,96.96,97.44,92.99,88.82,96.85,89.95,91.02,89.03,87.89,95.17,85.39,93.33,84.95,91.33,83.61,93.85,83.07,79.63,81.31,86.04,78.86,93.57,85.79,88.55,89.51,63.67,83.74,84.75,89.82,84.77,82.87,80.62,86.12,98.95,88.08,86.97,77.58,84.21,94.64,92.0,92.42,94.87,90.86,100.0,94.71,94.74,87.09,97.89,97.9,95.0,76.27,83.47,88.8,91.42,75.95,92.58,82.71,97.44,93.29,78.06,95.0,85.67,89.28,76.12,85.8,79.57,75.83,87.83,90.62,100.0,84.53,87.3,85.75,87.39,94.04,80.98,93.35,90.2,91.05,74.87,83.96,91.84,83.55,91.62,76.56,83.94,86.83,89.46,75.11,97.32,95.27,88.8,87.43,77.65,69.9,78.03,73.45,91.79,78.4,78.15,89.37,81.86,86.69,84.43,88.7,80.56,77.42,70.67,80.42,84.92,84.56,91.11,82.48
1040500008,Telkom University Jakarta,79.83,75.22,71.47,81.96,87.9,80.33,77.76,88.54,83.25,85.74,87.37,82.9,79.09,88.45,94.08,86.88,90.09,89.84,87.73,80.22,88.36,91.68,77.65,81.61,93.97,94.83,83.02,84.62,83.2,83.25,77.67,81.41,68.2,65.64,74.71,81.34,75.63,87.72,85.84,80.14,79.11,90.14,100.0,87.47,76.93,89.67,83.92,82.94,89.49,95.26,93.99,95.26,82.07,95.99,84.37,89.64,87.51,88.42,79.2,79.48,80.31,84.87,84.1,86.0,77.93,75.83,68.41,75.23,92.35,100.0,90.28,82.3,87.22,91.46,92.17,75.16,83.81,92.54,87.72,85.73,84.89,89.95,85.33,74.16,72.53,78.55,78.87,80.15,75.77,83.6,74.85,72.91,76.18,81.56,91.73,96.47,79.35,84.89,85.03,88.15,100.0,89.0,82.87,91.22,87.31,81.95,86.04,90.93,74.83,97.4,89.54,89.37,98.63,91.73,74.61,81.53,83.71,87.69,89.34,87.8,86.89,100.0,83.1,84.74,89.16,89.25,88.61,84.5,85.6,86.72,79.0,86.4,83.62,92.13,81.83,83.63,84.79,82.41,75.89,95.07,92.9,83.96,87.62,94.23,93.99,97.68,81.44,90.51,77.15,79.28,77.78,83.07,72.96,78.06,81.44,79.93,79.5,90.09,87.35,91.68,94.11,92.77,89.5,88.75,87.29,94.34,91.23,78.27,85.68,95.15,93.82,95.53,93.64,85.86,97.21,92.98,95.77,96.48,91.33,98.21,97.07,92.57,93.12,100.0,98.83,97.87,95.26,96.56,92.26,91.81,68.14,70.17,68.52,78.48,84.4,82.62,77.47,81.39,83.54,96.84,88.0,78.48,82.32,85.7,79.72,65.56,78.23,76.7,84.23,73.13,72.62,83.63,74.28,67.12,73.9,91.44,91.67,89.63,85.42,86.44,83.5,96.23,83.14,89.92,83.18,91.71,87.96,85.99,78.55,89.26,81.74,88.0,83.65,91.69,92.27,85.49,83.61,94.8,86.34,81.24,85.7,85.54,85.22,90.81,86.45,89.07,86.73,100.0,83.73,82.86,81.19,98.54,84.9,84.89,87.95,80.64,81.6,83.49,87.7,89.25,82.77,87.63,86.4,86.83,94.67,88.74,82.85,82.42,94.57,84.46,87.27,96.03,86.14,86.07,89.99,91.08,86.37,83.43,89.19,73.56,87.58,97.04,92.47,89.02,88.85,99.2,81.05,81.13,87.37,84.61,89.67,85.47,93.63,83.1,83.46,93.26,84.05,77.75,89.12,87.69,80.65,85.71,90.55,79.23,87.31,80.37,97.21,79.82,85.22,78.68,89.68,86.72,86.21,84.74,84.2,88.93,84.54,93.97,68.21,66.02,68.48,77.79,80.02,84.27,82.22
1040500009,Telkom University Jakarta,86.65,83.42,75.12,74.55,83.04,76.49,88.82,82.78,77.69,86.25,74.0,86.03,90.17,81.53,77.12,87.23,88.02,79.26,78.7,81.84,74.55,92.07,83.66,60.0,55.11,51.23,74.47,64.33,71.45,78.12,87.2,90.25,83.91,71.82,88.55,78.5,97.23,69.71,77.38,72.22,81.89,73.14,74.16,76.83,61.13,76.38,76.6,68.96,76.94,69.55,63.09,59.07,77.61,60.52,68.86,71.31,69.6,70.41,62.23,72.21,74.35,62.14,69.96,72.21,76.82,73.78,69.02,57.17,88.93,68.56,73.37,77.17,73.97,81.69,78.21,71.42,75.29,78.92,83.78,81.08,63.46,77.16,67.25,84.29,83.73,75.35,66.82,72.68,66.46,62.93,80.84,84.93,77.65,84.7,80.47,78.44,90.58,71.68,78.0,65.09,74.54,83.6,76.87,71.37,68.83,74.52,83.91,66.35,75.27,77.18,67.6,82.81,79.32,81.72,85.48,80.23,84.68,71.03,77.96,77.83,64.7,85.93,79.29,73.59,81.08,81.02,81.95,70.59,70.08,83.67,74.4,68.6,70.94,71.87,59.97,62.2,71.34,85.74,70.49,69.85,68.01,84.88,78.09,69.19,64.38,78.96,79.74,73.19,69.41,78.08,75.74,63.44,73.6,78.65,72.51,70.05,62.52,69.05,77.6,77.15,89.06,76.48,68.06,80.92,73.0,74.38,71.12,68.94,57.67,69.98,82.01,71.85,72.67,82.48,81.92,69.95,72.99,77.06,69.07,71.67,74.18,70.02,79.5,76.4,77.26,79.54,78.81,75.86,69.53,80.89,66.54,67.48,74.18,77.05,82.1,87.06,77.31,80.89,84.38,67.72,73.0,70.03,79.49,80.79,74.12,79.67,76.32,76.01,74.02,82.01,82.61,80.54,75.69,79.62,82.67,69.24,64.64,56.16,60.88,72.09,55.62,70.93,61.86,60.55,48.27,64.53,66.97,57.76,64.98,77.84,78.16,79.13,78.99,84.5,81.32,79.57,89.19,74.83,78.26,81.05,75.41,84.17,85.56,78.42,76.18,82.22,80.0,82.25,78.87,89.61,89.59,81.14,75.3,75.63,81.44,75.57,75.0,76.2,93.45,81.14,81.39,84.4,67.92,71.08,75.85,78.33,69.74,79.35,75.02,79.62,84.76,83.41,88.83,79.99,79.93,74.03,85.45,74.23,77.52,77.59,74.45,75.66,69.98,68.22,67.29,70.25,74.78,66.13,61.53,71.15,72.48,78.3,78.41,70.03,85.4,74.32,77.98,70.97,82.91,78.82,81.91,75.4,75.45,94.67,81.43,89.88,76.55,74.31,79.32,77.63,78.14,71.74,91.67,78.39,85.2,67.01,74.74,73.19,73.61,80.37,70.41,79.27,66.74,85.42,75.91
1040500010,Telkom University Jakarta,83.13,79.71,77.66,86.42,81.59,87.11,79.84,71.46,71.05,79.97,74.52,66.65,79.33,73.01,68.84,72.24,71.02,72.28,79.31,70.49,74.99,68.25,67.18,77.98,81.81,82.17,74.95,77.55,76.8,84.46,77.54,66.78,75.2,76.15,70.27,66.92,66.27,85.18,77.58,88.31,77.71,62.15,64.87,62.41,75.25,77.57,75.66,81.74,63.53,68.02,78.06,72.97,79.97,86.0,76.58,78.94,68.89,65.58,73.51,70.34,65.85,72.4,59.49,73.74,79.32,74.69,79.53,75.77,61.52,85.37,68.69,67.05,76.93,84.85,78.94,80.82,70.08,74.59,69.92,79.09,72.9,73.24,74.24,79.36,75.22,70.61,88.59,78.53,88.23,78.35,84.68,76.13,78.68,80.29,79.54,75.44,63.6,78.85,80.17,70.68,77.48,78.15,80.09,76.31,87.51,87.14,87.8,73.88,86.64,69.69,80.29,83.81,82.79,80.8,79.28,88.48,75.14,80.2,86.35,77.29,75.38,78.46,86.0,90.0,77.09,85.46,90.03,76.55,93.35,84.25,75.74,77.28,80.24,83.68,75.03,84.53,75.49,84.9,80.93,77.43,73.65,76.79,81.45,80.58,79.78,77.9,84.55,76.81,80.5,84.72,85.45,73.23,69.78,67.1,76.71,76.23,83.96,75.08,75.55,62.81,55.29,69.48,69.42,69.67,60.47,68.09,66.27,72.55,79.17,78.92,77.68,70.87,71.89,77.19,71.69,83.62,72.99,75.83,85.42,82.86,84.63,83.17,81.31,69.71,71.53,87.09,70.59,82.53,92.19,79.44,74.71,82.46,71.22,79.25,81.62,63.55,73.6,73.74,82.04,70.68,70.92,70.44,68.78,63.8,79.56,64.8,78.27,81.21,78.92,64.76,68.02,70.07,74.6,57.47,69.64,72.26,63.97,84.87,78.76,67.39,80.24,79.18,75.87,76.77,76.97,71.75,67.37,71.59,53.97,68.01,60.94,64.13,78.85,81.95,85.4,77.26,71.06,78.51,80.05,82.98,77.23,74.14,74.99,71.13,85.62,80.64,68.27,82.2,63.62,60.24,64.45,60.45,62.32,62.05,64.07,66.73,77.7,60.92,56.18,60.01,49.48,55.4,80.48,81.78,72.79,82.89,67.3,66.96,73.31,84.58,73.91,60.98,55.99,71.92,77.29,72.68,66.34,71.32,80.14,71.55,63.35,70.85,72.91,62.4,75.65,75.94,76.84,77.33,83.56,73.81,78.26,93.17,87.51,70.38,91.72,71.06,69.9,79.86,76.3,80.95,85.38,75.51,76.14,81.37,69.54,74.83,79.23,81.46,83.47,62.71,78.24,75.97,75.62,74.19,74.86,83.73,82.48,80.16,56.59,62.24,58.22,82.73,75.0,81.91,86.52
1040500011,Telkom University Jakarta,89.3,84.15,75.81,71.42,77.69,85.55,78.95,79.05,86.01,91.04,88.21,83.54,86.97,91.32,88.28,82.78,90.4,83.62,89.34,89.54,87.49,81.04,84.27,82.7,89.91,82.76,88.93,84.28,95.67,93.43,100.0,84.02,83.12,94.49,92.11,85.46,87.71,82.87,78.67,79.69,70.18,77.84,71.59,68.49,70.83,81.23,97.85,89.82,88.46,84.84,90.85,84.46,93.25,85.57,82.73,91.39,77.46,94.7,89.2,84.03,80.19,82.89,80.71,80.14,75.62,91.84,70.95,85.62,93.48,97.92,97.58,96.73,88.05,89.92,92.41,90.06,94.33,89.88,96.89,87.62,87.08,76.74,99.41,84.63,90.63,90.5,90.13,90.13,94.89,90.45,91.16,93.18,87.79,85.19,73.96,86.67,74.38,86.59,90.76,84.35,75.89,75.59,73.81,77.31,77.56,84.32,83.54,75.77,86.2,70.63,78.94,71.6,87.53,75.14,85.98,83.2,77.41,83.28,81.45,68.55,73.55,71.93,67.22,76.89,84.75,70.95,78.64,87.45,86.73,91.99,89.14,100.0,98.49,97.03,91.69,100.0,86.37,87.01,90.37,78.32,75.54,76.11,73.02,76.31,74.16,78.73,73.16,74.65,84.02,93.91,90.1,90.49,93.0,84.27,91.08,83.83,83.9,85.86,91.97,86.46,88.86,80.35,83.31,78.84,89.36,86.02,73.4,76.01,82.57,74.66,81.77,84.96,87.0,80.06,98.16,82.67,83.34,85.2,82.67,75.16,76.47,88.19,91.25,87.72,91.2,80.0,93.18,93.81,95.46,80.82,88.7,94.58,82.4,92.29,84.71,82.14,92.37,72.12,77.44,82.67,85.3,76.76,95.49,74.78,83.8,95.71,81.27,89.3,85.77,94.02,89.26,74.66,88.32,93.67,85.05,87.16,87.91,100.0,84.64,98.3,88.59,93.19,82.25,99.85,97.13,93.53,94.71,96.5,80.27,91.42,95.81,94.58,86.69,94.09,88.14,86.0,78.35,77.57,100.0,86.6,93.56,93.74,95.12,100.0,92.39,93.74,100.0,96.0,88.86,83.97,84.47,96.3,94.05,93.41,97.06,89.12,92.32,89.22,95.93,86.31,97.85,97.61,71.5,78.23,88.02,79.83,76.89,75.89,85.48,75.96,91.88,90.57,84.72,82.99,90.47,87.05,86.42,95.61,88.08,88.97,92.51,84.22,86.9,82.92,74.03,86.25,88.89,88.42,88.27,81.24,80.83,83.63,75.22,75.87,83.99,84.79,93.66,91.2,89.47,93.33,94.31,91.15,86.89,89.59,87.36,94.09,86.58,82.9,95.24,75.39,74.33,71.96,70.75,79.49,78.52,69.8,81.55,71.51,86.51,96.38,88.42,99.33,84.32,96.18,89.45
1040500012,Telkom University Jakarta,70.71,71.99,71.59,62.17,62.56,70.0,76.31,63.14,78.52,70.11,73.73,79.9,75.85,71.55,81.37,84.93,63.79,71.52,72.54,80.04,72.08,82.16,75.82,82.81,78.35,85.75,88.98,88.01,66.45,85.14,78.96,75.98,66.8,69.72,67.22,73.88,70.92,88.22,78.6,77.73,84.55,74.8,68.05,79.99,86.78,54.76,58.49,65.35,65.11,68.59,49.67,67.2,72.88,59.48,67.45,69.92,81.29,80.96,93.84,85.62,73.03,63.95,70.08,69.22,65.25,64.97,72.75,65.22,73.36,72.88,66.69,85.87,82.42,89.05,89.76,83.67,69.22,72.71,73.06,72.34,72.39,72.68,74.62,80.95,73.03,55.51,67.94,71.05,76.35,68.79,82.02,88.3,75.76,87.81,65.3,65.03,63.92,55.8,71.25,85.08,76.75,89.71,77.38,75.84,77.88,84.21,74.28,77.56,79.01,80.41,72.15,79.64,81.62,57.79,84.21,84.33,75.0,85.72,80.62,89.16,79.73,74.74,60.98,82.02,85.92,68.23,81.74,62.66,67.88,57.77,66.49,59.31,69.63,61.6,70.87,65.11,71.61,63.8,66.14,78.11,81.5,77.82,92.02,76.76,78.92,85.23,79.14,86.27,84.42,90.74,75.74,76.74,74.84,75.53,82.14,84.91,72.43,77.37,86.36,78.24,88.19,65.82,74.53,80.98,72.52,69.61,73.94,74.12,80.14,82.84,76.42,85.26,73.49,80.14,90.21,83.88,78.58,70.6,85.78,79.74,86.87,87.59,84.51,78.93,84.47,73.44,79.16,80.32,79.61,78.3,72.95,74.55,78.61,80.97,76.38,69.2,80.55,75.97,77.76,73.32,83.99,85.68,85.2,73.45,74.63,81.74,78.96,75.9,67.55,86.31,73.26,70.12,72.13,72.26,74.29,61.52,83.76,71.0,68.12,67.16,67.86,71.62,79.27,77.62,78.98,80.52,74.96,65.15,83.19,82.42,75.76,82.08,70.61,69.28,72.14,67.39,80.5,72.64,74.46,72.53,67.02,66.65,68.31,66.69,65.61,66.62,67.59,66.53,75.29,76.53,77.95,68.28,68.74,70.31,73.31,67.95,66.79,75.69,80.39,65.24,74.86,67.69,82.37,87.94,91.91,89.03,92.41,66.65,91.01,81.38,66.04,67.17,64.37,63.38,70.95,75.17,61.97,58.56,67.61,83.08,79.76,74.39,74.28,66.64,74.59,67.71,60.77,71.82,72.55,60.65,75.24,87.6,67.11,96.88,81.9,70.75,77.04,74.83,87.03,66.03,71.46,65.43,73.75,73.74,60.31,84.77,79.12,90.54,72.85,67.37,70.24,68.29,75.8,71.1,76.41,77.11,74.46,79.45,90.41,98.01,88.51,67.74,74.93,78.77,82.12
1040500013,Telkom University Jakarta,81.1,83.74,97.75,83.97,100.0,89.92,88.38,100.0,81.49,86.44,77.42,93.22,87.08,83.19,79.83,86.49,85.4,82.58,99.78,88.04,79.25,92.93,92.53,77.19,85.17,89.11,76.25,87.37,83.11,84.73,84.48,100.0,84.96,93.39,90.39,92.67,100.0,81.58,90.01,90.82,77.61,99.42,90.2,92.08,93.59,84.95,90.17,74.86,85.47,84.87,80.8,84.97,76.85,85.57,87.95,86.24,90.91,93.54,92.33,85.65,89.09,89.83,96.61,86.12,88.11,97.83,93.61,90.68,82.43,84.53,84.51,84.54,76.55,78.62,86.06,93.14,88.45,90.33,85.19,71.64,77.72,74.69,81.0,80.27,89.47,95.32,77.31,82.91,97.73,86.23,75.78,70.57,77.46,77.87,94.77,84.73,90.75,98.0,84.16,97.54,88.75,90.53,100.0,88.65,94.79,89.47,92.12,92.82,95.8,83.39,92.84,100.0,85.92,94.09,87.76,81.81,88.37,84.83,85.67,87.59,98.27,89.04,89.09,90.19,83.77,86.55,89.84,84.27,87.92,64.93,79.79,85.29,88.66,84.31,81.94,81.8,86.33,87.81,87.55,79.63,75.74,79.09,72.59,75.58,83.67,80.28,71.67,80.49,90.57,89.83,100.0,83.55,84.02,90.25,97.57,100.0,89.98,85.75,92.67,92.7,91.99,83.87,92.44,94.62,85.22,66.98,82.55,83.39,70.67,67.87,71.14,68.61,69.18,71.03,63.54,77.8,66.71,70.2,74.62,65.87,68.81,80.87,66.4,70.62,69.99,75.81,71.63,71.83,65.55,70.39,90.52,82.7,90.54,76.85,92.44,98.42,85.76,94.59,81.51,84.15,93.43,76.85,75.72,78.2,86.37,81.89,91.06,89.62,91.6,84.63,87.92,86.7,87.51,93.98,88.65,86.82,80.64,84.42,90.35,69.71,90.3,90.22,85.82,83.2,88.73,85.93,86.85,91.33,88.49,99.15,90.01,86.41,72.54,90.53,81.25,83.21,96.31,99.12,86.49,89.14,91.73,83.28,94.88,84.33,88.11,83.93,70.76,89.44,88.05,94.66,73.38,84.09,78.11,93.64,86.31,84.76,89.04,74.44,80.15,75.63,88.08,81.74,81.09,73.71,82.62,95.07,76.97,86.24,100.0,90.77,83.05,83.02,81.55,91.69,74.9,94.24,82.62,79.45,79.49,89.93,92.47,85.73,83.49,90.89,91.05,79.67,79.88,87.11,88.8,91.3,76.2,83.29,88.65,85.23,81.82,91.88,88.88,88.67,84.7,81.93,77.58,90.32,82.36,90.13,81.41,78.86,81.51,89.13,74.66,84.79,80.89,79.95,87.41,77.57,86.48,81.06,89.27,83.15,87.87,76.44,84.19,88.74,100.0,91.83,88.59
1040500014,Telkom University Jakarta,71.07,69.03,76.78,66.06,74.73,76.43,72.48,76.19,75.08,75.22,79.05,71.23,75.61,66.05,67.6,73.73,73.02,80.8,71.39,67.91,85.83,74.63,75.3,70.76,81.75,79.5,76.57,78.58,82.23,74.53,75.82,91.2,75.32,85.12,74.17,84.79,70.4,82.09,75.0,85.15,82.35,56.56,66.37,55.15,62.54,75.43,74.21,76.85,78.37,84.06,76.8,79.66,75.79,93.16,72.73,82.31,67.8,72.36,70.08,77.86,80.35,87.53,76.49,76.67,87.72,79.4,80.28,83.52,75.58,95.72,84.55,88.86,80.77,81.38,72.11,72.55,78.01,78.74,77.1,65.27,71.23,73.7,76.48,72.9,76.15,70.66,82.94,73.13,96.19,70.08,76.53,75.82,68.71,65.75,70.68,66.85,69.8,62.55,73.31,72.16,68.85,79.59,83.94,72.74,84.52,82.5,83.54,69.65,66.21,70.99,76.43,76.55,85.09,70.71,76.02,65.23,77.97,79.23,65.55,86.59,65.98,80.93,82.67,73.5,78.4,67.19,66.75,80.03,84.28,74.91,80.86,83.07,67.64,64.56,77.88,78.57,72.46,57.33,78.71,60.01,65.72,64.28,65.36,77.71,70.07,71.35,64.71,73.63,75.78,77.01,76.84,75.63,76.87,74.9,83.67,80.33,75.7,69.33,80.67,80.02,67.74,88.59,77.61,61.49,77.53,72.61,84.49,82.23,74.57,82.26,78.95,84.19,75.08,59.27,75.16,92.25,84.81,81.23,80.59,74.84,82.28,78.11,76.52,78.4,85.35,74.24,92.61,74.71,72.79,78.75,73.77,80.35,71.04,77.19,72.27,85.33,83.15,85.31,84.48,69.89,60.23,78.57,66.04,67.97,77.7,69.92,62.13,68.77,62.65,78.49,78.6,68.77,72.97,65.75,69.0,66.84,62.66,74.96,78.5,66.9,66.29,74.28,71.2,68.76,80.21,83.38,75.71,78.74,81.3,69.79,79.19,75.16,73.61,72.11,76.8,75.39,69.63,77.94,94.01,80.75,80.2,78.1,88.25,80.48,83.0,76.78,76.48,74.88,75.9,76.85,80.91,71.66,81.02,78.01,69.01,71.78,83.68,72.36,64.05,71.74,71.67,65.89,86.41,79.15,89.03,83.75,85.31,83.49,77.5,80.83,68.12,66.78,75.22,71.22,73.19,82.06,75.5,69.82,73.3,74.67,69.04,68.27,75.35,68.29,77.63,67.49,69.04,68.9,80.19,73.08,78.58,65.73,68.58,67.02,58.68,60.34,66.12,74.45,64.13,68.23,77.23,75.56,65.73,71.73,72.92,63.99,57.74,63.3,64.31,69.59,71.31,69.21,73.86,67.75,70.5,64.2,66.87,60.97,64.0,70.16,70.54,81.17,68.96,78.9,87.87
1040500015,Telkom University Jakarta,71.73,87.9,82.34,86.16,77.35,81.4,78.66,75.39,74.42,77.41,91.24,64.12,64.39,67.94,61.99,67.52,68.5,71.86,73.41,56.94,75.02,69.63,68.95,54.47,66.06,72.91,58.21,78.03,71.01,73.8,72.71,64.31,68.26,67.0,84.87,81.35,71.6,77.27,78.09,81.01,88.3,76.45,74.49,69.44,77.05,66.25,74.42,74.1,76.43,72.77,78.52,74.6,72.82,81.54,76.14,79.8,77.74,65.83,72.89,85.38,67.85,82.38,75.43,71.44,84.46,75.16,74.23,80.4,72.95,72.6,65.19,86.53,62.32,69.89,72.98,67.4,79.46,72.7,67.22,66.27,69.04,73.33,74.67,67.11,68.97,75.24,72.44,72.68,71.28,63.66,68.18,63.84,73.36,66.67,57.64,71.86,68.51,62.19,71.28,70.18,68.04,68.48,69.15,73.44,61.85,68.27,74.0,65.81,60.14,78.87,72.95,65.26,70.76,71.39,72.84,76.55,72.9,68.66,71.48,64.27,57.43,71.89,64.1,72.93,54.46,76.63,79.97,71.37,74.18,70.79,71.07,73.79,74.89,79.56,77.46,74.5,75.53,65.07,74.84,63.07,60.47,70.26,68.41,67.28,58.06,62.47,65.74,61.07,81.35,77.27,79.62,90.55,85.14,86.48,91.61,88.12,78.27,90.52,84.42,66.88,63.84,65.96,61.35,73.41,71.08,82.17,74.39,80.9,79.64,81.1,76.11,78.88,89.01,83.79,91.16,80.51,84.9,75.13,78.57,71.46,63.71,85.54,78.7,90.96,78.31,82.96,92.28,83.24,71.37,80.4,69.23,76.96,82.28,81.79,81.88,78.93,76.69,70.24,80.88,80.21,78.48,80.96,87.57,90.58,70.47,76.0,71.86,66.53,82.74,84.67,79.7,63.36,78.32,76.09,85.93,71.48,69.27,72.51,65.62,68.74,80.91,66.84,73.79,73.66,66.47,55.98,72.86,74.82,74.38,79.19,71.58,81.21,69.82,77.43,84.87,78.31,85.54,92.32,79.32,73.22,82.58,80.86,87.68,66.01,67.63,69.87,59.57,78.24,71.41,91.78,83.05,75.53,86.73,79.2,79.75,88.82,76.74,69.24,79.41,74.34,72.94,85.77,85.62,84.88,71.3,82.36,71.1,91.96,75.99,71.47,80.94,79.01,79.24,82.47,71.51,88.01,81.19,92.27,72.27,84.19,85.27,82.32,66.44,63.88,72.77,67.27,65.59,80.45,72.14,61.35,67.49,82.55,64.28,72.6,69.5,65.27,64.55,65.98,58.74,69.55,87.48,79.52,83.15,66.88,84.59,74.58,72.39,66.07,79.36,74.02,67.75,74.88,72.17,67.88,78.81,72.88,74.97,81.29,74.83,86.15,79.39,65.39,72.18,67.37,63.68
1040500016,Telkom University Jakarta,83.72,85.34,86.49,82.58,81.08,84.87,85.11,79.21,84.49,87.03,90.66,93.52,90.91,93.58,92.47,94.07,87.42,93.08,91.23,92.57,88.5,86.07,87.08,82.85,75.43,76.46,83.36,79.76,89.47,86.33,91.01,82.92,90.58,90.76,87.76,92.99,86.75,77.71,79.0,80.39,73.91,95.47,97.41,83.79,100.0,75.89,77.65,67.33,80.08,93.13,84.94,68.38,85.44,89.47,78.94,90.86,71.58,64.58,78.25,74.82,70.08,69.74,73.45,85.96,89.17,94.14,93.98,86.81,88.41,81.32,95.82,94.52,80.38,87.56,77.71,98.63,68.36,77.63,83.49,73.38,89.14,79.58,78.61,77.06,90.25,86.44,78.52,77.68,71.77,79.86,68.69,83.37,92.94,83.23,88.57,76.62,70.8,85.33,78.88,77.45,91.09,88.79,94.76,84.36,77.52,88.23,92.91,76.99,86.43,84.21,87.05,81.97,85.37,83.97,86.93,85.78,79.25,90.79,88.92,82.91,90.36,95.45,87.11,83.7,81.44,70.55,92.01,82.48,78.58,90.62,86.75,85.65,78.43,69.8,87.1,78.57,77.76,85.76,74.72,82.06,91.9,96.79,95.69,84.47,88.5,91.84,79.25,85.71,92.87,86.86,81.21,85.53,86.02,95.68,83.0,91.02,86.8,92.11,62.83,64.68,59.91,75.65,76.9,70.78,76.04,81.79,82.01,76.7,83.0,85.56,76.3,82.14,84.51,80.2,84.99,82.8,94.4,76.02,74.05,90.4,72.53,81.86,85.79,72.65,94.02,89.39,72.28,82.42,90.97,91.88,94.26,89.81,78.71,92.09,92.95,87.5,88.19,89.11,93.9,84.9,99.13,88.21,85.63,86.22,73.79,93.43,89.64,89.06,85.83,93.86,88.77,85.32,95.34,78.43,97.18,83.1,81.38,70.66,87.19,87.63,80.7,78.8,77.35,75.53,84.4,87.33,78.48,83.48,85.31,82.51,68.41,84.31,89.37,85.16,89.17,87.62,87.0,83.44,90.8,90.96,79.0,86.94,86.73,87.26,85.25,87.89,79.06,77.44,87.86,84.66,88.17,89.29,99.22,78.75,84.64,90.6,80.95,80.95,97.7,96.92,89.89,91.2,76.5,82.71,73.99,81.82,79.18,75.89,76.4,78.29,86.87,82.25,93.48,91.83,92.09,87.48,77.52,86.17,84.61,70.81,76.3,86.38,68.27,85.32,74.9,86.86,85.59,76.21,77.56,80.73,73.7,91.72,95.91,93.6,86.4,76.75,85.35,85.77,78.24,76.23,74.16,75.76,68.81,73.71,65.08,85.01,86.2,86.7,82.39,97.03,87.68,98.25,87.91,81.98,82.43,100.0,91.63,87.81,95.75,91.4,97.67,92.12,86.13,84.9,81.27
1040500017,Telkom University Jakarta,57.96,60.64,51.72,52.25,52.27,67.26,59.26,56.95,61.3,59.28,50.56,56.56,60.03,61.51,52.77,56.64,61.69,59.56,54.38,52.18,60.49,52.02,66.19,65.01,61.65,52.78,56.23,62.92,57.55,44.99,51.91,54.88,48.12,52.07,57.2,63.69,49.7,56.01,55.85,57.14,62.82,54.91,62.51,46.63,59.77,42.53,66.58,65.51,65.58,48.48,46.18,67.25,47.47,51.61,48.39,56.01,46.91,56.47,64.97,57.49,68.98,66.18,68.29,51.67,57.5,62.85,68.46,54.78,49.32,57.08,54.0,59.99,57.23,56.06,46.97,53.26,59.15,47.14,48.51,63.84,53.18,55.42,62.81,60.62,69.92,63.3,58.25,67.87,46.23,59.8,51.26,58.7,45.3,55.5,57.03,54.99,53.09,60.53,65.24,67.95,60.63,52.79,64.99,48.66,52.87,61.35,58.97,50.45,53.15,56.91,56.13,53.71,57.53,57.32,59.16,44.47,55.21,62.59,59.99,53.97,55.15,63.08,58.03,55.16,57.89,61.06,64.84,63.41,49.43,46.72,47.6,49.92,62.6,49.86,58.34,60.43,74.02,56.57,56.61,38.94,60.81,57.83,54.66,54.54,57.53,55.4,52.26,53.62,61.61,60.06,58.75,66.7,61.64,51.09,78.6,52.13,75.43,62.58,50.53,52.66,46.51,49.1,47.48,60.18,60.52,58.02,62.38,57.63,57.35,56.8,60.32,69.44,54.71,57.96,60.07,50.26,52.3,48.93,45.08,42.03,48.43,46.2,55.69,60.77,56.7,56.08,58.89,57.72,56.1,46.95,60.76,62.18,67.87,70.88,53.28,69.3,53.48,51.51,59.58,59.93,47.96,67.37,61.37,61.33,56.56,57.64,57.81,42.44,59.05,54.17,57.7,58.24,60.62,52.88,65.11,49.8,60.41,49.03,45.48,51.28,47.7,39.2,38.68,51.81,40.98,66.83,58.38,46.36,62.29,61.58,60.61,62.35,75.87,60.05,58.01,57.11,64.73,65.37,64.2,61.43,53.66,61.57,53.27,75.47,66.19,58.76,64.48,68.1,62.96,47.51,57.68,51.98,52.94,50.46,49.33,58.71,55.62,56.26,64.54,48.43,58.99,56.17,55.56,60.89,58.88,54.09,63.29,64.91,59.24,68.26,41.04,58.62,43.96,54.68,50.5,50.15,38.73,56.25,39.67,62.82,67.06,64.15,50.29,48.83,40.77,52.89,51.89,46.86,53.0,54.36,57.22,49.06,46.86,57.35,60.67,62.26,53.78,57.77,57.36,59.69,51.14,54.9,60.66,59.93,60.21,70.87,58.89,61.67,66.29,58.45,65.23,47.03,60.16,66.82,53.19,43.64,55.1,47.33,61.09,69.7,69.05,53.57,63.58,65.04,53.01
1040500018,Telkom University Jakarta,62.51,69.52,77.99,69.58,54.95,64.91,63.99,76.23,71.42,78.91,62.88,71.37,74.21,75.03,69.9,80.16,79.41,61.63,63.21,72.99,75.09,73.14,87.5,84.5,80.31,77.11,82.63,82.36,85.14,66.74,68.41,64.33,67.76,76.22,78.15,74.7,67.14,80.04,78.29,84.82,85.9,78.61,84.65,75.3,69.88,76.15,82.3,72.25,57.55,66.67,71.93,65.93,69.9,61.75,74.47,76.61,84.3,77.4,88.85,66.52,83.62,80.48,74.44,76.68,62.53,74.12,78.62,74.65,83.06,86.71,83.16,90.18,80.13,79.6,79.18,72.03,54.14,60.69,71.71,74.68,81.56,79.72,65.37,60.7,67.38,68.31,70.26,83.24,82.45,74.98,75.21,89.08,86.71,84.16,83.32,78.96,72.49,72.58,68.65,62.84,65.66,76.63,79.44,73.36,67.96,78.47,71.03,71.68,73.91,79.22,72.08,75.62,72.6,63.67,69.8,78.74,75.2,76.93,74.69,74.93,60.48,73.9,72.91,83.29,77.7,77.57,83.79,83.74,74.96,91.26,79.8,74.03,77.94,71.05,82.85,81.45,80.88,91.33,75.34,80.64,74.82,71.35,73.48,86.38,81.23,73.94,81.75,75.72,79.11,73.66,68.46,70.39,79.47,78.16,81.35,77.99,74.4,80.87,87.88,87.64,74.64,75.41,89.23,80.6,85.33,83.44,88.58,79.62,89.0,81.24,85.5,89.3,80.09,69.37,87.01,77.53,68.71,74.95,77.1,79.6,87.23,82.03,71.79,77.58,84.91,84.53,76.33,88.76,80.49,79.45,64.05,69.49,73.16,53.32,70.82,71.64,80.84,75.72,76.45,80.85,73.79,74.74,91.25,78.47,63.6,68.0,67.58,59.36,78.94,70.12,61.84,69.29,56.09,60.6,62.31,65.58,64.51,61.95,78.0,63.64,71.08,62.16,80.35,60.69,81.64,66.23,68.47,59.27,74.98,77.18,77.21,75.31,70.98,85.87,74.46,85.8,79.15,90.35,70.42,61.16,74.26,61.83,73.37,75.61,86.09,80.37,80.51,82.47,66.62,60.21,67.79,65.6,60.54,52.04,64.37,65.06,72.84,67.59,65.52,60.18,72.88,55.5,71.29,81.61,78.64,76.9,75.21,73.81,90.4,80.65,80.13,77.04,77.72,81.09,76.05,87.21,79.25,81.03,79.29,68.7,81.05,90.51,73.78,74.1,81.36,70.24,71.16,72.8,73.94,69.63,70.25,67.16,71.71,77.41,74.85,79.4,88.21,81.43,87.05,93.9,72.66,81.72,79.17,80.31,81.66,65.24,71.08,66.99,58.41,70.13,67.95,72.0,68.83,80.02,81.99,75.06,71.75,75.33,73.48,72.33,68.53,78.22,69.46,62.73,65.94
1040500019,Telkom University Jakarta,89.68,83.74,89.99,82.65,88.5,79.2,82.24,77.67,82.96,89.26,80.51,79.8,95.23,89.4,87.0,86.16,93.4,96.66,85.26,90.42,94.6,83.81,83.54,76.65,70.61,76.35,84.49,82.58,94.62,97.81,94.92,96.83,97.54,82.81,89.7,87.81,89.11,88.21,76.16,84.87,77.63,79.62,87.63,90.59,79.36,75.14,80.5,74.41,71.09,72.74,76.13,72.17,67.52,68.05,76.4,70.28,93.65,95.05,82.31,94.61,87.21,72.32,79.26,76.96,86.02,92.53,84.84,90.66,83.15,80.38,69.85,81.32,81.36,95.83,86.38,86.1,92.28,88.23,89.73,74.59,85.36,81.42,82.23,99.39,86.71,100.0,95.05,76.76,74.94,80.09,88.38,79.72,84.72,80.24,78.18,79.67,83.76,95.29,73.69,70.34,67.45,84.62,91.32,89.74,81.64,81.98,86.39,90.61,91.45,83.38,79.47,91.76,93.95,81.74,71.9,80.71,83.46,92.34,90.31,80.06,100.0,94.24,80.84,80.48,93.95,76.0,80.71,82.81,87.51,83.82,84.28,80.93,94.09,92.75,93.3,87.34,80.25,85.04,88.35,86.67,95.38,91.94,86.78,79.47,86.75,99.29,90.55,91.72,78.1,91.87,88.37,81.18,84.13,84.06,92.75,95.91,85.22,92.99,88.11,92.36,88.55,96.97,86.72,96.55,93.67,84.24,88.06,84.74,93.91,71.48,83.92,87.63,81.8,74.43,89.92,67.65,80.13,77.04,96.51,75.73,71.28,74.52,84.97,93.49,76.16,76.95,78.51,85.91,76.84,82.74,72.49,73.96,72.45,78.47,77.1,91.0,72.83,83.71,84.17,88.17,75.65,87.36,84.12,86.94,91.27,100.0,97.37,89.37,92.56,95.82,98.32,96.96,100.0,80.58,87.41,75.76,87.88,74.17,78.06,80.87,93.94,83.1,86.96,74.18,92.77,74.37,77.16,78.32,90.71,89.46,85.69,84.22,84.94,92.04,90.36,85.04,94.14,79.31,86.47,85.39,85.74,94.92,93.09,71.39,91.43,71.19,87.77,83.96,90.9,93.74,97.38,82.82,97.4,94.89,86.16,96.76,86.82,90.81,87.77,93.87,97.45,87.15,71.5,78.59,78.97,74.97,70.48,81.44,74.96,75.97,97.46,81.65,92.93,93.07,85.53,87.36,87.62,87.5,83.18,92.46,79.38,100.0,73.77,81.63,76.71,88.15,68.67,79.61,92.53,73.35,83.73,80.61,78.95,79.24,75.02,91.15,89.01,97.83,87.53,83.98,96.68,82.19,96.89,87.16,95.45,92.16,77.48,79.32,87.22,85.31,86.56,80.58,79.94,76.25,86.49,81.96,86.0,75.7,95.1,78.16,83.94,91.4,86.14,99.08,98.2
1040500020,Telkom University Jakarta,81.63,91.8,83.68,83.66,81.17,84.93,92.3,80.55,87.86,82.64,91.19,88.67,89.61,95.12,95.51,84.5,93.83,83.51,93.4,84.13,100.0,88.39,85.62,83.89,82.6,81.73,82.72,77.93,92.13,78.41,84.87,79.46,89.5,84.8,89.06,81.26,81.48,97.84,85.73,91.96,90.6,89.27,88.68,87.1,100.0,82.53,79.06,84.42,89.52,71.11,78.28,87.19,76.52,81.73,80.78,84.92,94.63,98.82,96.81,97.88,94.93,84.99,96.93,85.0,87.31,77.7,86.62,93.02,81.93,84.21,76.56,86.4,79.93,76.89,95.62,100.0,89.76,97.39,100.0,89.82,83.82,78.35,79.88,74.16,75.96,77.75,93.76,86.09,94.62,95.76,76.96,81.93,74.85,80.71,91.51,70.3,86.0,83.59,97.72,82.36,93.32,83.63,92.35,89.5,87.13,85.54,85.42,90.7,82.64,80.09,95.8,100.0,83.52,91.12,75.79,86.83,94.71,100.0,87.39,88.87,89.48,85.83,78.41,97.87,90.77,80.0,80.47,89.9,75.62,78.43,85.13,87.79,78.02,69.9,82.81,85.32,75.22,78.7,81.73,84.93,89.67,80.51,83.57,85.64,83.92,89.12,90.17,87.94,88.39,80.53,76.3,95.16,83.0,92.12,87.4,78.4,75.09,77.06,83.3,69.59,70.78,78.5,77.4,86.45,75.24,88.44,87.69,78.57,75.73,78.31,69.57,86.1,85.62,78.13,78.24,80.29,78.44,84.65,91.04,76.03,78.53,82.89,81.1,70.35,84.65,81.3,81.61,73.02,89.94,85.5,66.99,84.37,70.45,84.92,89.19,93.83,86.96,88.48,82.52,87.02,99.94,94.68,93.64,97.46,84.42,95.29,86.9,75.56,100.0,84.26,84.56,90.84,70.64,80.6,85.88,73.76,79.42,74.13,88.3,86.67,73.36,70.54,76.53,71.98,82.13,70.38,73.54,88.85,70.51,74.96,77.81,90.02,78.57,70.73,76.31,79.09,88.63,62.53,90.87,87.17,90.35,89.92,78.54,94.7,79.87,97.8,76.77,94.09,80.08,88.33,100.0,85.54,91.64,88.4,86.64,92.61,84.87,85.43,96.67,90.36,80.68,89.56,87.27,87.82,93.87,84.52,86.04,92.22,97.22,91.62,88.64,85.62,82.07,77.11,78.82,83.64,87.54,83.41,94.75,73.71,80.84,75.55,90.28,92.93,93.05,93.26,95.42,95.52,81.99,97.06,92.6,96.0,90.71,79.92,92.14,76.66,85.27,74.29,68.74,72.03,84.98,89.38,100.0,95.66,95.17,82.91,85.26,72.11,78.61,87.47,81.06,89.61,92.83,85.78,66.6,91.31,70.24,78.67,100.0,87.33,90.22,89.07,83.19,89.73,76.71
1040500021,Telkom University Jakarta,68.33,59.8,55.76,54.81,55.66,58.34,51.62,59.56,78.21,67.1,67.43,66.76,68.55,64.61,68.42,55.23,70.07,63.23,62.58,60.22,57.87,58.92,60.08,51.13,59.18,49.59,43.47,39.88,53.05,47.19,57.35,44.08,53.9,49.28,60.73,49.57,56.9,49.32,50.81,47.08,51.2,51.57,50.02,55.86,67.65,50.38,50.36,53.91,54.24,55.63,68.64,42.85,57.86,43.16,62.39,52.94,41.14,58.23,56.54,48.74,71.94,56.47,57.6,63.25,42.89,55.44,46.58,44.43,61.09,63.3,61.5,67.27,67.04,53.94,54.22,51.56,56.17,65.45,54.42,63.28,63.8,58.79,66.12,54.36,56.22,55.32,55.65,46.27,41.78,53.9,70.78,68.15,62.4,81.07,52.79,61.24,52.49,56.81,65.29,53.36,51.24,56.73,60.9,50.56,61.68,57.54,59.99,52.72,45.32,56.79,51.95,50.38,53.05,57.39,56.56,53.37,53.48,51.97,49.24,44.91,58.96,53.68,54.24,53.47,53.6,65.66,68.92,65.33,58.84,66.7,58.96,65.58,67.62,61.94,69.5,60.35,67.66,56.79,55.16,54.38,56.19,54.02,49.56,45.71,52.98,51.92,57.15,46.53,63.24,61.09,61.84,52.23,70.48,54.58,58.69,54.3,65.95,55.87,45.02,50.65,43.28,44.0,54.28,51.9,51.04,42.9,52.69,46.75,53.75,43.2,52.95,64.06,70.02,54.52,45.17,66.12,61.19,58.23,54.06,50.35,55.13,65.73,64.85,54.26,65.95,55.91,48.71,56.42,54.19,60.85,49.71,52.08,69.69,59.99,55.03,44.34,49.48,53.11,53.85,54.4,53.37,51.58,54.51,58.81,69.68,68.35,46.93,62.04,63.04,69.73,64.66,61.35,58.85,63.14,53.4,51.16,63.93,51.46,50.34,64.23,58.37,47.98,62.0,60.52,52.74,64.58,48.32,57.25,50.46,66.43,49.85,57.98,56.07,49.94,48.59,48.52,55.59,61.25,66.46,71.14,54.0,64.15,62.67,57.04,53.76,69.12,51.49,61.41,53.48,49.34,54.34,55.05,56.74,57.42,52.31,56.56,49.08,64.89,52.85,57.68,59.2,60.69,48.76,47.53,59.41,57.31,46.34,61.25,55.84,55.1,58.2,46.52,73.61,46.12,41.26,56.77,58.32,56.21,62.5,45.25,69.32,51.77,57.43,67.02,68.43,65.11,66.65,56.9,58.49,58.02,59.76,41.56,59.16,56.9,51.31,46.87,50.01,45.33,54.31,56.53,59.29,55.6,58.88,52.29,56.11,56.63,57.47,44.53,55.81,66.64,49.74,64.79,57.2,53.36,36.43,47.05,55.36,46.91,49.22,60.3,59.94,58.15,55.54,62.78,56.16
1040500022,Telkom University Jakarta,53.06,62.38,64.4,59.91,81.04,48.12,58.67,60.84,50.02,47.32,49.53,52.3,51.17,51.41,55.18,59.25,48.02,46.1,44.0,52.94,51.99,54.94,44.27,61.26,52.17,60.44,56.09,68.07,61.44,62.83,55.33,68.77,55.76,63.11,61.86,62.87,69.16,63.16,59.73,63.62,66.45,45.13,49.78,43.97,57.49,49.83,61.0,63.47,56.08,59.65,58.46,47.93,64.0,66.64,47.26,55.06,55.67,58.54,66.85,49.43,61.88,50.8,57.52,56.65,67.8,52.96,63.99,59.2,51.86,63.95,60.99,69.98,53.66,57.04,51.41,54.35,55.15,53.06,53.67,48.12,53.95,40.18,56.34,72.99,66.66,61.56,49.11,62.07,61.06,56.59,49.14,44.17,59.58,54.5,55.47,60.56,61.34,60.83,42.05,55.55,46.51,63.19,61.32,62.11,61.53,63.81,68.67,70.28,60.22,64.73,65.86,57.6,63.32,66.09,71.38,72.41,60.71,75.52,60.65,66.87,62.17,72.32,67.66,62.67,65.86,71.8,68.43,53.27,66.29,67.1,63.99,52.98,66.4,55.21,56.04,46.85,49.66,56.4,68.74,50.48,54.32,46.84,48.54,39.43,53.75,40.67,54.52,50.2,62.7,60.29,60.18,61.89,66.42,78.72,65.0,59.47,73.43,55.14,60.43,71.15,66.47,55.0,60.23,65.07,62.76,51.96,50.81,41.86,65.16,62.7,66.57,61.96,58.36,47.77,62.18,57.42,63.37,64.45,63.54,57.44,62.8,56.27,77.9,67.89,57.69,68.21,57.99,57.35,67.19,68.57,62.6,63.78,69.88,61.22,54.3,60.08,63.29,56.59,61.04,66.79,54.88,57.89,55.55,61.55,58.28,41.11,57.63,54.5,56.55,56.84,62.35,57.63,44.09,43.53,54.56,59.42,43.46,58.0,54.9,50.71,62.67,52.13,56.86,61.27,64.56,55.16,59.84,60.29,66.05,54.34,62.88,59.46,53.45,59.66,58.89,50.79,63.36,63.56,67.05,51.3,65.77,66.12,57.0,54.55,58.34,50.01,56.91,52.38,47.46,56.75,65.57,54.56,52.25,64.5,60.77,61.25,55.55,56.52,66.58,48.63,64.8,61.33,67.05,47.27,59.64,54.16,67.16,64.29,58.58,58.96,60.03,65.16,57.37,63.63,51.49,56.36,59.13,59.56,57.19,57.37,51.16,44.94,64.58,59.48,60.07,56.88,50.47,56.42,47.35,41.39,48.25,52.4,63.68,65.59,68.52,65.95,59.76,68.62,55.35,55.66,63.31,51.36,60.62,64.0,67.14,45.42,55.12,48.85,51.84,46.36,68.8,62.96,65.96,52.36,65.15,55.29,55.44,57.85,69.46,51.44,61.89,60.13,65.4,72.34,61.76
1040500023,Telkom University Jakarta,83.26,78.18,83.67,78.28,77.49,80.78,82.24,73.01,78.99,77.57,84.77,78.6,80.06,72.53,78.79,77.04,78.43,78.8,79.83,82.53,74.88,84.57,75.14,75.27,73.2,76.64,81.79,76.47,72.91,81.64,72.83,83.26,70.54,70.41,81.57,77.39,77.65,78.33,80.79,77.59,79.4,60.75,69.03,68.15,61.05,74.53,81.32,83.99,76.29,78.15,60.37,70.33,76.38,84.82,74.11,73.04,73.26,64.25,76.55,66.32,73.09,85.04,86.3,72.92,78.06,88.3,88.53,86.02,69.27,75.9,86.71,80.8,87.26,81.27,74.66,76.09,78.12,69.6,63.4,78.61,78.6,87.91,82.64,76.1,84.56,75.93,62.51,71.16,78.08,68.09,70.1,66.28,63.12,67.02,87.16,81.41,75.73,81.5,56.17,64.42,57.43,71.04,82.17,85.36,84.01,84.8,98.63,81.89,81.81,89.95,73.51,84.86,85.1,81.27,84.19,89.21,84.07,75.97,79.5,71.22,99.84,83.92,67.8,75.25,77.2,78.67,87.09,73.7,76.34,66.72,67.22,61.26,67.83,75.96,77.57,82.21,72.62,72.9,73.84,75.85,66.85,66.11,74.27,63.65,58.65,69.99,72.66,70.93,77.11,67.13,76.71,75.07,74.68,66.64,73.32,58.77,68.21,67.55,79.58,70.69,71.66,74.26,71.19,74.53,86.59,78.2,90.8,81.59,80.89,89.85,92.57,70.01,86.11,76.29,82.61,78.13,72.59,82.49,79.68,79.84,82.28,84.82,70.83,78.95,76.45,80.54,82.73,80.02,74.45,82.76,65.38,71.8,77.01,68.19,71.03,62.52,84.08,83.13,77.08,67.29,59.52,64.44,61.84,63.34,79.26,75.45,69.21,81.61,75.89,75.08,66.38,77.0,79.16,93.63,80.89,78.75,83.12,81.28,86.46,75.44,89.76,77.14,77.96,86.41,80.42,72.06,77.3,76.88,68.79,71.38,68.48,70.64,78.83,72.23,78.53,60.55,75.98,73.77,71.33,73.72,71.23,77.91,79.76,75.95,88.15,79.55,77.71,73.25,76.2,71.44,80.58,83.4,81.61,75.96,71.97,72.03,58.51,77.47,68.75,77.21,83.22,72.33,76.7,77.85,81.89,75.5,70.5,76.63,79.5,67.84,62.52,69.18,75.37,71.77,60.19,75.06,83.05,65.29,72.35,71.68,85.29,87.9,72.2,65.61,72.39,74.13,75.27,72.29,76.56,66.33,73.51,77.05,83.92,85.63,79.57,54.49,63.06,70.95,68.16,60.93,69.79,65.33,74.82,65.63,65.99,65.41,62.95,73.62,68.06,73.69,87.2,79.08,76.22,75.76,69.97,79.76,76.12,78.15,86.82,84.34,81.53,62.97,58.02,79.64,66.55
1040500024,Telkom University Jakarta,87.69,89.86,89.71,91.26,88.66,100.0,91.54,88.99,76.42,85.13,90.67,92.29,89.03,86.19,92.51,82.93,80.02,83.97,88.1,97.63,85.21,86.67,92.37,93.07,99.0,92.66,85.37,80.68,85.92,87.05,90.53,93.02,94.83,94.15,95.28,94.76,88.7,79.4,86.83,75.0,87.62,82.65,97.41,86.78,89.36,85.73,76.1,76.32,80.79,71.8,87.71,91.87,88.25,71.65,85.35,93.22,90.39,93.48,100.0,93.3,95.44,94.88,93.19,100.0,78.37,84.83,78.66,76.33,74.88,83.38,94.99,93.11,83.73,81.27,73.07,77.33,86.84,99.4,96.25,80.44,87.59,72.75,91.93,85.09,92.62,99.96,67.16,61.38,70.2,68.08,71.9,80.62,74.17,71.66,91.26,87.05,96.9,95.25,84.39,86.72,77.95,90.08,87.97,86.17,86.9,66.3,91.89,96.08,76.23,84.29,96.17,78.73,90.71,89.69,73.35,75.73,98.07,90.03,93.1,86.11,90.14,83.33,84.89,80.33,85.71,93.59,91.06,97.32,100.0,89.25,98.73,88.68,86.42,89.46,86.1,98.38,100.0,98.95,88.93,76.21,70.34,74.91,68.36,66.56,66.9,74.25,83.23,75.22,89.47,90.78,80.33,83.12,90.08,100.0,81.95,93.99,92.77,85.58,79.17,80.34,74.53,84.05,71.96,82.57,69.08,80.45,86.33,87.2,90.48,83.92,79.47,84.16,82.58,89.05,93.36,88.96,88.02,90.0,81.22,92.77,83.43,87.81,98.13,80.51,78.26,80.55,88.41,85.69,88.35,83.6,95.92,84.06,86.29,85.01,84.88,87.25,91.43,82.37,83.68,89.84,70.03,86.6,83.95,76.76,90.64,90.3,81.06,93.07,91.6,86.11,83.39,89.37,86.55,80.61,88.62,74.6,74.55,68.96,65.42,80.63,69.77,78.28,65.8,56.19,83.73,68.16,70.48,63.77,86.09,85.18,94.39,95.06,71.8,73.2,79.1,76.2,88.1,73.99,76.97,92.96,89.2,68.46,81.97,77.2,82.7,81.26,81.01,98.31,95.23,86.61,99.87,100.0,80.71,81.21,92.29,100.0,85.53,89.4,86.24,89.24,86.94,83.38,93.72,98.92,89.55,81.07,85.08,89.44,98.84,85.07,84.45,94.11,89.32,88.58,85.33,94.25,76.81,91.14,94.45,74.21,92.17,81.78,83.54,85.76,79.93,82.36,83.43,82.98,78.11,92.58,79.39,93.6,89.22,96.37,98.47,96.72,90.55,87.68,89.46,100.0,86.67,94.58,86.52,90.99,94.03,78.77,70.89,82.26,74.9,86.43,92.6,87.2,77.31,85.67,99.11,98.68,86.35,85.49,62.16,86.92,86.4,94.23,90.64,83.31,83.68
1040500025,Telkom University Jakarta,53.2,48.59,58.44,62.76,52.46,46.14,46.85,52.02,62.05,71.86,55.47,65.18,58.57,59.05,62.35,63.72,72.27,62.14,55.74,61.19,68.01,72.08,62.44,69.64,63.07,58.02,64.82,71.51,50.58,53.64,70.12,54.21,41.87,55.79,52.19,46.06,41.87,51.71,63.6,56.87,57.39,65.82,70.52,64.48,57.29,60.21,58.91,67.34,60.12,58.2,56.39,52.31,61.11,62.49,65.83,65.96,63.25,52.58,49.94,48.58,61.09,51.6,47.22,44.38,51.66,56.11,54.93,50.14,43.48,48.39,54.08,47.33,55.03,45.97,59.45,52.32,68.23,58.87,78.58,71.48,67.67,65.16,52.47,58.01,53.95,53.23,54.76,63.18,59.34,63.68,62.65,64.36,53.68,58.77,66.64,59.03,68.52,57.03,66.36,61.9,60.84,48.91,52.67,49.44,62.36,50.46,45.43,57.82,54.35,47.95,58.26,43.0,60.61,50.83,39.44,46.3,45.47,57.16,52.53,58.89,50.28,59.33,59.45,56.67,45.33,51.78,54.96,59.62,57.38,58.3,62.24,50.8,57.5,68.0,45.58,56.51,61.36,64.76,60.29,69.17,58.46,61.9,68.91,67.02,56.72,70.38,71.56,65.07,46.96,52.9,73.14,57.21,52.77,46.87,58.92,63.65,57.4,62.64,68.33,55.75,62.48,62.29,75.97,56.08,64.65,47.98,69.33,68.18,59.14,48.22,49.88,73.31,64.99,67.24,47.02,61.55,62.19,54.4,64.31,67.8,58.68,50.88,65.51,58.37,59.77,62.5,62.35,63.67,68.78,64.65,65.42,59.29,64.22,68.88,52.29,56.28,66.61,51.05,55.05,62.66,53.79,58.2,50.5,48.92,64.38,53.9,63.15,52.7,38.77,64.52,55.86,63.36,53.4,65.39,59.44,49.46,51.01,55.82,58.02,46.79,55.49,44.5,47.34,58.25,46.29,50.12,58.33,43.18,60.96,66.86,49.87,58.95,54.44,55.63,51.65,54.03,46.24,57.81,54.89,57.96,64.99,52.18,59.08,51.14,57.87,45.75,60.13,49.16,55.87,53.12,61.44,52.74,54.47,57.73,47.57,60.98,57.37,56.6,66.39,53.86,49.54,51.9,70.95,55.24,53.2,62.49,62.79,74.06,62.65,48.62,51.44,48.43,56.12,60.95,64.82,60.54,65.53,60.33,47.76,49.54,53.08,54.24,63.14,66.61,58.7,63.52,62.16,67.02,61.76,54.18,64.63,65.68,65.96,71.09,53.43,56.77,52.5,47.17,44.93,60.73,65.06,57.9,58.95,60.57,67.53,55.39,53.65,61.21,62.33,45.06,58.07,59.96,59.01,66.73,46.74,50.47,54.23,57.37,48.18,65.67,55.99,52.2,52.66,52.52,60.0
1040500026,Telkom University Jakarta,86.11,82.57,84.95,88.59,86.81,89.64,85.65,84.54,78.44,97.91,86.65,84.87,73.97,91.63,84.71,93.38,79.82,86.26,89.0,84.81,77.21,81.39,77.95,91.13,85.49,79.24,83.6,92.57,76.04,86.84,78.36,82.94,88.53,81.57,78.5,88.89,76.54,90.44,100.0,89.07,87.98,80.67,73.05,82.71,79.75,88.52,88.93,78.76,89.26,90.27,83.86,81.61,100.0,83.02,89.38,91.08,87.35,83.71,100.0,84.69,77.87,76.08,80.6,82.54,97.84,93.74,95.65,87.76,87.25,88.16,89.1,81.47,91.68,87.27,90.85,85.67,86.1,84.8,91.71,82.23,85.36,91.94,82.64,77.52,80.64,81.62,87.4,90.5,89.91,93.35,88.54,84.88,82.14,80.53,90.69,84.89,86.38,88.04,93.28,90.04,91.3,74.66,84.14,90.2,81.82,89.15,95.58,82.68,91.37,94.22,96.16,83.76,82.67,82.66,87.22,100.0,81.02,92.0,86.46,99.29,91.19,90.86,79.74,81.84,82.27,85.18,92.69,78.64,80.73,87.97,75.14,68.8,78.83,76.56,85.87,83.79,77.94,90.07,78.29,91.67,88.25,89.33,80.42,93.91,88.06,93.18,84.27,83.75,79.08,82.82,83.92,83.54,67.88,70.68,65.1,83.29,78.42,84.0,92.38,82.57,74.79,89.67,75.91,82.96,92.2,83.94,77.55,76.31,97.07,84.39,83.33,81.61,85.41,78.52,74.71,97.49,81.38,88.49,86.57,94.03,90.87,88.64,79.73,88.51,90.47,88.8,89.6,86.41,90.68,87.08,91.97,87.99,81.54,91.22,89.05,73.72,84.15,77.29,95.93,84.82,92.92,97.8,84.64,74.99,100.0,94.74,97.59,90.91,92.9,96.35,91.12,91.08,93.4,93.03,91.17,80.72,84.72,76.71,82.26,86.42,84.34,88.51,85.28,87.07,91.08,87.46,83.33,91.16,96.68,80.19,85.32,82.23,85.62,84.54,93.98,80.65,81.55,94.02,81.11,82.63,79.21,88.17,90.07,91.3,98.36,97.01,91.78,91.26,90.13,79.94,87.82,87.41,88.72,93.29,88.68,100.0,85.53,85.89,100.0,94.36,81.87,83.84,80.55,74.05,81.08,81.73,72.54,76.01,84.71,75.86,73.33,80.57,74.11,74.16,89.32,78.17,83.05,79.53,81.31,96.06,95.06,88.17,85.49,93.77,91.35,96.28,90.96,77.44,94.69,81.45,88.91,93.87,99.12,90.22,92.25,76.5,82.19,80.41,76.78,82.48,76.39,81.3,73.39,86.09,68.56,92.31,81.3,94.11,79.08,86.7,82.2,82.51,76.45,83.08,100.0,87.86,82.5,77.48,98.54,81.06,82.06,85.65,81.32,84.24,75.6
1040500027,Telkom University Jakarta,64.66,78.53,82.05,77.76,76.72,81.1,74.28,73.04,87.52,90.87,79.2,75.01,82.64,82.84,74.29,83.15,72.66,83.31,85.71,75.9,81.22,88.69,79.98,82.7,82.18,93.79,96.44,97.54,78.06,80.4,80.75,92.77,85.23,88.13,83.5,77.97,85.57,87.89,87.96,90.51,81.07,90.94,95.95,89.1,98.72,75.02,85.64,89.4,79.58,79.06,99.87,80.52,85.96,79.73,64.3,78.15,80.41,93.44,100.0,87.83,88.65,92.8,90.35,79.25,79.77,85.9,90.77,88.43,87.48,100.0,83.08,82.61,96.25,86.75,84.0,88.38,83.32,92.73,89.05,77.53,68.8,84.2,71.74,68.95,67.74,67.82,76.65,80.63,82.63,81.63,85.02,78.66,81.51,73.03,75.16,98.81,82.52,94.39,61.11,81.15,68.47,89.69,89.62,99.47,99.29,99.51,93.53,93.06,93.56,90.07,97.61,91.54,97.86,100.0,97.21,94.42,90.26,91.63,100.0,82.32,91.57,90.76,100.0,93.01,92.96,87.59,93.5,91.51,89.61,81.34,89.32,100.0,99.61,86.46,92.09,100.0,81.27,87.22,85.99,96.12,90.19,94.89,93.57,98.05,81.48,83.58,91.23,85.2,78.05,88.27,90.9,79.03,82.54,88.27,92.81,83.65,73.71,76.59,78.24,79.87,85.39,92.22,81.33,83.46,90.19,90.95,86.44,93.52,70.93,83.0,81.19,86.07,80.63,83.75,80.32,83.98,82.41,89.26,89.13,81.08,75.13,80.69,80.71,77.28,73.71,81.88,78.71,82.0,76.76,81.37,86.89,76.94,92.99,95.72,79.16,82.39,80.8,88.01,81.12,87.74,83.31,79.39,91.36,92.21,89.15,90.54,81.1,90.58,90.94,82.35,76.87,81.66,82.92,86.68,82.54,97.69,83.1,78.25,83.41,83.22,82.41,91.8,88.6,81.69,80.67,82.03,81.41,73.21,92.23,82.02,83.69,83.97,90.65,90.58,97.3,87.4,93.9,91.4,91.91,96.52,94.15,87.14,96.73,85.93,84.04,89.99,95.93,90.24,85.34,88.63,90.32,96.07,73.57,84.44,94.52,85.3,90.72,74.21,95.45,84.33,82.64,85.11,87.28,89.57,81.56,86.26,83.4,88.7,84.92,86.88,92.61,91.11,97.48,86.73,95.92,94.48,100.0,90.27,91.48,85.25,80.27,76.56,88.04,100.0,85.95,88.33,82.82,83.2,89.7,80.2,88.06,96.24,82.41,82.45,89.3,83.71,93.82,100.0,100.0,89.59,94.24,83.9,81.25,81.1,80.65,91.38,76.51,82.59,78.4,72.77,56.98,75.43,78.86,63.42,91.57,89.29,88.29,86.49,83.68,79.36,79.04,98.84,83.62,81.02,83.75
1040500028,Telkom University Jakarta,96.79,86.94,85.46,90.83,75.26,74.6,89.76,85.09,88.32,84.24,81.67,88.87,94.95,90.69,95.81,92.59,90.01,83.2,90.9,96.78,84.42,85.74,81.34,79.9,72.46,77.49,73.28,75.94,83.01,85.12,85.18,100.0,87.23,81.28,82.46,81.16,90.05,89.67,90.32,95.86,89.55,78.6,78.77,76.72,73.52,86.02,93.93,76.55,94.34,86.02,82.52,87.32,93.37,81.43,88.33,90.41,81.7,91.42,83.38,72.19,85.59,89.43,83.63,88.92,74.88,61.01,75.63,72.22,77.84,89.48,81.2,81.73,87.8,78.58,90.02,75.59,90.47,95.18,92.53,100.0,90.95,98.15,80.19,78.83,85.68,85.68,96.31,91.47,79.6,80.83,87.97,83.46,87.44,83.81,77.1,84.31,80.93,91.62,76.87,77.07,76.05,65.98,71.19,68.82,67.46,61.79,58.62,76.52,65.59,68.96,57.2,54.59,74.63,73.92,66.15,61.77,64.26,62.52,67.29,68.08,63.72,65.4,64.64,80.57,54.96,72.88,72.64,97.42,83.94,94.87,94.78,90.03,86.93,87.41,95.34,91.74,100.0,76.49,90.63,88.1,93.87,98.54,84.91,87.53,87.8,77.11,95.14,89.09,90.41,100.0,98.33,85.83,88.8,88.36,89.63,96.87,95.73,94.74,79.6,84.98,79.29,80.41,83.06,82.81,79.68,89.45,79.1,81.8,86.11,87.38,98.13,85.97,92.77,82.35,78.23,85.37,82.39,91.97,76.58,92.87,90.29,94.72,84.96,77.15,83.49,86.2,83.95,92.84,84.76,79.19,83.98,92.56,99.72,100.0,81.01,76.06,73.7,90.02,75.71,75.63,84.48,82.57,76.19,79.2,88.63,81.48,92.3,90.54,81.72,85.07,91.24,83.93,86.38,87.09,88.32,95.39,88.93,90.51,93.06,84.71,90.56,99.77,91.83,92.0,92.82,81.59,92.12,86.79,79.14,76.81,74.65,72.7,72.12,59.47,66.94,66.42,61.54,71.01,87.44,100.0,90.17,91.34,92.0,79.96,79.54,81.16,85.7,74.83,76.39,82.75,84.12,91.27,88.02,80.11,67.82,84.13,79.88,82.93,80.35,82.45,84.53,87.3,89.0,97.0,88.44,87.18,82.18,84.74,77.3,82.01,83.48,93.59,85.52,90.76,81.03,98.57,86.87,79.82,92.02,71.6,84.45,73.14,84.8,85.72,77.02,81.49,79.61,85.22,84.75,83.81,91.4,96.91,80.55,88.74,99.53,81.15,84.27,93.36,86.87,78.29,81.06,85.62,81.9,86.22,87.29,90.78,77.01,86.92,81.32,85.4,83.83,80.75,86.57,84.23,87.8,83.32,78.51,84.15,67.01,89.09,68.75,88.34,77.11,84.83,84.39
1040500029,Telkom University Jakarta,49.45,58.58,61.05,45.82,65.04,48.38,40.37,61.06,49.75,64.51,56.67,57.98,59.06,65.16,61.84,59.56,50.72,56.76,57.42,54.48,52.12,50.79,47.95,60.59,45.14,53.47,55.51,70.99,55.82,47.5,63.36,56.38,62.01,59.26,67.38,66.98,58.57,47.92,48.74,45.62,51.74,54.1,60.82,61.73,73.34,62.52,66.84,48.26,57.06,65.62,57.5,58.36,60.3,59.17,59.88,60.0,56.29,49.53,54.39,65.96,57.48,50.14,42.15,66.65,48.3,68.24,61.21,66.1,53.8,46.17,54.85,58.83,45.68,53.5,50.43,44.27,67.14,67.36,61.17,60.21,55.78,57.73,50.15,51.05,55.58,65.42,70.87,51.68,79.12,57.21,67.56,59.38,51.1,59.46,65.38,56.07,63.1,46.53,59.77,49.08,48.67,44.62,48.64,41.14,57.89,48.07,45.85,48.31,44.76,45.14,58.4,52.15,36.8,49.26,48.43,46.55,44.47,46.48,48.96,54.52,54.24,49.48,55.59,45.37,50.15,48.75,38.82,54.97,57.01,55.44,58.82,59.68,54.38,51.86,54.68,49.86,45.08,58.81,60.33,50.4,52.28,48.12,56.24,44.92,49.9,50.41,62.42,58.38,63.66,58.83,56.51,64.75,52.43,60.5,62.63,58.73,59.05,52.21,46.7,54.1,46.28,58.03,50.38,50.07,57.44,49.99,45.01,50.03,47.74,49.0,49.2,47.07,42.11,51.63,45.37,50.17,52.94,45.1,49.95,44.41,39.69,39.17,51.31,56.83,46.44,59.48,49.98,50.59,61.17,54.02,61.1,56.47,52.78,62.33,47.16,65.57,50.85,47.36,51.24,53.13,48.43,38.41,52.78,48.43,55.94,54.12,69.03,64.45,76.26,75.6,65.78,62.29,65.14,54.5,55.98,48.97,46.73,57.38,44.11,50.3,48.77,48.25,61.78,45.88,52.99,44.88,45.68,64.01,42.46,53.09,55.14,52.09,55.17,49.75,49.87,47.81,43.03,62.3,49.3,56.48,70.61,54.81,51.52,68.17,55.06,48.48,63.29,63.95,52.67,57.23,58.31,63.84,57.42,53.21,55.97,53.16,62.37,63.93,60.5,63.45,60.03,64.11,61.84,49.03,53.95,51.25,51.69,66.59,54.54,61.42,48.8,50.21,47.81,53.67,57.75,50.75,49.09,56.18,52.99,68.49,57.07,64.08,53.55,44.98,63.56,50.37,56.86,64.45,49.62,64.92,73.72,61.89,59.03,53.7,60.75,60.13,50.55,59.33,54.43,51.08,56.51,60.92,52.7,59.74,55.15,65.34,43.29,54.7,53.32,49.51,42.48,47.08,47.46,49.03,55.36,67.98,61.66,62.65,43.48,57.11,56.67,66.37,57.39,48.83,62.75
1040500030,Telkom University Jakarta,72.26,66.16,72.98,75.18,79.42,75.25,80.64,76.31,82.68,77.41,76.39,90.19,85.78,77.4,83.16,72.66,77.97,76.14,85.27,80.78,75.0,80.37,81.06,56.98,60.92,66.58,69.68,71.17,81.11,75.78,69.29,74.12,66.92,81.37,77.03,85.91,73.07,65.55,71.29,66.85,57.35,64.58,56.06,65.47,53.73,77.07,74.53,70.31,72.49,72.28,65.23,74.45,80.74,74.92,80.53,74.92,75.65,69.72,86.13,66.42,73.79,87.14,80.17,70.25,90.59,72.12,83.68,81.01,67.97,72.75,59.34,70.62,63.78,65.02,77.71,66.1,67.25,67.07,62.93,70.19,66.2,66.26,66.72,61.39,80.63,81.22,90.75,81.59,78.17,88.87,86.68,78.68,79.29,81.51,63.99,76.77,61.9,64.27,68.12,66.0,69.8,79.08,74.81,71.42,72.79,75.83,78.17,81.7,80.61,78.2,89.67,80.49,84.51,84.42,71.11,87.14,85.56,78.25,82.34,77.84,79.03,81.71,79.78,84.51,79.93,84.03,75.33,75.46,76.29,69.24,73.27,58.59,75.8,80.48,68.64,74.59,76.23,75.86,61.74,79.48,80.08,77.85,77.7,76.13,82.21,73.99,79.76,89.13,86.42,72.29,70.9,68.98,74.11,66.88,74.25,71.09,71.71,64.59,78.87,77.54,68.87,75.73,64.2,73.08,71.52,67.17,69.73,71.72,85.54,81.66,83.19,77.88,89.68,78.75,79.6,72.82,74.2,74.69,78.21,67.63,77.83,81.42,76.96,82.23,77.02,77.23,80.83,80.39,91.57,83.04,71.82,76.81,75.89,73.54,68.22,72.99,68.49,63.26,69.45,82.51,68.27,79.49,77.45,77.01,78.26,68.49,68.52,78.47,85.64,75.57,66.93,70.55,72.93,85.0,72.3,68.8,81.87,73.15,67.15,70.49,78.43,70.79,77.24,78.96,74.49,77.18,68.55,64.36,80.65,68.77,67.39,69.96,64.77,66.45,58.18,83.08,67.71,71.35,83.74,82.69,84.53,81.45,76.43,81.48,85.48,89.41,94.9,81.77,81.79,73.4,83.7,85.71,69.4,70.9,75.42,79.92,75.92,73.06,78.06,80.58,82.19,75.77,76.61,68.01,70.23,64.65,69.97,68.2,76.89,63.21,63.75,64.94,66.69,70.92,61.45,75.37,64.79,67.84,61.24,81.04,70.86,79.13,81.61,73.15,74.17,67.77,68.78,71.67,73.24,73.15,71.37,68.39,72.28,73.97,74.58,74.83,87.63,86.51,75.49,81.17,66.19,67.93,66.91,63.97,69.08,81.86,87.54,78.21,79.73,59.35,67.41,64.88,55.57,63.2,79.02,63.77,69.43,80.8,67.38,70.53,58.71,70.22,66.85,64.98,54.92
1040500031,Telkom University Jakarta,82.3,93.22,100.0,86.52,90.61,95.6,100.0,92.08,85.04,89.55,73.45,81.51,84.27,93.16,81.84,84.0,89.2,80.4,82.92,78.71,72.14,76.08,78.42,77.55,85.69,80.14,90.99,80.76,85.8,88.41,97.75,91.58,96.52,79.82,83.07,78.58,95.9,82.53,65.48,76.17,74.6,90.53,89.47,100.0,85.01,83.37,75.57,76.39,71.27,74.79,82.74,84.5,85.2,88.85,80.71,88.81,94.23,99.27,95.93,97.05,73.81,80.26,85.2,100.0,78.14,88.62,77.99,97.47,94.44,85.09,86.07,91.0,83.17,62.19,81.32,93.55,84.83,74.17,71.55,95.34,92.38,98.18,76.15,84.23,90.5,76.18,74.82,78.01,89.95,86.19,87.02,89.36,92.06,95.97,74.12,70.66,90.31,94.31,90.73,77.34,84.44,77.39,79.42,82.12,88.38,67.12,86.44,79.07,77.35,74.68,83.59,79.92,80.0,88.43,80.66,82.22,94.97,83.25,80.81,91.31,81.28,74.67,88.09,89.87,85.1,77.73,74.59,81.81,89.07,88.0,79.66,86.14,80.3,83.29,90.04,87.53,77.5,92.07,82.43,74.34,89.24,78.48,68.94,74.29,84.31,74.8,81.24,79.53,76.61,77.07,90.06,98.02,94.78,92.1,82.76,86.67,89.16,87.67,96.04,85.56,92.74,89.74,76.12,100.0,98.52,95.53,87.88,89.97,83.97,78.16,85.34,78.98,84.24,81.29,90.55,90.78,78.15,85.44,82.85,82.81,90.0,84.07,90.12,79.01,85.72,79.01,80.61,72.19,83.95,74.77,91.79,91.94,85.46,87.75,71.29,73.32,87.3,76.23,92.9,84.86,82.9,77.92,76.02,76.23,88.51,87.57,88.19,88.2,87.12,89.35,85.48,84.83,79.82,86.04,95.77,75.92,74.17,81.54,75.0,80.33,78.4,85.81,83.04,75.21,80.67,74.58,73.41,86.22,96.48,99.06,91.43,93.28,100.0,96.91,94.38,100.0,82.12,89.13,83.97,88.39,88.62,71.79,85.8,88.2,85.78,88.91,83.89,76.2,88.29,83.31,83.07,92.8,86.38,78.32,91.06,88.75,79.15,79.66,77.79,86.97,82.55,84.64,79.32,69.54,85.1,90.87,76.37,79.13,82.99,90.45,87.75,92.21,92.94,96.54,94.14,84.4,98.11,86.75,93.17,93.21,85.68,82.02,82.67,94.59,83.16,100.0,85.35,88.8,79.61,95.64,85.41,99.89,79.25,94.33,82.56,85.95,90.01,84.33,92.49,87.47,79.8,73.9,85.16,85.47,82.47,75.93,81.52,85.08,90.77,72.94,78.07,80.06,80.9,84.38,79.83,94.34,75.68,85.78,87.46,93.33,95.07,97.09,95.28,89.47,100.0
1040500032,Telkom University Jakarta,79.32,87.82,93.28,82.36,93.81,83.82,82.42,78.83,90.68,79.6,84.98,84.68,93.92,75.71,91.09,87.82,82.61,91.06,85.14,93.03,90.88,83.91,86.19,78.23,74.48,79.76,76.57,71.74,85.01,91.21,94.17,88.27,85.65,87.64,86.49,92.3,84.09,94.18,80.95,75.08,77.68,83.97,79.54,80.56,84.47,77.15,79.95,81.25,78.98,81.16,84.38,85.36,73.48,84.7,74.12,77.53,79.08,77.89,84.29,87.13,73.86,79.66,80.86,75.7,80.17,72.79,78.16,86.64,93.63,82.65,86.37,96.24,100.0,74.21,81.35,80.28,86.5,84.64,78.33,97.5,88.02,100.0,82.93,82.2,90.87,79.06,96.42,82.66,85.87,75.08,72.84,84.58,85.86,90.26,94.85,82.61,88.75,93.63,85.75,88.59,91.23,81.75,92.77,92.59,92.15,86.24,89.55,100.0,77.23,81.2,90.25,82.33,86.78,95.57,90.72,86.87,84.44,80.17,94.02,83.6,84.26,88.75,86.09,91.15,76.34,78.83,80.75,91.15,91.28,93.3,88.45,93.11,74.87,88.25,90.68,90.67,87.28,99.47,94.5,89.37,96.53,94.65,90.93,89.89,82.99,92.08,96.54,98.06,91.56,91.28,89.74,100.0,94.89,100.0,88.65,91.49,86.38,94.57,87.65,97.12,84.43,87.29,87.1,88.84,94.02,83.13,87.75,92.84,94.58,91.03,86.93,96.79,100.0,87.99,93.2,100.0,88.91,89.38,90.57,100.0,91.1,100.0,86.85,87.38,80.91,91.44,86.77,98.36,88.92,92.46,91.12,95.46,100.0,83.51,77.84,79.44,86.0,87.89,88.73,90.21,86.02,83.37,86.38,86.56,86.95,90.71,89.78,79.33,84.83,83.7,74.93,83.65,76.47,85.28,93.22,78.45,96.26,75.74,91.16,79.52,77.32,86.66,76.24,82.04,84.72,97.39,82.09,82.1,84.34,63.17,77.43,73.87,83.07,81.74,100.0,90.04,85.46,88.62,82.17,71.74,82.86,66.16,81.7,84.24,96.54,93.6,78.98,91.37,84.88,88.42,76.1,74.66,89.75,91.85,70.29,79.96,78.71,94.07,87.0,89.3,83.31,72.75,90.07,87.51,83.53,78.92,78.41,90.84,85.63,85.64,83.1,77.61,99.4,88.06,85.69,96.63,96.25,98.05,76.19,87.25,92.5,89.44,81.5,73.7,75.28,74.27,85.77,80.69,78.97,87.12,80.59,77.26,81.41,88.2,74.41,98.38,86.18,90.97,93.64,85.38,71.92,94.13,81.22,75.15,87.13,82.47,75.97,75.26,69.59,75.02,83.04,87.63,84.66,90.3,89.95,100.0,85.79,82.32,91.41,93.81,85.4,86.11,85.26,81.69,92.16
1040500033,Telkom University Jakarta,82.67,85.27,86.27,90.43,88.46,77.0,91.96,72.65,88.31,86.72,83.07,77.17,77.77,84.56,91.9,70.67,86.59,90.12,86.63,76.44,67.13,82.38,67.8,63.1,60.86,71.04,78.58,68.02,95.03,76.2,88.44,91.6,81.79,80.37,77.51,92.35,85.14,80.83,86.05,67.54,80.34,94.66,78.96,94.66,87.08,76.98,74.21,70.11,65.12,76.95,70.45,69.69,76.57,66.04,70.49,75.59,75.34,62.93,73.8,78.77,56.89,61.78,58.41,65.48,84.82,85.13,70.2,94.71,79.69,74.98,83.26,78.91,75.12,73.33,85.8,71.93,76.41,78.6,81.93,71.32,83.36,79.89,65.53,70.62,55.03,64.55,82.4,73.29,77.05,80.93,80.95,77.79,76.57,84.79,66.43,69.32,79.48,65.28,73.28,74.37,73.05,61.4,75.6,72.64,73.24,68.66,78.15,71.48,76.57,70.67,72.29,72.38,78.33,66.76,62.85,84.54,76.42,73.92,59.55,73.62,84.26,73.81,63.07,72.44,81.0,64.98,83.55,67.05,62.82,69.42,59.3,74.13,55.14,64.96,72.62,61.51,64.63,67.53,72.0,78.72,77.51,83.29,78.62,70.35,83.97,71.62,75.4,82.8,76.7,69.32,64.15,63.46,78.59,68.58,70.77,68.53,69.6,74.83,81.88,70.42,66.17,70.75,65.58,84.09,76.93,80.19,82.08,83.77,82.15,71.42,70.58,60.4,73.65,66.95,67.3,75.92,68.94,82.28,79.14,65.48,71.81,80.28,78.07,64.22,67.54,81.36,70.1,73.54,68.18,76.79,90.87,62.73,65.74,81.2,77.05,63.31,65.31,80.2,63.23,72.11,67.34,81.25,56.83,70.81,69.73,78.34,78.19,69.62,68.17,86.28,64.48,70.98,73.9,69.24,78.37,84.82,83.72,72.62,84.28,75.81,83.43,82.96,81.49,67.15,78.15,77.07,71.44,77.23,81.12,69.8,83.85,81.21,90.34,83.28,84.37,88.81,90.55,88.59,75.21,64.72,71.55,72.21,80.86,67.29,67.6,73.67,78.5,87.19,58.01,71.21,64.59,67.34,67.98,70.57,81.17,64.17,63.16,64.54,64.16,68.02,73.51,58.79,81.9,80.15,83.44,79.19,83.4,77.95,76.72,80.78,77.58,85.27,81.13,84.58,59.71,66.54,74.33,73.43,72.03,73.29,72.58,71.64,68.77,70.6,71.42,59.89,73.77,76.34,73.16,71.23,78.01,66.96,77.54,79.9,69.97,77.85,82.38,72.69,80.71,82.09,60.69,63.36,63.38,64.14,64.9,79.55,83.67,71.54,75.15,75.12,74.82,65.69,75.58,71.76,72.34,80.53,82.94,75.75,77.47,83.45,73.74,76.54,73.75,73.73,71.24
1040500034,Telkom University Jakarta,89.42,75.07,77.26,85.4,85.76,82.04,75.67,85.7,85.36,81.59,78.66,91.55,89.24,80.06,82.7,85.45,75.48,74.65,77.08,94.17,78.86,93.42,90.42,99.8,91.27,92.31,86.71,92.25,80.08,87.6,91.59,81.47,95.18,98.65,76.98,86.16,84.96,79.16,99.06,91.53,94.73,95.18,84.05,94.28,92.8,95.18,90.7,86.85,86.73,91.59,93.85,100.0,94.02,95.04,100.0,86.8,86.27,97.09,80.39,91.35,91.24,89.03,85.13,84.5,84.92,83.87,88.16,90.64,69.73,75.98,79.58,82.34,81.33,84.83,89.46,82.15,94.55,89.49,100.0,73.1,63.14,76.03,84.75,85.14,91.22,85.16,84.75,76.35,72.51,77.33,80.78,89.1,96.57,83.24,85.35,85.54,91.35,86.17,82.0,85.79,89.63,81.2,72.55,81.0,84.72,89.1,72.94,88.09,83.78,82.99,87.66,86.62,81.24,89.9,83.91,78.66,83.7,90.74,85.78,89.45,84.8,86.03,82.26,93.32,80.93,78.9,84.21,93.54,92.16,97.34,100.0,87.82,90.35,97.27,72.22,97.75,93.73,92.94,100.0,87.28,100.0,85.39,91.84,89.96,86.74,93.3,89.83,93.34,95.21,94.95,100.0,92.32,84.81,86.04,100.0,97.16,88.74,88.98,81.42,91.98,92.4,99.9,95.24,82.93,86.69,83.13,88.59,88.12,79.14,73.05,68.68,76.69,95.75,77.34,63.66,70.04,78.7,74.36,77.56,75.95,68.92,66.92,66.11,66.81,72.28,68.89,69.03,78.9,75.63,78.29,82.93,80.29,80.0,82.17,75.47,94.52,85.99,91.36,72.55,95.78,92.94,90.15,84.91,87.81,88.37,87.23,90.71,88.19,78.86,95.91,90.13,93.95,87.37,100.0,89.22,82.94,91.05,82.08,80.71,81.92,80.81,91.27,79.47,86.1,85.2,77.17,74.76,82.06,74.35,70.64,78.46,79.07,77.83,81.95,78.05,91.9,79.78,84.6,78.95,87.61,81.44,94.46,93.09,77.82,65.52,82.44,83.55,78.82,80.19,83.16,86.85,91.25,82.27,93.88,78.14,98.44,73.97,81.11,87.32,90.66,80.33,90.17,84.17,81.22,85.58,72.89,88.84,78.9,79.92,80.33,96.25,92.11,90.95,88.19,89.01,85.0,93.72,85.19,93.56,73.51,81.07,79.67,92.72,88.07,85.3,83.57,92.91,83.2,90.11,80.22,88.02,59.21,69.95,73.58,67.62,93.96,94.18,95.96,78.53,89.28,86.38,76.21,92.41,79.37,83.18,74.51,86.85,97.03,90.45,91.44,93.96,91.57,92.57,100.0,88.11,95.14,92.86,86.1,82.49,78.89,93.06,89.57,88.67,86.09,80.89
1040500035,Telkom University Jakarta,80.04,82.05,86.95,90.11,88.28,82.25,87.06,83.04,88.97,81.38,76.19,84.62,82.48,75.86,85.24,80.94,83.75,86.53,83.45,82.11,77.64,80.88,93.5,81.83,77.54,69.29,84.38,83.91,62.84,65.01,60.47,63.51,66.17,63.89,70.55,66.54,62.54,83.68,87.84,62.73,84.49,75.79,76.36,85.66,72.46,62.68,59.62,71.22,73.23,71.39,69.23,79.9,69.93,67.11,79.97,79.22,70.39,62.39,61.71,71.62,87.37,78.26,73.53,79.76,68.05,70.76,82.17,79.7,79.45,75.35,73.43,71.1,62.4,68.88,67.0,71.93,83.0,70.62,78.45,73.79,58.39,68.41,76.45,64.52,73.24,78.89,55.47,67.95,69.96,67.82,66.45,61.51,72.28,70.55,66.11,76.32,78.96,84.67,79.71,79.57,83.7,70.65,77.4,71.59,79.74,72.08,62.27,71.3,71.24,69.15,70.72,64.75,72.72,63.74,66.11,63.92,65.63,69.1,74.52,68.33,65.81,57.69,60.38,73.61,69.01,70.31,62.75,63.19,74.98,81.33,65.88,60.18,81.26,66.71,81.55,78.32,78.86,67.63,71.08,78.46,77.75,71.97,77.57,78.22,74.92,72.66,84.93,63.04,72.54,85.96,79.65,76.61,80.2,74.06,81.93,78.83,82.24,75.34,69.09,67.95,65.08,72.83,68.55,63.9,66.53,66.43,69.84,81.37,77.15,88.57,86.95,76.79,77.4,82.87,76.62,65.53,77.85,77.78,79.05,80.56,72.05,76.23,72.9,75.37,71.66,82.26,67.16,80.16,79.05,71.0,82.73,84.46,83.83,75.12,70.92,84.98,73.25,76.86,73.6,68.37,69.04,56.43,74.51,70.71,78.41,76.75,79.33,79.33,75.35,85.33,75.94,72.45,80.58,89.5,74.77,68.75,64.43,71.67,66.16,74.78,70.85,62.02,71.15,68.13,76.44,71.25,68.84,78.43,77.18,80.42,78.8,91.56,70.8,78.36,70.42,65.74,63.56,66.03,71.98,74.1,77.24,72.29,71.59,87.87,68.33,74.79,78.05,86.19,68.68,68.33,69.52,73.2,81.84,72.35,69.45,69.24,73.32,78.21,68.55,74.22,74.42,75.19,58.76,74.52,70.3,65.46,65.29,64.52,70.66,75.17,83.73,80.98,76.25,81.39,65.4,68.47,79.7,77.13,76.98,65.13,56.36,53.11,82.48,77.72,82.52,78.84,74.23,78.05,77.28,85.94,80.24,78.39,79.8,67.51,75.77,81.01,74.54,76.63,68.27,77.38,59.3,64.09,65.06,71.32,66.73,78.57,78.35,70.9,82.58,64.44,64.72,63.8,54.08,72.37,71.3,68.82,66.15,68.66,82.42,74.32,83.1,66.45,73.25,72.84,64.95
1040500036,Telkom University Jakarta,89.05,78.4,90.65,66.6,82.32,70.65,85.55,86.12,97.71,89.17,83.25,95.05,82.6,88.71,100.0,83.24,92.42,82.56,79.82,88.51,85.53,81.75,83.17,86.86,78.08,81.79,82.24,86.76,80.26,89.17,75.67,86.51,85.32,80.6,80.2,91.4,87.07,70.8,89.83,84.54,87.73,89.36,99.0,98.74,92.6,95.39,93.33,87.55,80.84,84.72,100.0,96.73,86.89,91.29,90.05,89.82,90.2,87.17,84.28,92.64,94.59,85.08,88.32,94.15,94.26,91.93,100.0,95.44,90.74,85.33,83.76,93.89,87.09,87.48,83.88,84.73,77.29,74.99,90.52,86.51,87.55,96.96,89.25,88.84,98.6,80.48,84.28,89.35,85.19,91.39,87.85,74.56,70.78,80.6,83.25,79.69,77.58,89.95,77.09,71.3,68.22,70.37,75.39,86.46,79.33,73.4,80.92,79.87,74.55,75.81,83.88,74.67,84.71,69.32,77.41,72.52,84.91,86.09,70.54,79.83,82.64,59.32,81.14,78.44,77.49,78.8,78.49,97.12,93.8,96.42,91.82,100.0,99.59,93.35,95.3,96.57,93.7,94.65,100.0,64.63,64.16,63.71,70.11,66.5,59.68,57.7,69.13,69.72,95.79,88.64,88.04,85.41,92.64,100.0,100.0,95.84,97.48,84.53,88.17,87.92,76.26,90.36,81.65,84.54,79.24,75.79,80.19,90.72,79.86,78.93,82.2,83.69,78.22,83.61,72.68,94.12,85.19,79.99,94.45,86.85,80.53,96.56,98.24,86.03,82.45,86.12,77.19,85.61,83.98,72.74,85.14,92.68,86.32,95.56,93.02,87.51,89.35,95.78,91.56,76.62,86.86,73.07,77.16,85.81,88.44,79.07,92.64,77.83,81.81,84.84,85.67,89.2,88.07,89.39,88.38,83.42,86.64,82.17,85.23,87.98,90.33,80.89,91.11,91.96,86.46,91.36,90.89,81.26,91.74,95.57,92.39,80.21,90.33,97.77,88.83,93.71,91.18,89.63,78.36,84.45,82.37,92.81,95.49,88.74,82.03,86.1,90.18,89.61,92.84,88.6,99.12,91.39,97.47,82.14,87.01,87.82,91.22,94.08,84.47,86.83,85.29,95.48,80.23,83.53,83.38,89.31,87.6,84.13,97.75,84.79,79.35,82.75,82.36,71.19,71.11,86.41,64.37,81.72,76.73,88.38,80.57,82.24,82.27,82.87,93.79,100.0,75.12,100.0,89.31,98.49,88.58,95.51,92.74,100.0,85.58,83.32,81.27,97.67,82.72,77.7,95.2,82.72,88.79,85.33,89.09,78.05,82.71,79.37,73.4,77.69,90.16,81.7,74.1,77.37,93.21,89.83,82.41,92.29,93.84,81.54,75.02,89.72,84.12,87.48,91.91
1040500037,Telkom University Jakarta,100.0,88.92,93.84,93.05,90.63,94.49,93.76,94.8,94.79,83.14,93.57,93.99,92.5,98.48,85.72,90.06,98.48,95.62,100.0,94.21,91.11,92.23,89.41,89.57,87.55,86.0,86.31,75.19,89.82,100.0,89.74,95.01,94.98,96.46,85.14,94.15,90.48,73.55,68.57,74.34,76.33,66.77,68.82,70.76,62.91,73.71,81.73,76.17,79.77,76.5,69.51,77.37,77.38,68.44,80.24,73.94,93.84,99.32,79.12,100.0,85.4,82.8,94.18,91.18,87.78,97.55,86.62,88.8,83.04,87.86,97.5,91.96,93.79,92.56,89.69,90.89,77.14,74.59,85.46,75.22,72.91,74.04,93.49,86.57,87.7,82.07,86.79,88.63,84.48,94.53,92.65,81.72,85.88,85.34,95.8,100.0,79.6,89.46,82.88,71.03,72.28,89.3,90.55,99.0,88.12,93.12,97.56,92.63,95.64,89.26,89.92,100.0,93.94,87.99,93.66,84.37,89.93,81.85,89.16,91.22,96.91,89.77,80.65,82.2,88.12,81.26,74.87,65.66,66.12,68.6,74.12,67.02,71.85,79.06,70.88,76.07,64.26,74.45,77.06,90.19,79.53,85.75,90.36,82.8,76.29,95.25,89.8,79.56,96.79,94.26,97.02,84.3,83.03,94.45,87.9,90.99,90.11,96.08,79.86,69.82,72.53,73.89,72.49,68.37,70.18,74.81,75.6,79.16,87.94,95.22,92.2,95.89,89.36,94.24,93.94,100.0,78.3,94.15,95.03,93.27,89.79,97.93,100.0,96.58,92.77,89.73,97.01,92.1,100.0,100.0,87.89,74.5,82.38,82.49,90.95,82.62,88.31,92.24,83.8,99.52,84.79,96.0,88.27,90.62,75.49,79.45,66.67,73.19,64.7,67.69,80.16,60.75,75.23,77.44,83.27,91.35,95.7,88.15,91.45,85.36,93.24,90.99,100.0,91.74,96.7,87.8,98.61,84.26,83.91,86.22,71.64,77.0,70.86,83.62,71.09,84.32,82.22,80.75,75.03,73.38,89.84,73.55,79.47,93.42,82.21,80.34,95.19,88.21,83.25,82.73,79.13,88.41,83.8,81.13,75.03,82.68,84.93,78.66,69.09,80.33,92.25,81.46,68.57,80.49,66.15,75.3,69.75,71.34,70.88,64.51,93.53,91.35,83.6,78.62,88.13,89.93,87.19,87.01,88.47,91.01,83.07,81.76,92.94,82.81,77.48,89.96,96.83,70.32,83.94,91.75,94.24,85.06,86.28,94.8,93.89,71.11,85.43,89.59,80.94,82.36,93.19,82.5,97.15,87.35,88.14,80.21,85.93,87.24,82.64,93.51,85.72,75.82,93.51,85.27,91.52,86.6,81.73,79.41,83.86,78.33,74.07,87.41,95.84,86.8,91.17
1040500038,Telkom University Jakarta,75.39,72.07,76.17,80.25,74.32,85.05,77.45,81.24,73.47,79.0,71.53,89.22,84.99,76.81,75.0,81.91,73.68,76.74,88.92,85.29,77.67,79.81,73.99,62.22,75.65,72.7,72.8,63.83,55.71,63.43,52.92,61.68,60.77,66.3,54.22,60.96,53.99,69.74,61.69,63.1,64.46,75.92,82.21,80.1,83.24,75.48,80.54,86.69,89.8,88.35,83.11,83.15,86.93,75.23,77.24,81.04,69.38,52.78,60.41,57.12,80.98,83.04,80.75,79.09,60.52,80.85,69.21,72.7,77.33,70.57,65.45,75.92,67.41,79.01,81.24,81.22,72.91,70.51,72.96,80.58,82.23,77.23,68.17,73.15,71.7,64.11,74.8,62.81,69.15,71.03,73.8,85.33,68.7,72.61,80.47,68.47,84.13,80.79,84.03,80.35,74.37,82.39,85.7,76.78,89.43,85.22,78.59,78.11,84.45,73.02,93.2,77.23,83.72,77.47,76.07,77.05,84.17,81.74,75.27,78.42,85.22,86.9,77.24,70.75,72.76,86.83,77.18,86.64,90.48,81.74,87.51,82.2,90.93,84.11,85.66,83.76,83.89,85.91,82.56,82.14,85.21,78.94,84.44,68.6,75.99,77.08,82.04,73.97,66.22,81.6,58.01,70.8,76.02,71.05,76.65,82.18,73.61,74.66,72.04,74.26,79.18,70.55,75.19,75.25,82.91,69.95,63.02,70.0,70.05,90.31,73.24,68.38,80.31,83.78,70.38,84.38,68.19,79.48,79.95,79.93,63.52,86.39,68.88,87.15,76.0,84.04,83.83,84.35,78.71,78.09,87.65,65.96,78.17,80.65,78.86,70.2,84.71,79.26,77.98,81.69,73.08,82.89,80.87,71.65,73.38,72.07,70.02,68.39,70.79,71.18,72.1,63.04,78.94,73.19,68.69,80.89,85.52,87.27,74.4,87.23,88.22,80.82,69.03,79.46,78.58,84.4,81.82,88.81,86.24,71.92,77.96,76.88,83.16,84.51,76.59,77.96,82.43,73.0,81.84,77.93,86.14,75.04,77.62,78.84,80.47,96.06,94.65,78.21,73.06,61.64,65.19,71.11,69.53,65.49,61.53,76.36,65.01,73.56,75.63,59.97,69.71,62.2,82.81,83.02,69.39,68.54,75.95,70.36,67.41,73.04,87.31,80.74,85.09,82.37,78.24,90.34,69.74,72.02,90.39,63.65,64.94,70.1,75.84,77.81,87.03,76.26,87.44,83.06,73.02,79.8,75.55,69.84,74.19,83.32,81.85,82.96,93.35,74.52,82.78,89.98,80.43,88.06,82.45,75.58,86.01,83.41,81.2,84.35,76.74,72.56,69.35,71.25,71.78,71.99,77.27,80.71,78.91,97.69,79.19,81.75,79.51,79.27,70.41,76.58,73.17
1040500039,Telkom University Jakarta,72.39,94.21,83.56,75.42,84.35,89.34,88.42,82.45,92.8,86.07,95.14,84.28,93.02,84.71,98.81,80.37,73.81,85.46,84.19,91.92,83.26,86.87,90.66,64.7,66.92,74.71,81.68,69.27,82.5,88.32,86.69,88.52,80.23,77.33,77.58,94.11,86.05,75.49,71.64,73.98,83.17,88.78,86.61,79.37,88.43,84.82,98.65,94.04,88.31,78.54,80.88,87.79,96.31,87.05,87.09,99.09,98.59,97.74,89.57,88.63,100.0,87.13,88.88,89.53,95.73,90.81,95.59,97.33,100.0,97.14,94.55,82.08,96.73,89.05,94.27,87.01,72.21,82.91,86.03,99.32,81.59,89.07,78.4,85.54,84.39,81.66,76.18,91.32,87.27,91.12,78.37,76.15,91.83,98.13,100.0,82.45,85.34,93.01,87.33,79.72,74.78,77.46,89.97,96.76,83.27,81.27,92.53,83.66,83.3,75.05,76.32,80.12,99.1,94.89,79.69,94.3,94.63,88.77,82.42,79.6,66.9,79.05,85.0,94.12,92.99,91.19,78.89,76.34,89.65,82.3,75.46,72.48,81.16,79.53,73.93,70.18,88.35,64.84,88.56,77.67,75.31,85.88,77.19,68.36,75.37,79.53,75.93,87.23,86.0,78.77,73.63,79.76,71.66,65.07,86.13,72.38,82.94,68.93,75.0,86.9,89.76,85.13,85.82,88.01,86.08,92.53,85.33,100.0,95.14,79.65,83.33,77.03,76.08,72.39,77.32,73.64,85.99,69.76,75.91,68.69,87.94,87.43,82.75,86.54,77.26,83.4,77.93,80.51,76.84,80.04,76.43,75.32,82.28,75.06,85.01,77.03,81.61,77.49,86.69,91.39,80.5,88.74,95.1,75.0,85.75,71.46,75.46,83.83,76.02,82.49,79.11,83.47,85.49,84.4,89.4,99.08,92.93,82.95,88.44,91.53,93.66,94.53,99.92,100.0,89.45,96.1,88.61,92.67,85.29,80.52,78.66,86.6,78.49,63.29,78.1,66.22,76.9,72.15,76.9,73.64,72.22,81.65,70.65,85.74,80.95,76.19,77.15,88.42,96.0,91.52,100.0,95.91,97.65,90.1,84.59,94.02,95.23,78.8,81.07,100.0,95.6,94.02,87.26,88.13,87.56,76.25,95.13,83.48,80.55,94.55,80.35,86.23,91.09,97.73,84.12,88.62,91.29,83.53,93.79,84.58,82.36,87.42,93.25,98.91,88.72,97.55,90.23,95.31,77.51,88.23,100.0,92.36,90.82,88.14,82.6,98.13,88.18,92.47,90.03,99.38,81.58,71.35,87.54,72.75,81.75,98.27,85.84,89.83,97.43,93.95,78.07,88.54,87.89,89.7,92.39,86.63,75.86,88.62,89.17,85.43,96.48,83.26,82.76,82.44,81.19
1040500040,Telkom University Jakarta,89.79,96.88,95.28,88.59,89.98,88.36,87.08,92.94,92.63,86.67,86.99,94.69,87.59,76.07,84.58,93.86,83.2,85.22,86.84,92.07,96.23,89.75,88.14,89.73,89.04,100.0,84.46,87.82,89.23,90.81,85.09,84.2,89.38,81.34,89.21,90.21,79.36,97.8,87.03,96.37,96.82,80.96,90.64,96.07,89.29,94.12,82.5,92.9,100.0,91.85,91.7,85.33,95.6,86.57,76.6,83.56,84.52,78.45,86.95,84.49,72.32,67.22,63.63,70.23,90.53,83.55,83.94,79.65,94.2,87.03,95.02,98.32,85.23,74.96,82.35,76.2,85.64,80.9,95.73,97.94,72.42,73.9,76.86,91.39,76.09,79.06,83.82,84.81,82.27,82.02,72.35,76.06,81.63,76.78,89.85,90.95,89.49,89.5,70.82,71.61,71.18,78.75,86.43,79.98,71.47,87.06,66.74,74.95,79.04,88.0,81.56,75.03,74.12,79.24,79.96,82.36,89.89,76.57,74.78,74.82,75.37,78.34,79.75,76.37,79.57,95.91,78.19,74.75,91.26,89.42,94.39,85.17,94.07,93.37,78.04,94.38,95.52,90.54,91.17,85.11,70.02,87.75,82.51,77.8,90.87,86.02,86.99,88.17,68.76,69.14,73.59,80.88,72.98,66.63,69.0,76.22,74.55,67.26,81.22,83.98,86.36,90.47,81.98,88.09,84.89,96.04,100.0,98.03,63.8,74.76,72.66,73.4,62.93,75.03,88.58,77.95,75.19,81.92,67.94,65.04,77.04,68.93,75.57,67.22,70.16,68.83,67.39,84.85,80.45,71.04,71.66,65.91,53.06,70.33,83.49,79.7,82.29,87.45,95.28,85.39,89.09,93.91,88.83,81.75,94.98,85.75,86.66,95.73,92.64,92.68,88.23,73.4,90.82,100.0,94.78,72.7,80.47,75.91,72.04,76.57,77.29,75.21,73.46,83.04,73.32,69.98,81.24,86.88,95.1,98.31,88.44,82.21,89.25,87.76,84.03,91.26,85.97,83.28,76.99,89.03,75.46,86.53,82.04,91.52,88.77,92.02,95.61,100.0,90.63,86.01,94.07,96.89,88.96,93.72,93.84,100.0,81.28,97.17,96.56,82.67,88.57,93.48,84.33,75.57,80.08,71.59,73.41,76.88,79.01,71.64,77.89,73.78,73.45,71.85,71.59,73.01,75.32,85.98,77.09,80.45,76.59,80.5,72.23,72.89,89.27,77.4,74.68,58.11,75.94,75.43,61.18,85.07,75.14,95.67,72.19,99.75,95.6,86.6,89.51,90.11,95.57,94.76,94.77,94.4,97.27,84.79,95.27,98.53,90.39,77.53,76.96,86.95,81.35,80.67,83.97,71.02,78.62,87.81,80.15,82.72,74.28,85.47,79.74,84.67,77.1
1040500041,Telkom University Jakarta,70.87,66.8,79.14,74.83,76.33,68.34,80.02,81.22,81.75,79.81,76.91,59.03,89.97,81.85,73.99,78.4,73.77,81.81,72.56,81.03,85.22,85.5,78.17,86.46,76.93,72.97,71.86,72.21,73.15,90.96,81.85,86.22,80.02,79.69,74.52,76.81,84.96,65.86,62.94,71.36,81.56,74.49,77.27,73.21,79.44,73.38,72.87,67.0,67.7,70.42,70.92,71.76,70.06,74.81,60.08,64.78,69.69,79.32,73.79,83.64,82.28,70.85,71.1,68.04,91.72,86.58,86.32,85.79,76.95,75.78,77.12,80.59,72.75,77.09,75.83,78.5,80.49,75.02,73.84,78.38,85.31,72.59,79.86,83.2,71.34,73.54,74.6,77.35,86.15,73.36,74.69,82.15,78.93,90.16,77.76,75.73,70.12,74.33,64.87,74.02,64.45,81.43,68.79,69.97,85.51,80.2,72.78,72.08,65.33,69.55,73.97,69.36,64.97,68.22,73.21,70.06,76.8,77.73,67.02,71.52,61.67,74.9,64.8,80.22,70.62,57.01,68.22,84.74,73.68,64.94,66.22,78.25,74.4,59.86,76.83,72.71,67.65,70.56,73.14,68.4,79.21,59.54,67.5,76.4,64.91,60.8,64.69,71.24,73.4,68.62,86.61,76.61,75.99,75.57,68.78,65.12,71.79,79.06,75.38,77.09,73.3,69.15,69.88,68.17,67.67,75.37,87.51,83.44,86.28,83.52,77.6,77.44,88.69,79.85,88.64,78.66,84.83,72.96,79.12,88.51,85.99,85.79,84.78,83.17,74.99,80.46,84.84,76.05,78.25,76.69,69.77,64.83,80.98,85.78,79.33,69.38,69.93,73.5,79.27,79.88,75.5,74.78,78.41,67.99,86.32,83.96,77.88,85.34,82.91,88.2,69.38,80.42,82.18,88.23,83.65,56.39,71.85,69.03,70.55,45.28,60.86,71.88,67.31,66.33,66.82,63.7,71.63,57.14,69.82,68.64,57.66,76.58,78.1,61.91,85.19,74.85,91.37,84.66,83.92,78.2,68.37,86.06,86.66,68.94,66.23,74.5,72.07,72.53,84.09,66.46,94.19,89.4,78.44,85.94,79.5,79.48,72.83,74.56,75.75,74.34,82.13,82.45,85.46,81.79,72.83,81.83,82.21,80.53,80.5,78.72,69.42,76.66,73.59,74.68,63.77,68.18,72.08,65.42,76.02,70.79,69.88,63.95,85.33,62.61,64.44,61.68,70.98,72.87,66.0,69.58,81.22,73.11,73.66,73.05,81.79,77.84,79.75,76.03,89.19,76.65,63.5,75.45,75.24,70.32,76.32,82.88,72.89,76.06,76.53,66.76,80.93,77.54,76.65,74.57,83.9,82.24,79.39,76.07,72.42,75.04,90.98,79.65,72.66,83.63,74.51
1040500042,Telkom University Jakarta,89.71,84.54,80.23,91.66,86.21,83.26,94.32,87.5,70.83,87.32,89.17,97.62,88.34,92.48,82.57,91.21,98.09,77.92,81.19,96.29,90.05,91.13,99.09,88.77,84.14,84.03,80.99,91.29,83.0,84.67,77.95,79.19,82.52,86.79,82.89,80.28,74.89,73.04,79.99,77.68,82.03,80.1,92.07,86.54,83.33,87.44,82.55,100.0,88.94,99.69,100.0,89.74,95.57,91.53,87.57,94.16,87.93,92.42,83.1,90.07,84.48,98.92,88.2,93.82,86.24,77.8,78.17,79.94,79.46,83.21,84.65,88.71,82.81,74.34,79.77,88.95,85.52,76.4,82.42,100.0,84.23,91.88,98.87,88.09,96.61,98.84,90.29,77.6,83.95,99.49,75.17,84.23,88.9,81.33,87.68,89.69,90.27,81.22,89.27,95.61,86.41,89.42,86.14,99.55,85.08,85.02,86.08,88.25,76.87,93.64,86.68,90.22,82.15,100.0,86.97,96.75,91.19,80.86,91.66,88.36,92.05,85.22,87.51,91.34,100.0,80.39,99.52,82.35,78.03,84.2,82.95,85.92,83.92,91.44,83.13,85.04,79.0,90.96,88.3,81.96,89.65,86.96,87.04,88.65,84.07,92.33,93.63,89.38,92.33,88.49,84.9,91.74,84.63,82.65,90.42,100.0,83.0,89.46,87.15,93.95,99.07,100.0,90.16,93.93,91.21,95.6,91.57,89.48,81.95,73.07,84.37,66.65,85.33,80.03,94.03,89.62,77.43,83.99,91.19,84.99,85.74,88.33,82.08,78.81,91.8,80.43,70.01,72.85,87.16,87.32,100.0,84.36,85.44,83.76,87.35,98.47,99.1,91.92,100.0,85.17,95.4,77.35,88.65,84.21,85.68,82.83,90.79,84.08,100.0,80.71,88.58,100.0,88.06,92.54,87.05,89.52,84.59,91.58,76.98,82.32,80.64,87.23,84.65,87.57,88.33,79.97,77.3,91.04,78.18,80.9,73.62,72.22,95.24,92.48,91.62,89.61,94.58,99.53,86.75,85.57,83.22,87.72,92.59,80.04,88.16,89.53,71.78,72.66,85.9,91.1,89.22,88.51,89.27,86.57,85.69,84.11,89.28,90.55,92.0,84.45,84.08,91.39,96.64,100.0,99.85,88.67,100.0,85.53,97.18,84.11,79.62,89.79,73.11,90.11,81.48,99.09,81.38,78.01,90.38,81.51,76.6,75.89,86.93,85.13,73.75,85.8,86.66,82.7,80.52,80.61,82.77,87.66,82.82,82.85,88.31,84.69,72.03,69.16,81.3,77.83,82.39,92.04,80.85,100.0,92.28,67.33,71.07,68.67,65.88,89.06,80.02,85.42,80.25,81.12,86.07,100.0,88.23,93.97,81.6,91.27,83.17,88.14,91.54,83.23,98.1
1040500043,Telkom University Jakarta,87.86,82.15,99.01,91.16,81.35,97.96,92.15,92.91,93.76,90.32,83.3,83.64,85.3,89.51,94.5,73.97,84.63,96.3,86.13,95.99,86.65,89.46,77.2,86.14,80.88,75.41,72.46,75.22,86.64,98.29,98.7,87.54,93.49,93.56,97.45,85.59,87.67,77.52,86.83,64.78,78.9,93.15,85.9,100.0,82.35,84.04,85.45,89.64,80.5,89.42,89.48,93.62,93.45,83.77,82.32,97.42,86.75,94.95,94.08,97.01,74.02,86.71,93.52,76.75,83.93,85.17,77.25,81.12,83.71,81.36,86.59,98.07,88.43,88.96,82.85,87.33,83.76,94.13,76.87,93.71,87.59,94.35,81.42,90.41,85.99,81.46,72.51,68.82,83.6,81.17,90.41,92.83,99.28,77.64,100.0,82.43,87.01,94.63,98.9,88.2,100.0,79.78,74.96,79.31,82.93,91.97,77.09,86.77,81.57,96.68,83.84,84.92,94.37,84.5,83.11,85.97,77.45,87.45,90.92,83.25,90.31,78.28,77.57,80.5,84.2,75.37,71.99,81.79,67.09,63.71,82.16,87.76,70.73,71.16,74.5,77.7,73.08,77.51,80.05,91.0,89.03,82.65,86.97,92.25,87.31,82.95,86.55,93.39,97.05,89.91,80.26,92.79,86.39,85.87,97.35,93.07,88.85,89.09,76.14,79.77,89.39,84.75,97.8,92.87,88.27,88.67,74.2,81.92,77.29,79.0,93.4,92.27,94.4,94.1,92.5,77.91,82.2,91.73,94.55,88.11,90.69,90.19,88.97,85.63,85.96,98.97,82.2,84.42,94.14,89.58,97.47,99.37,100.0,100.0,92.15,97.55,83.19,91.68,100.0,71.64,91.14,80.48,88.54,75.24,77.53,73.32,77.4,78.6,82.58,75.02,88.39,82.18,80.72,91.93,81.92,77.06,96.21,93.81,92.12,94.81,79.26,99.23,95.1,87.52,84.37,94.35,84.68,86.98,91.9,91.62,98.6,95.07,85.1,77.77,70.8,82.73,76.98,71.87,96.21,86.24,86.73,90.08,93.98,99.62,95.63,85.94,85.48,94.17,99.56,89.14,87.05,95.09,85.32,85.58,80.8,82.81,91.37,88.73,91.73,84.61,75.94,90.36,79.08,85.63,96.0,91.17,85.92,77.65,74.43,78.89,83.76,95.99,92.57,79.41,84.84,80.35,83.96,84.56,88.28,87.52,89.27,77.8,83.75,92.76,74.46,77.41,64.17,88.51,70.81,65.19,66.9,90.0,88.01,67.99,96.58,84.04,83.63,80.35,81.74,96.49,83.14,71.37,67.71,66.69,76.71,91.0,88.8,79.16,73.06,88.79,89.82,71.15,78.51,92.08,90.36,83.75,85.91,100.0,90.71,96.31,93.07,95.27,99.82,85.44,96.0
1040500044,Telkom University Jakarta,75.87,79.53,91.21,86.59,73.3,69.76,84.25,77.21,68.87,74.55,66.96,65.3,77.33,69.84,79.16,71.45,70.29,56.58,71.6,67.28,72.81,66.96,56.24,65.13,77.79,70.51,61.89,68.16,63.7,67.54,73.21,77.03,72.99,67.32,67.36,64.02,63.6,70.72,81.63,77.63,75.18,70.0,76.44,71.24,83.76,56.44,74.78,75.92,67.25,65.4,65.71,68.22,71.24,68.97,67.67,72.43,82.02,81.7,85.38,86.18,76.1,60.49,64.3,69.24,73.61,75.44,81.91,82.79,77.54,69.0,72.46,76.02,79.97,82.31,77.18,80.61,74.04,77.32,77.28,70.9,84.55,76.28,51.47,69.97,48.11,62.01,82.44,79.94,78.41,71.44,64.88,83.71,72.37,68.8,68.45,70.23,56.31,58.0,78.39,76.03,77.02,79.68,80.28,80.37,85.52,82.53,66.9,69.39,79.66,78.4,67.37,83.58,76.09,82.98,67.74,78.13,73.65,66.16,78.86,79.69,73.19,73.79,74.14,75.61,85.05,76.3,68.49,70.74,78.19,72.5,69.16,83.05,73.22,68.98,77.35,63.07,83.46,70.24,76.54,84.55,81.95,84.47,77.57,71.93,85.83,75.3,92.42,75.26,71.7,74.57,70.93,69.6,80.58,72.55,69.17,76.55,74.8,75.38,60.58,66.21,70.63,66.74,72.17,67.91,72.4,78.81,77.83,76.67,87.14,80.47,70.06,65.94,75.43,79.18,80.45,73.74,72.11,79.93,80.57,93.7,74.75,74.46,81.4,72.09,79.38,85.11,76.68,82.76,82.33,84.46,64.84,85.31,63.1,65.02,78.24,66.04,69.66,81.56,74.24,63.41,78.72,62.3,60.35,72.79,81.36,71.04,76.01,82.99,69.96,65.04,65.28,84.81,72.07,74.18,86.47,74.11,80.54,68.07,72.97,80.32,69.11,85.97,73.44,76.84,78.8,78.85,66.37,70.46,76.4,78.29,75.92,74.72,78.74,80.55,84.19,73.38,88.08,88.63,69.67,82.92,78.6,68.59,75.38,82.55,86.93,85.25,70.9,85.3,71.57,66.51,67.21,71.27,79.48,69.61,64.25,85.24,68.78,78.48,85.04,72.18,55.94,69.02,80.38,78.28,79.44,76.6,71.78,86.57,75.94,82.35,66.45,71.37,60.73,54.38,66.78,75.29,71.31,70.13,59.96,88.39,76.05,77.15,57.95,70.47,63.38,60.55,65.47,64.88,70.46,60.22,66.02,75.32,71.56,94.83,82.24,73.65,63.01,76.35,62.24,80.72,82.6,71.05,72.18,69.12,64.21,77.83,71.02,76.63,82.46,75.4,83.47,87.72,73.44,65.15,87.84,69.69,71.62,75.22,83.98,74.59,87.34,66.5,70.18,67.66,69.56
1040500045,Telkom University Jakarta,59.26,62.83,45.9,63.43,53.61,67.08,58.45,62.15,51.78,57.82,56.46,67.45,58.33,52.18,59.09,53.47,63.05,50.67,58.31,54.95,54.63,62.5,57.93,55.26,52.88,48.49,58.12,55.08,66.45,55.84,66.45,65.7,65.29,55.74,57.75,60.38,60.6,58.91,61.54,62.76,61.62,52.22,45.27,48.85,46.41,70.39,57.21,61.91,66.22,54.21,72.94,66.03,76.18,65.18,58.09,61.25,59.41,66.8,55.13,64.32,70.27,50.14,62.01,58.99,66.45,56.56,55.88,58.26,49.33,57.35,57.49,59.74,49.31,50.25,50.4,49.07,44.99,51.6,46.63,68.72,65.87,61.49,53.68,59.24,57.49,45.55,69.32,64.11,57.56,52.58,66.77,50.25,61.21,64.92,49.25,44.84,50.06,57.61,57.76,64.68,67.54,62.06,62.75,58.42,64.69,55.4,72.28,67.53,58.22,58.14,56.17,52.84,59.86,61.51,61.11,62.14,64.98,74.76,73.42,68.55,60.5,55.32,61.67,55.73,66.88,65.58,62.51,69.79,73.97,70.37,69.45,75.34,67.38,67.92,71.43,80.54,71.2,74.93,83.11,60.77,64.76,46.95,52.88,55.81,64.52,53.8,54.24,62.01,61.95,49.2,56.18,53.75,46.8,60.29,64.74,56.77,56.79,62.67,54.55,61.24,61.13,71.07,68.48,59.99,64.35,42.31,40.54,42.28,57.08,57.47,52.24,58.88,69.54,54.42,66.26,58.62,68.82,54.29,63.48,55.78,63.98,63.01,58.43,58.18,67.22,72.22,65.37,63.0,62.22,60.87,47.29,59.86,68.63,51.95,60.61,65.2,65.78,55.83,71.59,59.27,59.21,56.53,57.26,62.48,47.66,53.19,41.92,50.42,50.7,50.33,42.36,51.92,35.62,48.43,54.44,51.49,49.83,56.74,48.02,57.77,54.31,46.44,46.22,53.47,63.96,58.2,57.33,52.34,49.62,47.36,54.92,47.94,60.47,48.81,63.46,48.73,50.19,56.15,68.28,69.61,55.2,58.32,66.0,55.18,62.37,60.12,67.23,67.01,60.32,52.17,50.79,51.24,44.97,49.65,55.94,48.79,51.37,41.7,58.0,56.42,62.8,57.17,66.85,62.67,52.71,50.67,73.17,65.72,61.55,54.12,54.26,55.77,56.31,55.79,57.69,49.11,47.12,52.3,46.01,69.96,59.33,67.85,65.44,68.94,62.35,63.96,61.15,65.92,60.55,64.87,54.91,45.9,53.51,54.83,47.22,63.72,56.72,59.84,65.98,63.27,51.14,68.05,58.74,50.57,63.47,53.72,46.47,51.33,59.92,59.24,66.61,58.26,57.04,64.22,53.86,57.5,63.06,59.25,65.79,60.36,64.92,55.19,59.4,55.89,57.25
1040500046,Telkom University Jakarta,80.64,63.27,69.22,75.32,73.69,75.66,68.46,74.34,73.21,73.69,63.03,72.81,76.9,82.32,66.33,73.81,75.92,71.56,78.3,85.32,72.63,68.99,79.24,79.61,87.04,82.97,88.42,77.95,74.83,71.41,73.49,75.18,72.97,84.39,62.79,74.39,76.74,82.85,79.84,72.85,76.22,72.1,75.06,79.58,70.86,64.46,68.2,71.81,64.98,66.4,80.2,75.37,77.09,66.48,81.44,65.38,88.43,83.25,74.07,83.71,68.05,70.13,72.55,76.84,80.63,83.74,92.89,71.3,80.94,82.34,87.36,78.15,89.8,75.4,71.08,78.92,67.83,69.96,69.11,77.78,72.41,88.45,74.87,72.33,75.79,83.14,65.99,69.2,75.7,73.18,73.74,67.9,84.48,65.18,65.72,68.26,81.65,63.57,60.55,64.39,69.46,75.71,82.71,78.39,76.57,75.54,72.73,73.79,81.72,75.45,76.1,72.54,71.9,68.82,82.27,84.14,71.98,69.12,77.44,67.31,92.94,84.93,76.26,88.39,70.73,80.33,72.23,72.21,81.79,73.55,73.76,71.67,69.66,76.45,76.73,69.19,68.94,71.09,68.06,75.93,76.38,73.79,75.97,74.63,72.42,74.21,75.15,84.5,53.53,67.15,69.34,66.99,71.0,71.09,59.11,50.78,56.14,63.56,73.74,73.68,65.58,64.03,70.55,61.87,79.45,72.75,67.9,66.97,75.79,87.0,85.21,85.53,85.66,74.42,76.0,82.06,87.52,89.18,83.31,88.16,85.52,71.64,92.99,79.62,82.91,77.87,89.55,85.89,74.4,82.98,84.37,78.52,72.13,79.71,58.66,60.5,69.42,60.6,64.37,73.78,67.55,75.55,84.23,69.25,67.48,64.37,64.1,57.58,71.0,71.85,72.15,65.64,66.14,67.23,55.34,76.24,73.4,73.83,89.68,72.38,80.39,71.07,85.84,78.48,71.23,80.86,80.01,75.77,82.65,76.28,78.83,67.57,68.88,69.68,75.34,61.16,73.55,75.0,68.44,78.25,77.6,72.21,72.44,85.52,85.0,84.88,66.16,73.27,71.04,70.51,73.17,79.36,71.05,69.23,66.17,71.13,63.9,70.08,76.81,65.87,86.7,63.98,74.96,66.94,65.62,70.48,59.96,63.45,68.97,69.48,66.21,65.52,69.76,74.93,70.95,67.7,66.09,49.65,79.42,75.1,69.03,86.51,77.14,83.97,80.91,80.79,85.04,89.49,90.08,86.68,70.96,82.05,68.07,66.29,73.28,83.71,77.55,84.94,80.93,84.67,80.37,75.13,74.7,83.0,77.87,74.3,76.11,68.04,68.92,68.3,74.07,74.3,70.03,80.0,63.2,65.34,60.18,69.59,78.43,76.62,80.85,91.64,77.48,91.0,83.3
1040500047,Telkom University Jakarta,74.4,84.01,77.46,68.25,68.94,71.08,72.52,75.09,91.23,99.99,84.7,93.03,89.86,96.17,97.16,88.17,99.36,87.08,86.32,85.66,85.75,96.01,89.71,89.06,90.05,83.36,82.69,90.64,83.56,79.97,85.94,73.18,79.05,76.02,81.79,85.55,75.33,91.65,86.04,93.82,88.75,78.22,69.38,74.28,69.61,85.64,86.13,91.34,91.96,79.82,88.52,88.64,81.64,83.26,87.79,100.0,84.57,87.46,90.91,92.72,90.08,90.41,96.28,93.99,75.61,71.64,69.71,82.55,73.94,71.32,74.64,82.38,67.04,88.16,93.42,87.52,86.76,78.18,93.42,72.03,85.88,89.53,100.0,91.84,91.73,84.98,86.86,81.66,78.79,69.47,97.49,96.59,100.0,100.0,67.52,59.52,68.11,79.76,82.88,79.34,79.81,90.01,97.1,91.21,95.04,86.1,98.68,91.15,93.59,85.11,88.42,84.97,87.62,85.0,86.82,98.07,92.87,84.06,78.31,92.23,95.36,87.69,90.35,86.07,93.58,96.75,87.89,82.2,86.17,94.22,96.16,99.8,82.55,78.61,79.39,95.98,93.12,100.0,85.35,86.72,96.09,83.74,69.21,90.52,85.2,78.56,75.38,91.63,87.43,79.71,82.93,87.12,86.88,85.88,87.25,81.68,78.35,93.77,89.44,94.67,87.93,80.34,94.31,89.36,85.62,82.99,79.96,80.42,80.11,83.66,82.01,83.37,79.82,87.03,79.13,78.32,84.59,86.44,89.78,81.29,79.39,90.56,85.61,88.04,71.07,81.81,87.65,81.27,86.97,86.1,81.16,90.71,77.74,88.52,81.24,87.99,81.58,78.83,73.77,86.31,78.94,87.23,87.85,83.39,83.15,94.96,89.68,97.29,96.03,77.89,87.97,99.63,100.0,87.23,80.65,84.9,79.97,97.41,85.47,77.92,87.77,94.31,89.42,81.49,86.39,84.41,89.92,85.61,85.28,88.06,89.24,97.22,73.05,85.28,81.94,69.37,84.48,91.5,90.25,100.0,85.83,88.51,91.23,79.79,69.74,80.06,76.87,90.67,100.0,85.73,85.65,89.12,87.66,91.69,88.52,96.49,89.63,95.65,85.99,87.8,83.96,97.63,75.3,72.2,70.34,77.09,70.04,68.76,87.99,87.78,98.26,83.48,95.55,88.74,99.39,89.67,96.8,78.77,87.21,88.01,83.37,87.1,86.09,92.42,91.9,92.33,91.6,96.9,82.74,92.76,82.23,69.83,72.97,78.29,80.67,92.19,96.86,93.76,79.25,94.59,90.03,90.42,93.34,76.73,89.81,88.26,90.26,92.59,85.8,96.8,92.68,84.38,82.91,97.03,90.52,92.68,89.54,90.94,85.37,81.8,88.61,75.96,87.58,78.0,80.67
1040500048,Telkom University Jakarta,73.67,87.11,66.15,64.04,82.82,77.92,76.33,70.11,74.73,71.96,69.57,82.88,68.03,78.84,78.35,77.9,75.74,70.29,77.29,78.31,74.09,77.68,77.26,68.86,90.61,80.11,71.0,80.05,75.96,75.89,79.19,78.57,75.38,73.48,75.2,78.93,87.16,82.37,84.2,78.16,87.7,71.72,81.58,64.72,71.68,67.54,80.03,75.77,64.02,83.48,66.85,80.27,72.78,79.66,58.25,72.37,86.11,78.39,83.37,86.29,70.45,57.31,72.76,61.6,66.23,62.95,45.19,57.95,71.66,66.28,72.08,64.89,64.19,76.03,68.06,69.67,68.84,86.18,88.22,68.41,80.35,87.32,75.06,81.35,77.34,70.93,69.53,68.16,86.55,75.65,80.09,54.55,62.55,70.63,66.23,65.86,60.41,71.81,79.2,87.87,83.43,82.1,85.55,87.12,82.07,82.99,74.06,77.55,90.81,82.21,86.86,89.16,83.46,86.12,88.72,91.7,82.57,82.79,75.9,70.0,80.11,73.95,75.04,84.31,85.25,66.08,83.16,72.87,71.95,82.34,78.34,68.41,71.76,67.32,66.49,70.72,63.07,69.93,79.04,86.11,69.29,80.94,81.22,78.55,82.79,74.96,82.1,79.85,64.19,76.42,69.8,72.67,73.56,78.58,83.9,77.56,77.03,76.98,73.13,76.36,89.74,79.25,96.24,84.53,81.67,87.02,77.32,77.32,68.65,62.92,69.78,68.87,65.92,57.48,62.29,60.13,66.9,74.26,50.94,60.31,72.13,70.31,59.44,77.64,58.3,72.43,60.85,60.1,63.7,65.07,84.36,81.0,91.13,88.22,68.07,78.17,80.63,75.15,67.36,73.68,64.6,72.57,62.88,67.42,72.41,89.12,81.84,86.81,77.02,79.85,83.06,77.92,78.74,84.97,70.85,87.35,72.55,66.94,82.94,84.29,84.42,72.34,74.03,75.18,66.21,67.08,72.3,77.78,73.56,77.0,80.57,74.32,60.12,67.28,71.56,59.48,67.62,61.52,83.49,74.21,75.15,68.65,65.8,75.75,65.24,70.32,76.4,77.63,71.26,75.57,86.52,84.85,79.03,74.54,77.58,76.62,75.75,84.3,74.95,85.06,88.16,88.98,72.42,61.35,78.02,68.68,64.91,75.81,57.95,70.61,74.8,72.85,71.8,70.92,76.19,70.05,77.94,81.25,74.22,80.11,79.55,82.03,81.12,84.97,78.19,75.9,80.71,75.08,85.59,78.31,76.13,56.22,58.47,68.53,62.75,78.85,73.48,81.36,78.6,73.23,77.68,75.44,80.24,69.0,66.69,87.3,79.39,90.4,81.31,67.93,73.46,75.22,81.68,77.08,85.4,78.41,79.57,82.46,64.58,68.19,46.54,72.77,78.67,62.75,68.23
1040500049,Telkom University Jakarta,83.4,81.58,76.58,76.37,78.72,77.95,71.27,76.29,80.01,72.94,76.15,76.26,67.43,81.66,76.45,75.84,71.7,76.24,73.21,77.43,75.62,68.27,73.94,70.99,78.0,73.15,90.33,66.27,66.25,68.5,75.68,64.18,63.03,66.36,74.33,65.88,73.85,71.54,74.35,82.8,77.93,75.97,68.39,91.58,76.78,69.16,61.7,63.34,63.7,62.6,64.38,68.86,55.88,66.59,67.3,70.28,76.71,64.87,74.44,71.69,89.55,80.4,74.22,81.63,72.2,72.76,69.3,70.58,82.62,79.93,81.86,85.2,85.7,84.03,88.08,72.0,66.71,72.6,63.83,61.94,72.28,69.71,78.08,84.08,83.81,76.12,69.42,82.91,76.41,70.38,68.77,62.62,70.9,67.99,74.71,78.37,84.12,71.43,78.16,86.91,78.48,74.7,78.15,88.38,83.13,93.01,82.37,74.7,88.43,84.24,74.22,80.14,84.92,91.28,89.39,77.03,75.95,83.83,83.96,87.19,86.35,75.84,87.2,81.05,82.33,75.29,81.92,65.67,64.64,73.73,66.64,66.14,75.87,77.01,62.95,59.68,60.29,72.45,66.68,73.29,73.85,75.56,71.32,69.94,78.73,66.93,62.53,69.98,77.53,69.58,71.42,72.37,70.12,61.54,68.41,79.55,68.18,69.29,74.99,59.25,67.23,69.69,72.5,81.93,64.99,73.67,87.32,77.98,81.39,87.73,85.51,89.1,90.75,81.46,78.46,71.88,73.19,79.45,87.8,93.74,73.15,83.7,82.55,86.6,78.77,95.9,86.45,77.06,85.59,78.55,83.04,83.5,85.69,77.39,75.87,74.55,82.61,71.5,89.17,72.57,84.82,76.54,78.7,79.09,83.16,85.17,81.09,84.63,87.81,85.14,78.17,83.95,81.38,93.67,73.92,80.23,81.74,85.21,81.2,71.29,85.91,71.8,85.56,73.09,85.3,75.34,72.48,80.54,67.58,70.7,68.14,69.05,64.28,72.23,74.17,76.24,77.09,71.48,77.92,76.92,72.78,77.73,71.45,67.19,76.29,76.23,66.91,72.21,69.54,82.13,66.38,74.33,79.34,89.38,82.23,63.65,70.77,81.3,69.59,67.25,75.39,77.56,68.52,78.6,75.51,72.74,85.65,82.71,81.73,66.74,69.46,68.01,83.5,77.36,70.35,80.58,73.44,60.31,71.81,82.05,68.29,73.59,77.51,75.33,72.26,72.47,78.31,69.21,83.31,76.38,77.13,84.6,73.57,77.93,87.79,67.27,78.97,69.88,71.83,74.33,56.51,62.97,74.87,79.96,67.4,80.33,79.69,68.64,71.09,71.78,88.25,80.07,76.02,84.92,81.58,79.04,79.99,82.7,81.76,86.94,79.43,74.64,79.13,79.54,82.67
1040500050,Telkom University Jakarta,80.47,85.08,75.06,79.3,68.42,82.57,84.56,82.7,75.07,73.31,65.32,81.76,82.6,74.57,83.18,77.64,73.72,83.67,85.12,81.48,73.42,81.37,86.49,77.35,76.92,84.98,77.4,80.83,96.42,83.89,83.16,77.41,73.2,89.45,74.7,82.71,74.01,92.35,79.78,98.68,90.17,88.22,92.03,85.24,87.18,90.63,94.93,82.22,86.85,94.47,94.19,96.14,89.54,94.79,87.38,86.47,95.07,98.08,99.54,87.32,83.66,81.79,84.1,72.75,91.79,86.3,90.79,92.0,80.84,92.24,92.46,80.99,86.23,82.59,83.99,87.91,85.63,88.49,89.86,76.75,84.32,83.14,77.28,73.64,83.04,88.25,89.59,87.79,89.18,92.27,88.69,86.19,92.61,88.69,86.68,100.0,76.79,89.88,77.63,75.74,78.08,79.65,82.52,77.93,71.51,73.52,71.82,69.92,87.23,73.99,70.69,76.82,86.23,76.27,71.61,67.52,64.11,80.11,82.69,80.92,65.81,76.86,75.3,70.69,68.24,81.63,85.27,96.97,86.65,96.49,90.42,97.08,88.5,84.37,77.38,79.75,95.63,93.37,91.6,90.85,93.65,92.2,88.98,84.79,86.32,91.69,87.9,79.7,76.18,66.73,66.2,61.55,72.28,79.98,72.65,68.17,76.71,58.91,98.46,94.16,92.12,89.47,89.85,96.29,89.18,82.98,77.4,86.37,90.15,100.0,95.7,87.87,83.93,94.98,93.69,87.36,88.2,91.04,95.62,92.95,85.2,84.16,85.34,79.68,96.11,82.08,81.5,77.75,86.75,83.39,89.29,85.96,93.98,92.04,100.0,82.31,79.75,85.0,74.03,89.63,94.75,88.28,85.53,92.73,77.88,87.11,88.08,85.65,89.91,95.28,90.96,88.82,76.87,94.08,85.76,71.04,77.01,82.01,83.09,78.47,81.57,76.72,81.82,92.09,84.14,87.08,83.21,81.0,94.3,80.45,88.0,78.89,87.45,82.33,90.78,94.93,94.26,92.4,91.88,93.28,83.44,74.92,84.0,77.54,65.66,82.2,80.11,77.35,97.54,88.76,84.65,86.57,81.95,100.0,95.99,89.9,91.34,98.51,95.82,90.84,88.97,95.4,89.77,88.11,88.03,82.98,98.24,85.38,74.91,88.49,91.32,81.95,77.75,69.13,83.04,79.87,87.4,80.01,88.12,77.33,70.72,87.43,88.03,83.94,81.11,89.38,88.99,86.01,95.72,83.88,91.34,84.04,90.44,81.63,79.32,75.64,72.92,75.25,74.33,87.59,79.48,80.47,85.41,79.22,74.02,85.35,79.58,94.64,91.32,100.0,99.37,87.77,94.53,100.0,87.81,87.4,88.19,85.34,93.74,78.16,87.47,85.6,87.37,86.41,91.8
1040500051,Telkom University Jakarta,81.16,79.71,74.96,77.68,71.42,75.17,70.74,80.23,79.99,75.48,80.12,82.46,82.1,82.82,85.49,73.69,77.6,76.13,82.58,81.95,86.82,77.47,89.0,66.63,85.21,78.93,85.37,79.54,79.54,76.16,78.73,78.32,76.76,85.99,80.76,67.29,86.23,77.58,80.63,75.53,78.45,71.75,78.34,83.02,74.16,48.57,66.83,68.79,60.44,73.41,65.48,66.54,75.66,63.43,60.01,74.69,74.31,72.92,77.41,64.73,84.59,82.63,79.93,83.4,71.0,92.04,89.76,89.86,80.7,78.22,83.32,88.4,82.23,66.76,83.33,85.0,88.16,80.03,72.79,63.84,79.07,67.88,77.27,73.1,82.02,81.1,70.46,70.16,70.61,66.53,79.84,77.28,78.58,88.14,78.33,80.0,74.91,81.63,86.15,77.75,73.31,69.27,74.08,74.82,67.15,70.98,70.75,68.3,70.11,78.02,78.65,63.18,74.25,80.74,70.84,72.7,61.98,76.39,74.06,67.3,72.37,77.3,62.48,76.63,67.39,72.4,71.27,74.24,69.7,71.75,74.31,80.93,73.8,69.19,75.81,76.95,75.1,72.84,61.64,76.23,80.3,72.87,85.95,72.22,84.56,76.72,83.77,86.91,79.21,79.66,75.82,72.56,76.96,86.56,71.6,80.62,94.02,75.25,82.59,78.8,76.34,75.44,65.89,73.37,68.31,87.14,82.31,65.88,81.82,84.98,83.21,78.65,94.24,90.27,71.79,79.51,73.43,73.02,80.6,70.88,77.82,82.38,81.9,79.14,84.02,84.29,82.23,79.91,89.54,76.31,78.73,74.16,72.56,79.56,69.77,78.97,69.78,78.88,84.2,76.05,78.63,74.11,79.24,65.91,79.12,76.79,79.8,70.08,74.19,86.56,78.58,81.94,76.82,74.32,72.88,81.06,80.75,72.33,75.4,76.33,78.36,65.18,89.6,70.68,71.06,68.75,78.92,84.33,81.67,84.28,79.84,76.42,66.58,67.92,60.3,60.87,67.52,68.73,85.21,72.79,68.93,72.49,81.35,87.41,74.77,71.09,74.33,85.29,92.75,80.41,85.21,83.98,84.08,75.98,82.71,85.04,84.73,78.88,91.08,91.57,74.02,84.7,74.2,68.71,71.51,81.79,71.16,76.72,75.71,68.12,82.46,72.91,68.74,75.88,76.82,79.36,70.05,76.92,67.54,72.51,61.51,71.76,66.86,82.09,65.6,64.06,53.1,59.01,65.97,70.72,71.22,82.53,82.54,89.85,83.7,78.3,74.47,77.31,81.33,74.14,71.13,64.93,72.37,63.37,70.06,87.23,85.02,79.97,80.65,74.56,73.28,71.79,61.63,65.52,72.72,72.17,75.11,73.1,78.05,84.27,91.16,71.39,69.64,74.66,64.91
1040500052,Telkom University Jakarta,100.0,88.56,98.61,79.65,82.74,93.75,100.0,86.71,74.8,81.58,76.19,87.05,88.73,79.39,76.07,89.21,85.31,83.78,80.99,87.31,74.35,79.17,87.69,76.47,90.05,89.21,92.08,84.58,80.19,75.02,77.9,73.38,82.03,78.95,79.7,86.36,81.95,100.0,93.86,92.69,95.75,91.65,87.33,86.48,93.97,78.4,76.75,84.37,88.34,99.58,84.87,86.29,80.71,82.97,86.76,85.7,86.37,90.71,90.29,79.03,73.74,81.11,78.81,90.05,73.75,62.04,82.05,88.75,83.23,83.07,89.07,89.31,85.7,84.45,78.97,87.6,90.04,80.84,91.96,86.79,84.45,87.25,93.83,88.99,94.14,92.79,68.0,68.94,76.41,61.65,85.43,75.36,73.46,86.06,87.7,87.75,86.28,88.81,94.08,92.07,89.26,77.22,73.29,77.09,69.29,81.27,76.17,70.31,84.41,74.59,89.48,81.68,74.03,77.3,86.57,83.88,74.77,81.58,87.02,84.49,83.8,70.49,73.21,88.63,76.5,82.57,78.49,93.94,98.75,98.29,86.34,99.01,92.78,92.74,90.07,83.94,100.0,97.85,99.34,81.86,90.25,88.95,84.78,87.92,91.68,92.2,90.36,83.98,85.11,86.59,99.99,84.32,89.41,87.13,88.31,80.88,94.59,82.11,96.67,86.98,96.58,99.08,99.15,95.1,95.03,91.02,82.02,93.2,81.73,71.95,68.76,73.98,73.92,80.1,71.26,79.87,80.07,76.77,71.11,81.26,71.64,69.36,72.34,72.53,76.76,71.58,73.6,89.92,65.65,80.08,58.62,65.93,76.73,72.82,72.17,85.75,83.99,91.11,79.01,88.75,84.37,92.17,81.09,100.0,85.15,83.53,94.71,81.89,87.08,80.7,80.05,86.59,90.32,84.87,85.67,79.08,82.02,77.61,72.46,68.2,72.06,85.25,77.63,71.26,78.95,85.24,74.01,78.97,81.28,91.69,87.07,92.36,86.84,75.83,87.06,75.62,92.45,77.29,86.05,87.89,98.74,87.44,90.39,85.63,90.15,81.95,91.72,92.31,82.38,81.31,87.5,85.42,83.36,94.64,85.28,84.81,81.64,83.12,86.72,97.99,94.34,86.46,73.88,79.75,72.08,81.13,81.96,79.2,78.91,86.91,92.9,92.53,97.71,100.0,95.53,88.38,96.14,89.58,95.44,100.0,100.0,89.93,65.33,75.94,75.08,69.91,74.7,74.36,76.72,80.19,77.98,88.84,93.79,77.71,80.05,82.65,74.71,71.05,83.0,66.82,90.29,88.05,79.74,90.86,84.94,94.44,82.14,100.0,88.34,81.77,88.91,85.48,93.35,94.66,80.72,87.88,94.18,91.61,79.42,86.14,86.49,78.38,78.01,74.7,90.9
1040500053,Telkom University Jakarta,58.38,55.97,54.47,66.2,58.0,53.85,54.89,63.83,63.23,46.0,60.79,56.8,69.89,71.44,59.63,61.59,67.38,66.45,62.25,59.7,56.66,74.58,67.79,61.5,74.85,57.39,51.18,53.14,48.7,58.62,49.9,59.46,65.45,62.15,56.11,52.59,57.84,64.17,52.96,62.72,56.9,40.53,41.86,36.34,38.48,67.79,68.97,60.29,67.31,58.69,62.21,65.64,66.91,58.78,59.43,67.5,51.46,61.6,62.56,63.82,60.67,60.65,52.89,52.72,67.33,68.16,74.85,63.05,57.92,60.02,67.11,47.65,41.62,58.25,52.24,50.59,53.12,53.5,48.59,53.25,56.72,62.02,62.76,59.93,52.26,51.17,59.18,59.27,60.53,55.27,69.22,52.86,55.49,49.61,64.85,64.06,62.64,53.82,75.0,72.14,75.75,57.52,59.69,60.16,54.24,60.67,55.95,61.31,63.27,61.41,54.95,66.57,64.24,55.3,61.4,64.83,58.84,56.53,55.15,62.09,65.82,61.92,66.51,57.28,62.99,65.68,65.16,50.66,51.83,47.23,55.73,51.28,65.84,60.64,50.43,51.4,61.51,59.69,54.47,53.35,45.63,54.48,53.41,53.18,59.03,44.9,60.76,49.74,55.69,59.08,66.31,62.39,61.99,64.95,55.36,52.49,59.02,61.23,61.08,79.75,68.91,58.62,72.82,69.69,59.99,63.41,56.67,56.79,58.69,55.91,65.18,61.29,46.49,57.75,53.16,65.04,55.78,52.17,51.46,57.35,49.22,50.88,67.0,61.62,58.94,60.31,52.95,55.87,58.66,65.82,70.26,67.11,60.8,56.32,60.1,49.8,62.54,61.76,74.47,66.34,61.58,65.8,60.16,63.54,43.64,52.6,44.54,54.49,65.08,47.01,53.23,55.24,54.5,54.7,38.18,48.04,39.15,39.91,59.09,56.06,58.89,52.32,56.68,41.38,47.57,55.23,54.49,43.93,65.59,59.27,52.02,54.37,51.38,54.23,53.94,59.54,54.39,59.21,49.81,50.98,54.65,53.16,56.57,53.7,46.64,65.3,61.03,57.36,47.13,53.49,54.5,46.67,48.79,41.25,39.54,43.93,42.74,47.23,44.3,48.93,53.38,36.17,59.08,50.18,69.59,56.29,57.71,41.68,42.76,62.95,48.39,61.6,57.23,51.2,49.01,47.81,54.29,48.94,48.61,69.18,59.38,68.63,49.52,52.34,54.91,44.36,54.96,58.35,37.68,60.95,60.21,62.04,64.46,58.24,61.22,47.39,50.81,54.35,60.69,55.17,57.26,47.6,50.94,58.05,65.67,69.71,69.28,62.87,57.03,52.11,47.76,58.92,44.3,49.92,57.1,55.36,64.88,64.41,48.35,50.27,55.79,56.42,63.33,67.0,66.34
1040500054,Telkom University Jakarta,72.56,69.99,63.42,74.53,79.44,78.6,72.22,82.71,83.6,66.29,77.23,62.63,57.93,66.74,74.24,64.13,74.23,81.57,78.9,72.11,79.31,67.59,76.21,78.92,76.32,85.43,79.22,88.93,68.37,61.89,60.84,73.64,58.68,61.37,56.3,58.64,61.68,87.63,77.65,78.76,80.12,77.23,85.81,72.1,68.02,81.15,81.34,87.88,84.84,84.37,82.56,74.02,73.77,85.86,81.15,84.87,65.73,71.45,61.59,58.62,70.83,74.39,75.2,60.21,61.04,68.62,69.72,72.71,70.93,62.94,77.22,82.01,73.14,77.88,72.35,61.33,74.49,61.0,74.78,76.38,77.77,63.38,77.68,69.87,83.33,88.51,77.24,81.41,86.34,78.23,50.07,65.95,62.8,56.76,69.87,79.08,77.14,72.53,73.93,67.51,65.59,61.08,82.74,67.19,73.8,81.37,77.6,77.04,78.12,73.76,78.2,76.23,73.47,81.2,85.23,79.89,91.91,79.37,76.64,80.74,76.19,78.18,81.13,74.66,78.37,75.32,87.37,69.79,70.28,76.18,79.73,75.5,75.81,73.17,78.2,66.75,78.56,63.12,74.62,85.8,80.44,68.4,74.78,84.99,78.74,81.17,80.76,77.39,82.95,94.39,85.45,85.9,79.23,78.92,72.43,83.02,78.55,74.8,72.57,69.93,78.97,63.45,70.79,64.88,67.09,89.1,80.96,82.45,77.27,76.76,83.87,80.82,85.31,76.86,76.13,69.71,76.59,80.49,68.62,81.0,78.96,79.04,80.42,69.9,81.27,69.41,68.48,70.78,65.1,71.7,76.64,84.14,78.0,73.71,64.17,66.1,69.81,63.07,56.47,67.35,72.46,74.25,71.63,67.23,73.36,76.72,68.73,71.33,65.09,65.15,61.8,62.74,85.65,83.0,78.28,73.76,76.32,86.36,88.43,83.09,75.57,83.51,88.88,80.7,79.66,77.86,81.61,77.96,66.15,69.51,78.42,63.01,65.09,71.91,77.43,63.08,65.46,65.29,65.84,70.77,66.69,79.93,78.47,72.9,67.53,69.47,68.96,65.6,74.26,75.17,69.98,65.87,83.33,74.24,70.74,67.11,73.37,66.71,77.77,70.26,70.17,76.78,82.22,81.12,77.36,89.7,78.14,77.86,74.31,85.06,66.22,70.19,73.52,67.19,68.81,71.94,80.13,76.66,80.92,56.7,66.11,63.38,78.09,78.66,81.37,85.01,79.96,75.82,82.36,83.58,76.82,86.08,74.89,69.93,70.79,69.76,74.9,75.22,64.18,78.55,73.34,99.69,81.55,86.51,81.58,69.17,89.05,77.52,84.99,83.79,77.39,88.93,76.56,80.7,74.0,80.79,69.35,80.05,79.02,74.73,93.33,78.26,80.66,72.96,87.07
1040500055,Telkom University Jakarta,86.39,80.86,100.0,86.51,91.15,97.39,78.01,91.87,100.0,93.36,80.33,88.57,98.29,94.44,89.14,97.26,90.42,81.98,84.66,96.75,100.0,90.38,89.21,84.15,90.29,93.52,99.33,87.17,81.31,92.07,96.93,87.03,87.97,80.6,85.56,70.15,84.57,95.77,89.03,100.0,83.66,72.18,61.8,64.74,77.29,98.42,92.2,97.46,93.7,92.97,86.25,97.9,87.44,86.02,87.94,98.25,99.84,92.88,95.26,100.0,86.23,83.68,82.15,86.13,92.39,95.9,78.31,91.13,76.59,76.82,77.52,77.22,85.67,77.34,70.21,75.08,99.7,92.7,95.99,84.97,76.02,79.49,76.89,72.52,89.23,72.76,91.14,90.09,88.36,100.0,84.14,95.12,82.81,91.96,90.11,78.84,82.88,90.02,90.44,91.57,97.27,90.15,83.5,98.07,89.2,74.87,93.94,84.38,79.99,75.34,82.23,81.01,92.9,87.07,84.8,92.48,85.86,89.55,86.61,82.01,82.6,82.88,91.45,81.72,95.14,85.37,82.99,84.29,88.17,100.0,77.64,91.49,89.74,96.73,100.0,92.52,100.0,81.01,81.58,80.23,87.6,91.47,84.4,88.4,84.18,82.2,90.24,83.03,85.7,84.81,86.4,79.41,100.0,92.4,100.0,92.69,92.23,87.0,80.16,63.24,77.22,77.98,77.72,78.2,80.2,89.76,93.18,79.76,86.52,80.79,91.98,89.33,93.81,77.99,88.57,89.69,94.38,82.75,88.01,81.53,86.83,78.8,81.24,90.48,90.07,87.16,83.58,74.62,90.42,85.54,93.86,87.16,89.8,88.88,80.5,78.92,84.07,86.23,79.45,94.07,88.84,90.04,97.25,91.39,84.98,95.7,81.17,79.24,79.87,78.01,69.68,77.07,83.82,75.33,80.2,82.04,88.76,96.35,94.05,96.05,99.19,98.33,92.82,78.4,86.68,88.18,93.35,93.35,89.5,89.51,82.1,86.88,83.95,81.91,74.13,84.94,82.94,80.53,90.46,89.36,95.53,84.19,90.09,76.86,84.37,83.38,83.96,73.85,95.01,91.21,97.55,85.35,97.47,98.97,88.12,100.0,86.28,95.51,84.21,84.02,89.88,100.0,79.5,85.02,82.38,70.91,70.53,87.74,85.25,71.7,86.28,95.67,99.05,86.11,93.63,94.46,88.29,86.88,100.0,80.83,89.29,79.14,84.74,93.8,91.2,94.95,91.83,86.28,80.51,94.73,86.16,89.52,94.18,89.27,91.68,81.75,70.88,81.51,77.62,77.36,84.72,82.71,80.03,97.86,97.97,92.42,94.63,81.48,86.76,82.51,72.19,79.29,77.76,83.99,84.47,97.87,83.33,96.44,85.81,78.17,92.93,84.75,82.32,75.47,81.17
1040500056,Telkom University Jakarta,57.91,54.8,46.39,64.01,70.29,47.77,55.94,56.22,63.14,51.03,57.35,54.06,48.75,64.04,53.81,59.94,54.42,62.93,52.32,73.13,51.23,52.86,53.47,56.51,56.05,63.14,60.58,55.91,61.86,58.28,56.43,54.67,57.51,68.0,56.03,45.29,55.32,77.83,55.41,60.1,68.33,60.59,61.19,49.57,50.03,38.54,52.19,63.11,49.84,50.51,55.45,54.83,60.65,60.91,52.72,51.22,54.62,66.8,66.04,74.13,51.07,49.15,53.55,59.14,73.55,65.24,61.5,47.69,49.54,56.85,57.61,48.71,53.42,40.61,60.1,52.28,58.09,55.71,51.46,62.05,57.62,51.79,71.45,50.06,53.04,52.93,69.32,65.59,61.52,59.93,56.14,55.42,68.73,60.91,62.82,65.07,62.35,59.47,65.74,59.9,73.96,70.35,59.44,72.38,67.57,67.4,68.46,68.12,55.75,79.49,72.65,49.6,65.7,66.22,69.36,59.87,62.74,68.43,54.85,64.64,60.41,67.06,69.22,59.53,62.25,65.15,59.35,60.86,57.77,61.16,54.92,60.67,50.18,49.24,45.4,64.96,54.88,53.98,54.38,51.89,45.02,38.48,58.92,54.53,57.2,54.36,51.25,42.49,47.52,55.99,49.94,51.82,52.57,51.2,50.39,48.49,54.25,58.37,57.43,64.33,69.36,59.82,51.0,72.38,54.3,53.88,52.65,50.92,49.47,54.74,49.29,50.54,39.3,53.75,53.26,45.89,47.95,48.83,42.23,50.01,48.85,48.75,46.89,45.41,55.98,59.22,53.09,58.22,48.53,43.34,62.11,57.84,52.04,62.38,54.2,56.92,55.91,57.59,53.93,62.85,73.94,55.65,62.63,64.71,56.84,61.5,64.66,66.61,64.4,54.62,60.91,58.94,68.83,65.41,72.58,77.4,60.18,57.43,56.16,61.68,67.36,67.96,64.48,64.13,68.53,61.96,57.36,60.79,65.65,59.02,62.45,57.86,51.68,52.62,61.15,52.08,46.91,46.57,55.38,67.18,52.84,61.53,53.06,52.59,55.36,40.42,41.29,39.54,43.41,59.19,47.26,48.54,66.8,50.4,57.27,43.06,62.66,57.03,45.23,54.75,52.99,54.96,44.57,51.25,40.49,50.48,49.35,45.98,49.77,48.96,58.76,55.15,51.19,57.45,54.51,55.18,57.04,58.68,52.92,52.42,59.74,63.53,65.6,69.75,57.71,71.22,67.19,69.45,74.34,69.9,62.47,51.39,50.95,60.29,39.93,48.03,60.76,57.23,59.63,48.3,52.63,39.41,61.62,64.62,60.41,65.89,58.35,67.17,59.67,48.44,54.87,56.65,62.29,58.34,72.68,60.29,55.9,61.11,55.34,47.94,55.71,39.22,36.32,48.93,31.38
1040500057,Telkom University Jakarta,86.77,100.0,92.66,87.88,78.8,87.37,93.36,77.24,89.42,83.87,84.38,83.88,85.97,93.31,84.76,77.5,83.96,81.92,86.77,82.87,85.87,82.26,84.02,81.33,71.25,76.58,73.67,72.01,100.0,100.0,84.85,100.0,98.4,87.55,89.84,93.3,86.65,98.4,89.63,98.49,89.74,81.94,79.75,71.89,82.19,66.68,74.13,80.13,71.01,67.88,68.52,75.81,76.65,75.86,70.59,72.97,75.13,87.66,92.67,91.24,97.72,86.0,76.81,91.46,81.1,93.42,86.61,89.65,89.92,94.04,99.31,80.72,93.86,77.15,79.07,72.97,90.78,96.12,95.92,88.01,94.04,85.73,74.64,72.95,82.76,85.36,71.8,78.15,72.1,73.32,85.45,83.12,73.76,78.17,79.27,88.04,85.33,86.15,95.23,84.36,88.95,81.59,72.83,73.53,76.02,70.63,79.75,79.85,79.21,78.41,79.74,70.77,81.01,74.42,70.98,70.26,80.04,70.96,69.98,79.62,77.21,84.22,77.03,67.45,77.35,83.13,94.27,84.91,89.5,82.08,91.74,85.56,86.4,85.82,95.7,91.77,84.25,87.96,86.13,92.75,100.0,86.27,89.77,90.08,94.26,81.27,95.52,84.04,72.72,75.94,74.89,84.29,74.66,69.85,76.93,87.81,76.84,75.17,85.18,87.21,78.45,78.22,77.45,71.46,73.19,96.29,78.9,93.79,90.64,96.73,100.0,99.96,90.14,96.97,95.64,92.14,92.03,97.87,92.71,97.37,100.0,94.73,93.09,91.97,86.53,89.04,98.45,87.51,85.6,89.2,89.34,92.77,97.61,82.24,96.32,81.3,82.21,81.19,85.83,80.98,90.81,87.54,86.2,82.56,83.32,85.32,92.81,92.61,94.35,90.71,93.23,81.0,95.48,88.53,87.35,93.29,95.91,84.28,97.32,90.72,100.0,100.0,83.71,94.03,85.09,99.65,89.79,93.33,71.23,74.18,75.03,58.74,96.01,93.77,95.25,88.57,85.3,95.06,96.9,91.85,93.76,91.95,88.07,69.8,68.87,83.94,69.75,79.34,72.38,79.38,77.7,74.49,83.5,77.48,81.99,86.2,80.89,75.27,82.03,82.61,80.19,82.85,84.9,86.09,93.22,91.14,87.67,81.62,84.64,90.64,87.09,96.61,88.84,78.45,82.37,80.49,84.38,90.41,92.85,90.27,95.89,92.27,75.79,78.94,78.06,79.64,80.49,76.14,72.69,83.13,76.88,71.39,79.45,82.01,79.2,88.05,82.42,91.71,87.63,90.61,82.91,95.51,88.59,100.0,87.12,93.74,99.07,100.0,99.47,67.87,73.41,65.3,76.63,74.0,77.87,73.84,79.12,72.2,81.5,100.0,93.71,100.0,90.61,99.68,84.67
1040500058,Telkom University Jakarta,91.84,88.53,91.06,90.43,79.11,92.95,96.93,94.24,57.98,59.15,66.99,59.85,73.24,65.86,76.94,81.36,75.55,70.32,64.38,70.66,65.53,61.76,67.45,74.36,80.48,76.92,76.34,80.91,88.21,90.22,81.48,82.69,75.49,94.08,95.32,84.09,88.7,75.23,84.87,80.85,85.18,85.4,80.7,76.54,95.93,87.94,83.5,84.01,90.33,80.8,89.74,85.28,94.65,81.26,95.55,83.44,71.72,81.21,69.36,73.29,90.57,92.24,83.93,86.42,71.87,84.58,76.53,75.28,78.02,83.31,84.43,85.89,90.89,86.08,86.86,92.62,82.88,85.82,79.8,99.2,99.19,90.71,61.38,67.1,65.32,61.76,79.85,76.33,76.95,76.76,83.73,87.07,87.68,83.3,94.22,95.03,92.24,78.53,71.58,82.46,83.02,83.26,92.56,86.36,91.73,96.27,96.31,86.42,94.47,100.0,82.35,78.28,91.16,95.91,95.16,98.55,84.39,100.0,98.63,98.2,92.93,90.96,92.15,85.97,89.23,87.34,100.0,99.55,93.73,92.96,75.18,85.83,96.68,75.81,99.23,95.38,83.58,86.7,91.39,89.97,94.02,82.51,77.35,95.95,94.48,100.0,100.0,93.67,64.03,68.46,62.04,76.41,57.7,70.73,77.45,62.58,64.48,67.92,86.57,89.06,100.0,83.02,72.9,88.08,96.59,96.43,82.28,100.0,65.98,87.68,78.35,81.78,79.35,83.22,74.83,79.2,78.43,81.42,77.09,80.48,75.27,75.92,72.74,79.77,83.66,89.38,83.25,80.14,74.85,84.57,97.69,87.74,94.36,91.77,99.96,80.05,100.0,98.45,92.73,69.21,81.19,78.82,77.64,78.48,86.94,98.58,86.61,80.17,83.86,81.4,87.01,82.73,84.67,90.01,85.08,93.36,87.08,82.42,92.83,96.91,86.92,85.61,84.44,91.33,85.43,81.51,76.34,90.61,86.98,83.66,86.97,81.23,97.38,88.29,84.52,82.99,86.38,93.16,79.15,68.34,81.58,77.9,81.14,88.94,94.87,89.82,96.32,84.27,80.73,80.91,100.0,95.48,92.54,83.13,81.05,98.82,99.22,90.84,90.59,92.19,79.42,93.6,81.59,92.01,85.53,95.33,85.18,82.57,96.12,94.88,80.13,79.07,62.88,68.47,84.66,67.99,93.05,80.49,73.99,90.69,72.38,93.62,85.82,76.36,81.05,86.31,86.48,79.44,74.81,80.73,84.13,88.56,85.34,86.12,81.01,93.85,87.42,71.17,79.39,78.0,76.45,99.19,93.58,92.32,92.9,92.46,77.06,83.38,85.9,90.11,85.98,91.18,95.89,93.22,82.51,79.94,73.58,75.0,95.84,86.08,100.0,83.12,89.94,92.51,84.59
1040500059,Telkom University Jakarta,80.37,97.69,84.06,92.96,87.52,85.86,88.83,92.22,65.86,69.7,73.29,78.97,68.35,73.93,76.13,69.15,69.84,83.91,79.33,72.5,73.62,69.89,82.44,89.2,98.45,87.13,86.68,93.03,81.48,86.59,80.01,77.81,90.98,79.56,84.41,75.9,74.89,87.77,82.15,92.92,94.32,68.72,66.5,62.69,69.63,80.45,100.0,68.31,88.52,75.96,77.54,93.14,92.91,84.52,89.18,91.7,80.54,94.82,87.89,98.42,86.44,82.83,85.08,85.54,82.99,98.95,87.81,85.59,77.13,79.54,86.06,100.0,84.12,78.51,76.87,71.6,90.07,79.27,85.65,85.26,88.2,100.0,98.53,81.31,94.0,92.67,100.0,91.4,82.86,99.5,85.22,94.09,94.49,97.91,73.31,77.53,84.13,75.19,85.33,76.8,84.88,77.05,82.06,72.52,87.05,74.0,74.38,70.43,86.44,81.64,82.27,85.2,71.93,78.3,65.24,78.95,69.3,78.39,83.76,75.07,82.53,73.55,90.47,77.21,75.23,80.57,86.56,82.62,68.72,80.95,75.53,74.9,80.13,82.75,74.57,71.48,83.03,73.45,82.85,66.82,73.23,68.69,68.08,69.31,66.98,71.56,65.83,69.72,99.11,83.75,88.24,90.66,84.54,95.98,97.03,92.65,90.8,87.2,100.0,92.03,88.23,98.39,97.93,90.48,82.05,79.66,77.68,66.68,94.54,94.01,79.33,76.55,87.24,82.7,84.26,83.55,78.48,90.81,85.49,85.42,83.49,85.47,84.52,84.48,90.37,79.14,76.72,89.14,94.06,78.93,93.88,95.58,72.41,100.0,89.15,89.79,80.36,84.3,92.45,77.68,83.81,83.89,85.76,71.78,69.13,83.7,66.91,66.71,74.8,75.68,68.92,71.09,69.22,58.49,80.93,63.65,61.25,62.21,55.48,73.04,70.31,58.76,70.76,71.5,78.13,71.88,80.07,65.59,88.04,98.56,96.81,80.45,89.71,97.26,89.65,91.96,89.38,92.35,82.79,92.28,63.3,74.04,84.56,100.0,95.64,91.7,86.02,80.84,86.31,92.67,94.69,84.28,90.22,92.73,83.53,85.14,89.31,77.93,92.15,93.19,95.57,93.09,97.27,92.73,90.26,80.99,100.0,88.46,97.42,88.29,87.3,85.22,89.79,89.23,86.05,77.08,79.25,74.06,82.54,89.86,92.56,96.06,93.26,93.36,80.35,84.92,81.2,91.93,84.51,81.09,97.11,91.2,90.3,90.1,85.35,71.9,78.81,71.08,80.49,76.22,86.17,81.21,96.48,86.35,87.51,94.58,94.39,91.27,100.0,76.7,85.65,84.14,98.11,85.4,74.61,72.55,81.45,74.28,91.22,87.92,90.37,89.81,97.17,91.07,84.99
1040500060,Telkom University Jakarta,88.23,90.49,94.57,95.98,100.0,96.94,94.83,99.19,66.71,80.68,83.28,91.74,73.79,84.89,94.83,80.0,86.26,86.57,79.96,78.18,91.27,83.09,76.68,92.97,79.39,85.26,79.84,85.62,81.39,80.03,71.51,88.72,77.22,77.67,75.13,75.97,83.62,78.32,80.94,67.09,86.75,86.71,92.98,91.16,78.07,92.54,83.35,81.19,91.03,88.05,86.75,87.74,87.29,70.29,83.87,93.32,87.66,77.97,81.87,75.23,83.11,73.69,90.04,74.35,88.7,85.68,87.81,93.18,74.03,77.73,78.86,74.53,72.54,97.77,86.63,75.98,80.41,94.4,87.22,77.93,82.81,80.57,89.33,84.24,91.72,83.61,88.65,95.32,83.17,100.0,88.6,85.58,95.18,93.97,100.0,85.15,86.56,85.48,82.76,88.43,75.48,93.94,92.39,79.04,75.03,89.49,81.08,87.53,85.6,87.57,89.97,83.22,89.96,85.4,87.71,89.48,96.04,92.38,88.17,81.66,90.48,84.19,91.56,81.74,84.72,95.2,95.86,78.73,92.63,85.7,82.35,79.56,96.59,91.26,79.78,91.18,85.11,84.07,80.32,90.23,73.92,79.9,80.67,80.03,91.99,87.01,73.12,80.23,77.15,85.22,66.36,86.12,93.65,83.71,75.27,92.74,87.49,81.99,77.04,80.13,88.09,79.85,78.78,76.63,70.13,89.66,93.5,90.48,92.25,85.84,86.32,77.92,77.49,92.7,96.07,95.04,87.73,76.97,89.32,92.77,86.59,84.83,87.97,80.05,95.03,86.52,90.3,80.6,88.21,99.18,72.86,77.63,77.13,70.39,79.8,100.0,82.41,89.58,89.17,94.36,96.81,80.94,92.39,100.0,82.47,86.57,76.73,89.07,81.6,76.6,87.52,71.11,88.32,84.58,84.27,82.06,99.2,84.27,85.43,91.56,70.52,81.02,82.0,85.74,89.43,91.49,83.1,87.11,84.95,90.3,82.54,68.7,99.84,95.82,80.26,75.91,93.35,91.69,79.79,77.96,76.37,66.46,79.79,85.98,95.57,92.48,84.54,83.72,91.59,80.05,77.74,82.8,86.79,85.02,70.03,94.2,80.09,78.75,83.73,73.47,91.03,84.23,81.65,85.3,74.4,81.52,84.74,86.29,73.92,93.09,88.06,81.86,90.71,90.68,81.73,87.15,92.16,88.84,81.01,97.31,82.54,81.17,84.08,84.0,92.09,90.46,82.52,81.32,82.09,74.93,86.97,76.23,90.97,78.05,83.96,100.0,86.47,84.03,91.65,94.82,84.76,78.25,91.28,85.01,77.38,84.16,83.97,91.42,93.65,74.28,84.09,72.88,75.9,69.53,85.75,84.92,83.96,92.23,100.0,95.14,87.64,100.0,89.54,83.97,86.09
1040500061,Telkom University Jakarta,81.05,81.45,81.83,73.4,60.62,74.31,72.08,72.11,75.08,81.31,77.67,79.83,78.31,81.13,85.7,87.79,74.17,85.64,77.72,94.31,71.11,91.9,76.85,69.71,72.56,73.8,78.74,73.21,74.46,84.24,76.63,79.42,77.11,83.25,75.36,79.88,77.55,78.32,71.7,67.98,66.51,64.5,85.15,72.26,83.48,74.46,76.37,78.86,81.9,86.66,83.14,75.91,84.21,70.98,78.45,80.1,85.11,68.2,74.25,85.87,85.5,78.29,72.61,71.21,72.17,82.0,68.8,78.8,63.38,69.96,67.58,72.0,65.96,82.25,71.53,91.38,80.48,72.56,69.98,67.09,72.07,70.47,78.37,88.22,76.79,81.44,54.92,85.68,75.16,76.03,81.9,68.35,58.04,65.28,67.28,71.37,71.41,73.27,74.23,71.71,77.98,80.67,71.87,79.21,70.3,66.07,87.38,83.93,71.29,79.29,82.44,65.53,70.87,77.3,81.9,65.94,89.29,77.7,82.7,69.64,81.8,61.05,67.43,78.68,77.29,75.09,71.8,71.26,77.73,69.38,60.34,70.63,58.93,67.81,68.46,74.54,78.38,70.34,66.67,76.33,81.57,87.08,89.87,88.42,84.79,77.19,84.31,85.73,78.51,73.47,76.22,80.28,59.01,74.88,73.47,84.5,86.42,78.13,71.13,57.55,60.17,70.97,55.47,71.49,68.47,79.23,86.64,87.13,79.66,86.18,81.46,81.65,81.98,74.5,91.11,81.9,82.7,85.46,77.25,86.23,79.18,75.01,81.76,85.88,74.58,79.47,77.95,87.66,85.5,79.42,68.1,66.24,61.31,65.11,68.1,73.06,81.92,73.28,68.17,71.5,71.27,77.87,74.93,78.61,79.06,70.42,78.62,67.78,76.31,71.53,71.52,79.26,72.78,64.26,73.99,69.61,64.52,79.31,79.13,70.58,70.83,63.11,60.11,66.25,71.3,73.15,68.0,67.92,76.27,74.08,73.42,68.25,69.22,69.47,75.05,71.67,76.32,86.19,82.6,75.96,76.54,78.94,81.36,62.78,68.34,65.64,72.39,61.39,73.71,66.25,61.38,70.47,74.64,67.49,76.95,75.94,70.79,82.16,56.71,73.15,80.9,70.45,72.64,87.18,77.43,76.92,87.78,85.87,75.74,67.46,65.15,66.98,77.86,73.9,78.45,83.74,65.48,74.69,70.14,79.04,77.88,92.25,81.72,90.97,78.09,67.32,76.46,82.26,79.31,82.68,77.43,91.71,91.64,92.97,79.99,78.82,73.99,87.86,80.22,80.75,87.08,81.63,78.57,76.87,92.24,64.59,78.34,67.21,74.71,66.38,84.08,67.85,79.7,81.24,56.4,61.79,59.45,54.26,88.45,67.28,86.83,58.64,73.36,61.96,65.31
1040500062,Telkom University Jakarta,100.0,92.94,88.39,94.01,98.6,100.0,92.64,94.28,95.42,86.59,93.72,89.54,83.47,95.91,71.56,88.51,83.69,86.79,91.18,79.42,84.22,100.0,96.74,84.63,85.05,91.58,87.07,85.68,88.96,88.32,81.22,94.32,92.68,84.5,80.9,90.36,78.13,93.41,90.23,85.23,88.81,90.9,94.57,85.48,80.55,90.25,95.85,90.41,90.45,84.77,89.98,100.0,90.31,90.88,99.26,100.0,87.05,89.78,88.26,93.46,91.3,90.14,77.75,92.77,84.69,89.64,79.5,79.13,98.69,93.43,92.94,82.35,79.94,66.81,86.98,83.08,96.71,79.04,86.09,80.22,82.01,81.72,77.54,72.18,90.37,78.94,80.33,82.61,80.63,92.16,63.39,75.59,78.18,72.91,74.57,67.23,67.41,77.38,76.81,90.98,80.53,86.69,93.1,78.12,83.24,87.44,95.99,93.14,77.9,84.9,89.8,84.26,93.2,88.79,75.48,90.64,79.3,98.17,90.51,89.59,86.08,90.02,94.75,90.82,88.92,90.86,89.84,80.77,78.57,81.82,85.76,77.22,76.85,73.98,81.07,73.01,74.58,74.75,70.86,96.56,83.16,95.34,75.51,80.76,88.5,98.35,82.65,88.13,76.74,80.3,78.91,88.57,85.11,94.62,73.74,82.34,81.44,78.75,72.93,80.15,85.19,80.82,80.04,94.9,93.12,83.67,75.98,88.18,87.59,90.62,76.08,89.19,91.2,87.72,78.74,81.57,78.52,85.62,81.42,94.84,100.0,90.31,85.36,81.61,91.42,90.31,88.57,87.98,90.24,83.26,73.0,84.96,63.2,81.25,72.0,72.45,73.08,76.25,83.21,94.55,92.26,88.38,91.9,84.88,88.52,85.84,82.35,69.95,92.9,92.89,90.82,85.38,82.43,95.05,77.41,93.68,90.55,75.43,89.95,85.98,87.75,87.92,88.17,88.81,87.34,98.49,79.22,91.06,92.05,86.35,95.35,93.11,80.72,86.1,77.61,67.67,84.94,84.77,89.05,72.66,83.77,88.41,92.44,76.85,74.18,72.43,70.16,89.01,79.9,79.62,83.99,96.03,73.63,85.14,82.81,80.35,74.83,83.81,77.41,84.6,78.32,77.17,97.95,93.21,88.25,88.59,91.54,100.0,85.36,79.56,80.07,80.13,66.21,75.59,75.83,81.6,71.86,73.74,75.49,86.32,77.76,76.8,95.77,87.99,90.88,87.43,77.87,88.74,86.67,90.61,93.46,85.41,76.89,77.92,73.34,85.95,89.47,83.15,73.38,77.26,87.46,90.35,89.2,93.23,89.98,87.54,75.82,72.64,81.28,85.28,83.38,83.93,91.59,88.69,70.77,82.08,78.68,82.52,84.88,74.38,96.91,85.09,79.15,73.74,87.22
1040500063,Telkom University Jakarta,94.89,96.54,86.03,86.07,97.62,90.63,94.85,82.78,65.45,73.5,69.33,77.24,68.44,68.55,84.16,71.28,72.93,75.09,65.29,82.56,74.2,69.64,79.3,76.25,88.77,89.66,90.11,84.0,89.43,85.62,85.8,85.76,88.26,76.09,88.42,98.64,92.49,82.24,100.0,86.42,94.34,95.08,83.36,90.08,85.24,74.58,79.89,91.28,88.56,86.75,83.54,76.93,75.71,87.65,75.14,84.3,88.06,82.43,84.0,90.85,76.74,81.22,68.04,79.65,87.86,83.45,85.39,80.81,89.68,87.1,100.0,86.1,85.67,84.51,94.31,85.07,94.03,100.0,88.4,83.25,88.27,93.0,86.33,76.68,76.6,79.13,72.43,77.8,82.71,78.28,92.42,100.0,100.0,91.75,77.49,85.09,86.55,85.22,74.76,83.32,79.58,87.73,85.85,79.23,84.14,91.22,87.42,90.07,93.61,92.64,71.5,85.82,86.18,100.0,90.49,93.96,94.23,93.97,94.03,92.82,100.0,84.17,96.5,100.0,89.3,91.25,92.23,81.46,88.65,82.5,85.0,76.87,79.38,94.92,84.62,87.69,75.05,90.37,85.66,77.55,70.45,87.42,78.63,81.48,78.23,77.63,89.31,79.27,89.38,78.32,99.14,99.73,88.62,92.44,91.22,89.68,88.73,95.08,73.05,95.34,78.47,96.8,83.07,89.09,77.16,85.66,75.08,81.94,89.43,71.65,77.23,76.97,86.32,90.54,89.71,92.38,92.94,80.38,87.0,85.71,73.55,93.11,83.9,81.92,87.03,82.1,77.68,86.72,100.0,79.13,88.1,94.13,93.35,95.29,86.57,94.74,97.54,85.74,89.45,86.98,79.6,75.77,84.19,82.01,94.12,86.99,75.17,91.35,89.38,91.21,81.5,91.54,92.06,99.94,86.81,87.01,86.22,83.02,87.08,93.89,99.74,100.0,83.66,93.95,86.89,100.0,90.17,100.0,72.12,85.6,82.71,83.43,73.39,75.23,88.11,74.26,79.0,78.4,88.48,88.25,88.98,90.24,82.91,75.61,100.0,79.1,78.13,86.18,81.23,88.99,84.57,91.55,94.93,99.77,100.0,96.23,94.22,91.21,91.86,74.5,90.68,79.22,91.83,83.47,100.0,78.52,97.65,92.91,87.26,92.8,87.96,88.07,81.41,84.93,96.1,92.22,91.73,90.8,82.88,70.23,75.81,87.19,84.2,95.49,83.71,90.24,87.28,82.78,71.91,86.74,86.82,81.76,82.36,88.14,77.86,75.52,82.84,86.84,80.53,80.84,88.41,80.61,89.97,94.96,87.99,74.58,64.66,69.93,71.86,81.71,100.0,93.93,94.26,92.8,82.56,89.65,69.98,82.42,94.18,90.84,91.65,69.2,85.84,71.39,77.18
1040500064,Telkom University Jakarta,51.78,60.59,60.5,62.04,57.98,47.99,52.04,40.47,67.1,62.49,69.28,60.72,53.39,70.07,59.91,68.8,70.97,73.15,59.57,66.99,69.39,68.04,66.26,60.82,67.66,60.35,57.46,54.63,51.25,70.38,59.9,55.43,56.67,56.01,69.59,49.69,51.85,58.43,58.84,54.1,68.13,52.05,62.32,55.85,49.32,49.91,50.07,58.33,63.28,52.65,61.61,39.58,46.58,52.22,44.57,61.98,62.84,64.41,57.86,51.45,46.78,51.55,52.65,45.47,57.41,50.49,43.31,54.05,44.78,50.69,56.58,55.29,51.25,50.7,64.51,53.53,58.67,47.15,49.75,49.32,52.19,52.12,63.96,63.57,63.38,53.95,69.07,55.53,67.95,71.14,60.24,71.74,63.56,54.91,52.16,53.34,52.36,61.33,53.63,57.6,45.2,77.19,70.27,63.07,67.02,70.24,63.55,69.62,61.77,58.91,79.97,74.58,74.89,58.72,66.81,70.22,58.85,61.52,61.53,65.6,59.5,51.32,73.0,60.72,72.68,59.33,76.35,62.7,50.72,48.06,53.92,57.42,67.54,54.17,61.58,55.34,56.39,51.11,56.45,56.96,64.56,56.03,60.97,62.33,76.21,62.94,68.06,68.3,62.4,50.78,53.3,54.13,63.68,59.69,45.78,50.09,51.67,53.8,63.99,52.17,51.86,60.96,44.91,55.12,45.28,55.84,53.05,49.22,54.83,50.13,58.52,54.85,60.99,59.53,60.63,44.15,62.97,61.45,56.77,68.45,57.67,60.63,64.96,61.35,49.71,58.49,65.04,51.67,53.31,58.65,60.66,56.22,46.45,50.32,58.78,55.79,52.1,55.93,59.72,59.16,64.76,55.37,56.64,64.48,53.41,44.02,52.38,44.33,51.24,51.3,51.65,45.6,56.31,41.18,54.66,67.79,51.02,61.11,57.11,59.76,65.95,67.49,57.65,57.94,66.54,54.05,61.73,60.88,58.9,51.32,49.55,54.74,64.4,66.98,69.89,57.06,59.41,68.39,51.26,50.69,41.8,46.5,49.83,71.86,63.58,65.74,65.41,66.21,48.84,51.03,62.58,67.06,60.73,65.05,54.06,61.4,59.34,62.49,54.78,57.42,63.72,62.08,63.48,61.89,65.64,63.5,61.86,67.87,68.36,65.75,63.87,60.2,57.87,57.89,53.18,62.67,59.74,52.05,45.26,64.3,49.63,59.42,56.91,63.76,56.07,74.01,67.11,60.03,58.83,49.95,70.6,61.36,53.75,68.74,52.2,43.41,40.64,44.64,38.84,39.69,46.74,55.35,53.49,56.51,54.42,68.02,58.5,53.27,47.91,57.52,57.62,67.2,60.57,74.03,39.02,46.38,46.86,52.96,49.38,51.74,48.74,56.3,53.61,71.06,60.52
1040500065,Telkom University Jakarta,99.77,94.05,88.85,91.61,87.84,100.0,90.68,100.0,89.62,94.25,92.15,86.29,100.0,90.81,91.09,86.91,87.6,86.71,92.74,94.34,83.0,100.0,92.01,87.96,81.06,80.39,83.29,93.73,76.87,72.28,60.55,69.94,69.49,75.54,73.21,77.27,78.67,88.57,78.56,74.09,75.61,80.79,79.72,70.02,78.93,88.65,87.09,89.01,88.84,83.72,87.54,93.35,81.13,74.28,78.33,77.92,86.96,79.56,90.3,79.42,66.93,70.46,76.26,81.77,80.66,80.78,89.08,91.11,84.14,99.34,82.57,83.22,66.34,79.51,86.03,86.86,68.65,77.83,71.51,92.7,98.06,85.36,87.98,94.53,90.26,92.21,99.52,88.73,85.34,87.9,75.56,76.22,85.01,79.83,85.04,79.85,92.81,83.36,69.65,81.47,89.7,95.37,92.04,86.57,87.79,76.92,75.75,91.88,91.96,76.99,89.52,82.46,88.47,91.0,91.25,80.7,82.86,87.71,90.77,85.0,93.87,93.21,80.87,80.41,81.77,94.78,80.2,86.07,100.0,70.51,84.15,80.61,82.63,83.05,73.17,84.74,77.33,76.17,93.96,67.69,80.64,78.1,84.13,71.77,88.62,82.52,79.67,77.37,80.54,74.53,63.95,82.18,73.8,87.39,69.85,76.52,79.74,81.8,75.62,87.18,85.04,78.25,77.08,78.71,88.65,80.13,100.0,82.38,92.0,81.85,80.41,84.44,72.2,81.45,86.47,96.27,81.66,87.94,84.43,82.03,94.63,86.06,89.6,88.09,75.23,87.25,80.31,85.75,90.66,83.68,82.43,87.0,89.34,89.2,93.23,94.36,87.73,85.22,83.18,67.02,70.95,73.92,78.14,72.41,86.28,100.0,100.0,83.5,90.09,96.65,100.0,97.82,88.77,86.8,95.39,86.55,75.16,78.66,82.11,86.65,85.03,80.83,79.83,83.5,88.01,75.56,85.0,82.42,86.44,79.9,73.98,78.93,71.25,69.9,76.09,67.98,71.34,76.65,79.09,78.18,77.36,78.61,74.18,91.62,82.66,80.57,95.2,78.9,71.8,81.45,66.82,67.0,69.78,72.52,73.59,79.44,63.77,66.87,68.17,81.71,85.56,72.53,94.57,82.95,73.29,75.37,89.33,74.21,75.94,84.55,83.27,92.4,81.73,84.03,76.53,83.7,87.56,80.05,98.01,97.4,87.29,83.96,94.74,93.03,90.62,88.93,91.09,79.92,90.97,88.46,95.53,82.33,86.26,84.3,87.68,90.51,81.16,85.74,84.65,79.77,95.65,92.9,83.94,93.97,87.38,93.46,83.51,82.48,81.25,83.61,77.26,83.78,67.69,81.36,86.32,76.61,80.01,84.13,82.24,78.44,73.69,87.35,85.37,100.0,89.18
1040500066,Telkom University Jakarta,88.11,92.15,99.07,86.98,86.25,82.27,81.57,85.34,82.41,82.62,89.43,89.63,84.33,93.84,91.12,81.97,86.5,87.48,94.6,95.2,87.81,85.39,84.85,68.39,71.61,80.87,74.16,83.33,89.63,87.04,84.14,86.29,87.65,78.45,81.25,89.93,69.93,74.35,68.45,74.46,74.23,69.82,78.9,68.13,74.65,89.33,79.42,81.35,78.34,81.19,84.3,80.65,78.55,81.46,84.77,86.43,100.0,87.45,99.74,100.0,84.07,95.21,91.05,96.59,81.71,63.98,78.08,83.11,96.7,96.04,90.05,91.17,100.0,85.21,93.07,92.15,91.59,82.41,90.15,93.65,87.05,100.0,86.08,88.36,89.37,84.29,86.76,79.51,89.82,79.0,83.71,90.47,66.58,78.61,78.79,92.1,75.22,77.5,89.67,81.48,79.27,94.93,88.06,86.23,82.03,82.3,95.05,90.77,90.29,81.34,89.5,86.71,87.67,84.35,94.9,89.15,97.09,83.83,84.78,86.27,93.5,86.55,71.34,90.72,88.88,91.38,90.36,79.66,83.88,91.36,82.19,90.38,73.16,87.03,79.88,81.01,82.46,75.12,86.72,89.21,90.07,89.26,87.34,88.3,91.69,82.98,81.51,94.31,95.26,96.32,93.84,94.96,90.59,94.28,92.2,91.43,85.01,88.84,89.14,96.69,99.55,87.83,96.87,96.99,100.0,91.53,81.68,79.3,75.16,78.76,74.95,71.07,77.26,68.76,74.25,78.5,86.89,76.48,87.49,78.75,81.94,74.27,79.73,78.14,76.25,72.17,71.62,69.19,68.54,96.16,81.02,92.69,79.98,83.0,96.65,89.3,90.04,85.45,79.76,91.37,93.01,82.9,82.65,79.14,77.73,84.67,74.22,80.47,72.96,71.37,64.33,84.83,81.51,86.82,76.67,87.41,85.4,77.7,71.14,86.4,74.46,91.99,83.66,89.44,84.89,78.58,81.08,80.65,92.26,83.87,73.43,83.99,70.09,69.66,62.48,74.07,80.23,63.61,98.92,87.71,93.46,85.95,91.01,83.0,81.8,83.64,74.52,84.53,100.0,92.53,85.53,88.15,82.53,93.21,84.96,80.88,89.71,86.74,88.89,79.7,94.65,96.74,80.53,80.76,89.74,91.55,93.74,84.75,93.32,85.89,87.02,100.0,90.08,83.35,86.06,88.47,85.11,86.93,89.79,90.42,95.16,87.86,70.09,78.59,77.81,72.44,85.83,64.38,88.74,74.82,87.77,87.97,83.63,81.6,79.44,77.7,77.4,82.48,90.58,78.74,75.38,88.15,85.2,88.51,90.9,73.18,76.25,79.93,69.6,75.61,87.33,94.26,92.36,98.61,85.01,92.6,87.44,92.02,79.41,83.07,84.28,93.24,99.59,77.38,82.8
1040500067,Telkom University Jakarta,72.72,80.82,73.91,75.99,75.12,66.18,69.86,78.43,81.1,91.03,81.2,67.29,76.18,67.77,70.2,72.48,74.35,79.1,76.35,73.27,74.82,79.19,77.0,84.75,76.95,62.34,84.22,78.3,85.83,84.02,82.71,79.58,81.6,78.15,90.47,85.84,80.99,78.75,96.22,81.49,86.09,78.91,83.52,75.76,77.78,89.13,89.79,90.82,75.79,85.08,77.63,80.48,78.86,72.79,82.19,79.54,78.56,71.4,87.7,70.65,62.66,53.59,68.2,63.25,82.69,78.73,72.06,78.92,80.71,69.71,86.48,96.69,87.92,88.56,72.96,88.74,83.91,79.06,82.12,72.61,85.49,82.0,82.61,80.74,86.51,83.49,69.82,80.8,76.16,81.12,83.56,72.12,77.85,73.42,85.45,78.22,86.05,83.58,76.27,79.48,83.18,70.43,69.46,78.1,61.55,76.53,65.41,75.2,66.47,68.77,59.43,70.04,70.14,66.32,73.32,62.66,71.79,68.27,79.35,71.39,63.92,70.2,74.62,68.64,72.98,71.46,60.63,88.29,84.02,82.14,77.37,81.08,73.03,72.49,82.04,85.55,91.16,75.85,67.69,73.46,68.39,69.65,65.79,61.48,65.85,68.07,62.64,65.25,72.56,80.88,68.89,70.17,68.08,75.48,75.91,68.95,60.09,66.96,78.15,76.58,74.96,75.69,75.06,73.61,79.23,65.46,56.89,66.93,81.69,73.99,69.17,73.83,71.15,70.91,66.76,85.68,75.96,77.12,75.44,74.66,91.99,87.87,71.89,71.37,70.04,76.69,71.01,72.23,67.23,81.03,75.88,78.6,84.72,84.5,59.78,63.21,66.24,62.15,54.66,69.12,73.65,71.93,54.32,61.02,75.15,72.49,77.36,57.77,68.19,80.99,64.26,72.63,86.89,75.22,71.85,82.71,71.57,78.02,75.15,76.75,71.76,78.69,80.03,82.39,70.74,65.53,77.27,74.14,92.47,77.07,81.23,68.86,78.5,78.19,76.47,78.46,77.25,76.83,63.7,63.7,66.14,63.09,64.82,74.42,64.55,67.04,60.31,53.25,87.79,77.98,78.28,81.92,85.34,92.61,83.57,84.02,82.08,78.09,73.24,88.66,87.59,76.47,81.22,76.01,86.73,78.53,80.12,87.18,78.61,82.41,60.98,60.31,61.48,62.33,72.87,65.5,63.61,72.74,62.29,74.55,82.36,74.38,76.67,80.21,82.27,74.69,86.21,82.71,75.86,82.63,90.49,73.96,70.06,75.85,66.44,81.65,80.09,83.2,75.68,86.23,75.56,71.09,70.46,70.81,70.97,87.12,79.57,73.22,93.06,73.5,73.26,65.84,72.89,73.22,82.95,72.07,81.41,77.49,79.68,86.3,86.9,78.09,62.97,64.73,69.32
1040500068,Telkom University Jakarta,70.27,74.85,76.85,72.08,63.87,69.7,66.64,76.04,76.67,82.94,88.68,74.26,80.04,79.02,84.84,87.06,81.63,80.61,73.26,88.94,88.51,88.41,77.92,64.36,73.62,68.51,67.4,62.42,74.46,77.46,60.82,83.62,74.39,64.64,65.74,70.55,71.47,68.7,72.6,74.0,62.87,71.83,76.1,70.39,72.58,80.38,73.79,86.48,82.92,76.96,76.94,75.47,77.35,77.75,72.67,78.76,85.94,98.04,76.43,90.29,89.97,83.79,84.04,73.79,80.98,79.65,86.73,77.02,66.68,73.41,72.47,75.61,61.69,76.69,72.91,73.09,60.72,62.53,57.92,74.63,76.53,75.54,71.0,76.17,70.8,75.84,83.06,80.85,66.63,68.36,79.52,77.96,71.9,80.69,71.42,69.07,77.92,75.83,77.16,83.44,88.84,61.55,63.57,61.59,58.49,60.79,66.72,58.37,73.87,63.33,60.84,69.5,58.42,72.13,75.75,60.61,73.26,62.51,65.18,56.24,70.39,63.1,66.63,68.22,66.62,52.38,65.9,79.91,70.52,73.88,80.02,72.49,71.74,78.82,65.73,90.44,69.33,83.68,81.05,68.12,69.13,63.87,74.15,75.47,57.45,69.71,85.63,74.34,56.4,69.41,55.89,63.48,64.64,59.85,71.36,74.79,50.89,66.92,87.91,80.81,79.07,78.81,82.86,81.7,74.42,74.21,69.66,77.97,79.37,79.58,84.1,74.44,75.88,66.06,68.46,85.2,81.44,65.12,75.4,81.42,80.88,77.09,78.71,79.25,84.51,76.81,82.42,72.55,74.47,70.95,67.31,73.19,67.82,69.73,77.4,86.58,80.17,84.8,87.18,84.23,79.38,83.18,87.1,77.48,65.19,75.9,78.59,71.21,84.56,84.84,84.23,79.76,84.57,80.79,70.3,80.32,91.18,79.93,72.75,76.89,79.34,81.07,90.67,79.8,69.41,79.45,92.06,87.15,63.66,56.84,67.13,70.51,83.03,64.79,67.73,69.63,70.8,78.17,70.39,62.52,82.22,87.96,70.79,77.72,61.0,73.3,82.28,75.68,85.99,78.05,81.96,66.74,76.24,95.29,88.34,84.92,77.32,76.06,81.59,87.3,85.49,95.96,81.51,74.84,85.03,90.67,83.5,80.81,76.72,75.18,67.29,77.01,69.26,75.55,75.48,71.89,77.15,71.35,77.01,56.82,53.64,56.13,71.8,67.55,67.09,78.42,75.41,79.77,70.32,72.21,71.3,79.37,77.43,65.73,72.21,79.42,89.1,80.11,83.63,88.86,73.9,77.73,93.84,73.39,82.77,82.13,74.17,92.04,78.04,69.42,55.9,61.73,44.97,70.66,86.7,74.57,83.49,79.02,69.84,75.63,76.01,81.68,71.71,81.39,72.78
1040500069,Telkom University Jakarta,77.53,68.07,63.67,75.69,64.45,73.75,69.63,75.8,58.78,63.82,75.2,58.65,72.01,65.56,60.57,73.94,68.42,72.53,71.16,64.01,58.84,67.55,72.05,62.34,79.25,77.65,86.48,75.05,80.05,91.18,83.2,81.85,76.31,81.22,77.74,86.56,71.35,82.0,78.83,89.09,82.05,83.4,79.59,79.55,78.18,60.43,56.91,56.31,55.6,69.63,63.37,54.57,63.59,55.28,76.48,63.95,79.82,56.48,70.06,64.24,63.97,55.28,64.04,59.46,90.99,75.8,74.79,85.95,91.17,86.32,80.13,92.19,83.81,74.39,85.81,77.99,85.62,85.4,86.54,89.61,74.7,74.39,81.22,75.21,75.3,78.01,69.2,69.28,64.88,67.99,68.93,75.72,77.17,67.54,88.74,84.03,76.75,84.35,83.61,71.48,82.45,69.17,63.01,66.6,76.31,61.26,68.49,73.55,70.42,78.78,71.48,76.12,64.73,66.94,77.16,63.82,78.3,71.02,67.69,74.92,64.79,65.24,77.98,79.3,62.84,74.06,66.01,80.22,75.35,78.26,65.26,77.91,79.26,66.96,84.07,67.86,73.03,72.89,64.18,87.95,96.3,80.91,80.0,77.75,77.6,77.82,81.38,90.42,58.55,79.7,62.13,57.06,68.75,64.81,60.14,69.96,54.14,64.72,82.59,78.52,74.44,85.97,74.59,74.3,76.23,78.95,76.36,81.02,65.27,77.92,73.72,69.3,76.41,65.98,64.69,68.86,66.65,77.88,76.28,75.9,80.25,89.55,80.18,71.25,79.91,71.55,75.42,78.5,68.72,72.92,79.83,92.78,80.45,78.17,61.75,69.86,71.05,70.77,77.01,82.28,76.11,92.84,84.81,83.64,83.7,75.76,81.65,73.11,77.04,66.48,68.86,73.3,84.33,76.24,73.63,65.34,75.95,78.4,75.82,74.04,70.55,80.47,65.33,65.98,74.19,77.61,73.51,75.41,74.94,77.87,80.73,73.63,74.32,73.7,64.62,81.7,66.72,72.95,91.45,87.44,77.26,73.6,79.18,74.96,93.76,79.91,72.9,81.5,67.79,78.29,83.87,73.62,72.26,71.85,73.5,65.85,85.56,73.22,69.54,87.64,77.64,81.54,84.35,88.61,89.21,83.27,87.67,88.08,97.25,70.21,83.07,72.79,68.95,68.68,83.74,89.59,75.1,82.75,90.8,76.2,74.98,83.26,84.15,75.98,89.27,73.18,80.7,75.4,76.82,71.29,82.96,59.63,63.11,63.44,61.35,72.41,59.23,72.33,80.92,75.78,65.04,88.43,60.22,86.94,74.31,73.34,79.79,88.01,83.26,80.34,84.5,80.11,76.64,73.58,72.36,84.9,78.3,85.07,75.37,73.3,92.83,70.42,78.48,86.11,76.44
1040500070,Telkom University Jakarta,75.95,71.51,80.6,71.94,87.14,82.49,78.3,68.68,76.41,66.7,74.74,74.72,80.6,78.34,69.6,86.19,77.78,70.59,74.53,71.69,74.92,76.04,73.5,81.24,81.5,81.86,76.95,90.42,67.24,73.38,74.27,66.67,68.58,73.5,75.74,73.13,73.36,87.01,74.3,84.81,85.62,67.21,71.52,59.84,66.93,61.24,67.88,63.78,56.7,65.74,69.25,66.0,63.81,62.26,71.87,68.74,69.72,62.64,79.04,72.01,71.4,79.3,73.12,73.52,88.04,80.13,80.85,90.85,56.0,57.14,72.52,58.3,59.68,79.72,72.26,79.91,74.93,76.83,77.81,75.89,69.07,76.21,73.14,68.84,78.1,75.71,72.48,78.18,75.0,64.45,71.44,72.45,66.79,82.74,77.77,81.23,82.51,86.24,82.29,81.11,73.31,71.35,74.66,88.87,79.33,84.38,82.29,70.62,65.99,84.73,84.41,74.85,82.11,80.9,73.66,67.4,70.29,77.01,79.68,71.0,85.32,84.53,92.47,81.02,76.65,78.45,85.22,65.01,62.24,67.77,71.74,75.32,85.95,85.42,72.79,83.09,74.84,67.44,71.72,74.4,84.87,81.42,85.84,81.38,75.08,90.67,71.43,84.26,73.92,79.94,76.86,76.92,87.11,81.65,84.2,74.18,90.28,72.22,74.38,68.22,71.92,70.29,77.02,72.62,78.89,76.59,77.93,79.28,78.72,60.16,63.06,69.26,60.25,59.53,78.08,57.86,65.41,70.11,71.56,73.86,69.06,67.47,68.93,66.83,70.96,61.48,59.88,65.37,70.6,72.83,80.98,84.18,83.28,85.06,81.6,82.94,83.3,85.57,76.46,83.16,81.2,75.29,84.1,81.13,79.18,78.29,81.83,74.16,76.67,90.76,73.87,77.67,78.68,87.2,80.93,72.27,76.62,74.64,71.06,83.2,86.53,85.64,71.67,74.63,86.63,69.83,67.46,79.56,76.28,69.36,70.59,85.27,82.24,81.34,82.38,90.08,88.05,86.68,70.83,74.13,87.74,89.4,78.3,64.04,74.73,61.6,68.02,55.96,72.38,76.16,76.03,76.67,81.35,79.02,77.81,76.99,75.47,78.23,82.45,84.89,79.95,80.04,67.63,68.37,62.82,61.52,57.01,47.05,66.91,58.39,73.74,68.5,74.78,69.51,78.49,81.7,67.23,59.48,77.61,82.71,75.37,78.02,85.31,90.67,72.76,78.06,83.03,72.43,87.98,77.49,90.63,72.33,63.54,72.11,57.72,82.64,85.24,81.72,81.88,78.09,73.16,90.56,64.43,88.86,76.32,69.97,70.93,71.43,67.31,76.85,82.6,60.32,68.13,61.34,76.09,77.22,75.55,78.69,81.73,84.51,80.07,73.55,67.18,65.81,71.41
1040500071,Telkom University Jakarta,73.32,73.45,81.92,70.1,74.84,73.23,72.24,69.67,84.25,87.26,76.89,80.69,74.52,84.69,90.26,81.83,86.15,94.1,82.75,79.21,81.06,70.69,85.37,67.44,72.59,79.72,83.27,76.15,71.27,67.99,75.41,85.52,78.5,75.56,62.92,54.39,67.01,79.71,70.99,70.59,77.86,77.95,66.56,71.16,70.97,72.99,75.83,76.97,79.83,87.03,78.92,78.51,91.17,86.15,86.45,83.11,76.88,76.38,85.47,83.4,71.8,75.09,75.08,77.4,71.4,59.66,74.47,63.59,79.37,70.54,79.93,83.95,82.4,88.01,82.22,86.88,74.89,80.46,91.57,86.05,87.93,72.92,84.93,71.02,78.21,70.45,71.97,70.03,58.29,63.76,77.03,80.99,80.23,80.28,58.39,55.79,77.3,62.95,74.21,96.46,79.87,79.03,81.0,74.63,77.56,77.3,77.15,72.14,67.43,83.94,80.15,71.36,77.02,73.36,82.95,90.5,84.31,75.88,84.56,75.79,99.05,82.92,76.71,84.74,80.62,69.64,74.51,68.27,59.61,71.41,74.6,60.97,77.74,60.56,68.02,71.49,73.37,72.24,78.65,68.54,74.72,78.13,78.46,71.72,57.28,73.63,68.52,71.44,86.28,84.35,79.57,82.12,77.54,75.67,80.39,82.11,83.04,81.27,64.92,78.17,72.59,72.63,76.71,76.54,79.6,71.03,65.12,72.9,64.2,68.19,64.73,67.75,62.01,66.56,51.42,68.24,55.49,64.26,70.26,59.65,69.21,62.64,67.4,63.6,63.51,60.38,60.11,65.48,65.36,63.74,73.29,69.0,77.76,70.47,86.02,81.33,72.98,71.15,78.99,74.47,77.83,77.01,84.47,80.5,78.69,78.73,71.27,68.28,79.13,72.7,48.59,71.22,67.49,57.91,72.22,73.31,70.0,67.93,70.89,68.28,83.45,85.35,77.16,86.4,76.66,66.79,61.38,73.36,64.43,56.8,53.16,56.2,73.65,84.73,89.92,86.73,83.97,82.76,75.65,83.67,76.43,73.08,91.63,77.71,76.94,72.28,67.54,68.12,74.01,66.5,86.08,70.38,78.2,70.92,77.8,78.82,86.03,70.85,85.91,87.95,80.42,87.24,66.42,75.41,74.44,75.43,82.08,82.69,78.4,65.08,79.2,80.09,82.73,85.67,84.19,86.22,85.53,79.04,84.87,84.0,97.39,80.48,77.01,83.83,84.26,81.62,71.5,74.34,75.96,78.36,80.39,73.95,77.23,77.8,83.43,82.18,88.76,83.44,64.63,77.56,81.1,64.19,82.38,77.63,75.69,72.87,67.29,74.27,64.78,77.76,79.26,77.23,84.57,81.34,58.01,64.41,66.88,69.04,80.89,83.42,83.3,77.58,85.92,89.36,82.0
1040500072,Telkom University Jakarta,78.58,89.43,78.92,82.13,82.52,80.37,91.16,70.4,78.58,87.81,74.25,75.65,76.44,74.55,76.27,79.83,71.43,75.87,65.41,89.56,79.45,69.64,68.34,79.57,89.23,84.36,85.52,74.39,71.1,75.74,64.16,67.86,70.63,56.54,63.19,60.39,63.81,75.39,72.07,80.32,86.42,83.96,68.9,80.79,87.66,72.23,77.85,74.91,66.66,85.25,84.71,91.91,75.14,73.0,71.42,80.62,73.14,71.64,67.98,80.59,68.75,79.58,71.8,76.04,78.75,89.03,80.21,83.16,82.69,82.99,80.38,75.3,86.35,83.84,78.7,86.0,71.03,73.49,76.89,77.67,85.71,79.44,68.08,48.67,51.76,56.26,66.54,78.41,83.67,70.66,67.81,76.61,67.67,73.19,77.38,73.59,80.17,79.48,83.11,76.06,65.49,80.34,93.28,82.9,82.16,79.51,74.34,83.42,85.21,78.31,85.76,78.79,92.29,75.02,83.17,77.88,86.61,82.69,78.65,84.6,67.0,78.02,82.69,90.18,84.8,77.48,71.58,77.37,73.8,78.89,82.25,74.4,80.74,81.46,72.85,73.7,70.4,81.25,71.46,76.31,70.68,78.03,67.82,70.47,65.28,55.74,56.85,66.19,74.8,71.02,72.66,72.79,81.56,62.79,63.3,71.32,76.02,75.88,75.84,84.11,82.35,63.89,81.96,73.77,72.84,79.71,69.61,71.29,70.65,77.55,61.05,66.12,77.97,74.04,70.49,73.42,73.91,82.86,73.5,71.97,66.79,70.69,73.09,74.96,71.86,61.38,70.72,77.83,68.62,79.27,78.28,80.19,81.28,62.0,81.49,84.08,70.54,83.69,69.94,69.28,75.39,70.61,63.97,69.05,74.36,74.71,73.31,74.68,71.64,69.71,72.36,66.36,71.87,70.43,73.44,75.17,57.76,72.53,74.83,61.41,68.05,69.66,85.19,77.24,72.15,63.22,63.08,62.9,66.06,74.45,71.03,71.48,59.56,71.14,66.83,62.39,59.93,66.53,75.03,75.4,81.29,84.32,74.53,66.51,77.94,75.62,76.02,83.44,74.18,66.47,74.17,75.0,69.6,69.41,66.45,69.31,69.77,72.99,73.24,70.89,57.19,76.28,66.56,79.05,74.72,66.88,82.68,74.43,77.25,73.89,65.3,75.14,71.65,74.72,70.72,66.41,76.84,84.22,69.66,70.54,59.99,62.78,74.68,67.76,70.92,61.29,74.86,60.95,74.16,71.03,95.2,64.55,79.71,75.77,73.35,61.51,72.24,66.01,79.06,64.19,69.27,81.54,79.05,70.4,81.51,64.33,68.72,59.11,69.3,66.86,70.85,66.91,70.28,61.76,71.0,77.41,65.55,72.85,89.77,80.48,84.81,71.74,72.04,77.18,72.51
1040500073,Telkom University Jakarta,55.38,58.31,51.57,66.58,61.36,55.87,58.77,58.33,58.42,47.93,56.38,54.91,46.51,49.84,48.5,62.89,47.88,54.08,44.33,54.19,51.82,49.72,49.01,56.33,55.75,70.46,71.65,60.68,51.99,55.07,56.17,40.42,56.32,41.64,30.61,55.79,42.51,66.05,63.02,71.34,61.72,55.69,63.98,62.22,45.21,67.99,61.02,63.85,69.02,72.79,58.1,54.23,60.16,72.54,64.48,56.37,46.6,52.52,45.86,46.27,46.23,55.86,56.98,53.7,38.81,56.48,42.8,52.82,50.44,57.5,63.81,55.83,53.24,53.74,55.87,58.72,60.65,71.08,57.35,54.56,66.63,67.95,62.34,60.75,56.54,52.76,64.46,64.55,46.52,47.86,71.61,64.26,67.52,61.59,67.17,66.53,64.78,66.67,53.85,45.3,48.96,55.34,59.36,69.61,62.64,63.79,49.89,57.48,59.67,51.66,54.25,60.51,55.7,55.23,54.73,56.84,54.5,64.39,48.15,57.3,55.48,59.14,58.82,56.08,65.26,47.18,48.13,65.29,43.33,45.25,57.65,54.31,60.06,54.4,52.15,63.19,62.6,50.74,52.2,51.15,58.65,55.87,50.36,41.41,52.63,42.7,50.7,58.61,49.74,46.03,51.57,54.42,51.95,47.61,55.26,44.37,46.07,53.06,56.37,65.41,54.96,61.71,52.63,54.23,60.42,60.1,58.42,65.06,64.87,50.08,50.0,46.71,54.78,64.55,74.21,56.99,53.03,60.95,50.23,54.62,60.86,57.89,51.05,63.54,59.11,57.85,59.63,59.36,52.51,57.81,66.53,63.41,56.8,60.52,51.16,53.91,41.93,38.27,45.01,62.95,66.8,61.69,60.58,56.03,56.21,64.16,70.57,57.31,59.6,54.97,63.65,63.67,66.61,67.29,53.74,60.05,50.73,52.13,60.67,63.35,57.83,70.74,51.47,57.7,52.99,60.93,56.83,76.35,47.96,59.41,66.88,54.42,57.38,66.41,60.54,61.08,71.9,75.82,71.67,71.42,49.77,66.0,51.99,55.22,50.56,53.89,61.87,59.8,61.18,49.08,56.67,66.1,70.17,61.57,61.73,58.39,53.29,66.7,57.68,68.04,52.7,65.69,71.31,56.23,61.16,62.83,60.25,59.71,53.11,68.25,48.95,47.52,37.29,51.4,58.45,47.75,53.88,53.39,40.43,51.16,47.54,50.97,54.5,62.5,57.79,56.0,48.34,56.47,56.56,61.93,53.51,62.41,66.08,65.5,73.84,54.64,56.17,58.18,51.21,48.51,58.0,52.38,58.21,62.78,61.41,61.42,50.16,58.05,51.29,70.7,69.33,67.54,75.95,67.19,55.47,65.08,49.03,57.86,40.72,58.85,57.09,43.65,60.31,58.67,37.25
1040500074,Telkom University Jakarta,58.96,68.28,84.46,70.35,63.96,82.03,75.84,69.37,84.22,70.01,69.08,70.48,86.71,76.31,77.05,86.58,78.79,81.65,79.44,77.5,84.79,68.13,79.73,89.04,90.4,78.88,72.27,75.44,92.64,79.52,95.37,77.67,81.14,85.1,78.56,84.83,88.22,67.19,76.47,62.7,71.39,87.47,77.23,95.64,83.53,82.83,76.22,75.79,81.38,70.64,75.34,88.76,81.12,70.07,83.27,72.15,64.89,67.3,70.3,76.15,69.34,66.35,57.96,69.34,69.3,59.59,68.94,60.8,70.83,75.43,64.65,62.48,72.67,80.67,80.08,77.26,77.62,69.83,82.75,77.72,70.52,73.21,66.17,57.63,73.01,63.65,72.57,75.45,67.2,77.36,67.85,73.66,76.32,74.23,73.34,79.64,72.26,78.03,75.37,71.43,74.61,89.4,79.02,80.95,88.04,77.0,86.88,77.69,73.27,69.97,92.03,78.79,66.71,81.4,83.21,89.54,68.33,86.91,79.62,75.71,83.32,83.31,81.33,83.91,78.18,78.21,81.9,83.44,83.88,75.7,80.8,80.94,86.2,89.55,89.79,86.91,83.5,63.15,77.34,66.98,72.66,69.59,75.91,60.75,66.49,65.96,64.24,75.68,82.61,75.95,70.47,75.13,75.05,70.76,73.57,84.05,74.96,77.46,85.22,91.14,84.87,86.74,87.48,85.33,68.93,66.78,66.37,60.31,71.86,66.39,63.33,68.32,64.85,53.34,58.93,72.71,64.54,66.15,75.56,76.3,67.32,70.44,59.98,61.38,69.71,66.35,63.34,69.47,76.15,65.45,75.84,77.31,89.28,83.47,68.3,72.78,67.02,77.03,84.29,77.38,68.93,84.04,75.35,79.45,77.76,77.37,75.44,75.19,76.76,76.39,74.04,81.73,67.28,75.7,64.51,60.25,57.06,63.06,60.39,82.59,65.62,61.69,66.81,68.51,64.79,65.69,76.96,59.39,65.5,67.4,88.29,84.86,70.49,85.35,67.27,65.49,72.33,77.81,90.39,81.01,77.53,71.07,87.81,85.61,79.62,79.96,76.98,84.09,55.71,64.54,52.64,52.05,63.76,64.57,59.63,69.04,51.62,53.3,63.12,60.32,59.53,55.42,77.21,79.48,73.79,77.63,78.78,78.59,86.35,84.66,77.68,82.2,72.86,84.37,73.02,76.22,74.39,66.96,70.74,76.24,77.74,84.55,79.11,70.28,76.86,84.54,88.46,68.69,65.33,82.45,95.61,73.19,72.79,79.73,77.6,59.86,70.75,61.93,74.93,62.55,84.0,82.69,92.51,87.24,80.88,80.88,73.96,77.76,84.35,67.81,76.09,79.19,71.06,74.24,67.5,64.51,63.71,73.95,78.31,74.42,82.61,78.0,82.02,67.98,80.44
1040500075,Telkom University Jakarta,77.61,84.42,84.38,91.36,83.01,81.13,71.51,94.4,86.13,80.55,80.16,78.7,86.99,84.91,71.32,77.34,80.31,81.44,79.38,96.05,79.92,80.8,74.65,80.85,62.41,80.91,77.33,56.46,78.29,77.99,69.47,84.4,78.94,71.82,83.96,75.35,70.77,66.33,62.86,66.63,60.0,70.19,73.18,74.57,71.92,87.87,71.73,80.99,83.65,74.28,76.64,74.54,72.68,85.94,87.23,74.14,78.6,81.03,83.65,80.27,73.37,76.27,80.83,90.9,61.49,65.34,66.39,72.78,79.43,70.8,79.34,70.82,81.08,81.21,68.66,74.27,85.78,71.39,88.0,67.43,66.01,63.53,77.71,86.93,78.78,80.27,63.46,80.1,76.13,66.39,67.49,75.26,69.95,64.87,60.08,65.56,70.17,63.42,69.88,70.49,68.51,85.09,79.53,95.17,82.5,76.54,83.95,88.13,90.59,76.85,78.91,84.04,93.19,92.25,76.39,77.44,85.98,87.89,80.8,83.63,84.75,85.89,77.74,88.83,86.33,91.32,86.75,73.49,66.38,70.69,64.39,65.3,61.87,64.02,70.65,61.65,55.76,71.54,66.2,68.26,72.46,86.55,71.29,74.14,76.99,78.51,75.29,83.14,79.82,74.45,67.99,69.1,78.37,72.84,72.58,63.54,67.15,74.21,88.92,82.35,86.43,87.79,80.97,82.28,77.31,84.75,79.28,67.63,82.49,89.61,80.61,73.56,86.49,84.77,79.26,75.76,87.16,81.99,86.35,82.46,76.14,82.49,82.7,77.74,79.29,81.58,93.66,82.19,73.67,86.22,70.73,71.21,69.88,70.41,77.24,76.82,85.23,80.06,84.28,75.38,83.58,89.05,80.46,75.95,85.99,82.92,87.86,82.19,80.45,86.5,72.82,82.69,75.08,76.81,82.81,75.97,67.81,72.37,77.93,72.98,69.7,66.17,77.3,92.43,67.09,72.67,81.07,76.68,76.2,71.74,73.99,67.24,66.36,67.43,68.58,69.12,59.77,69.47,75.04,76.48,66.17,71.42,80.92,53.82,58.98,52.82,68.86,47.47,81.59,79.79,78.42,80.43,74.33,75.11,79.57,78.12,87.2,76.16,84.42,85.21,77.65,83.65,74.22,63.08,70.64,77.31,68.52,71.98,62.57,65.25,78.12,71.43,77.52,78.96,79.5,70.65,78.44,77.14,74.77,69.66,88.05,80.84,85.36,75.28,68.44,78.75,73.13,68.12,69.15,84.05,71.2,79.98,78.49,90.13,80.2,71.33,63.38,62.34,67.53,69.15,84.4,72.82,70.87,84.34,70.98,80.13,83.32,83.95,82.55,82.52,75.65,71.63,79.89,83.07,61.19,73.54,62.33,58.87,75.68,67.67,67.63,71.59,70.04,72.54,80.88
1040500076,Telkom University Jakarta,84.55,80.39,62.43,72.02,73.04,84.02,75.99,71.61,70.46,76.66,69.85,73.36,71.49,73.92,75.15,69.12,73.36,82.72,63.13,68.19,73.3,79.62,72.08,71.11,83.06,75.41,74.13,95.61,82.92,80.42,74.78,81.99,65.35,75.4,77.91,81.65,94.76,72.46,72.23,62.03,70.6,70.36,76.19,76.61,83.06,83.29,69.22,70.27,71.1,76.96,59.17,65.26,77.62,73.01,74.05,72.07,77.69,71.39,76.51,79.42,70.37,67.84,85.16,66.88,80.35,89.35,82.43,76.82,63.5,63.22,65.3,61.14,71.49,71.45,64.15,74.78,72.42,83.31,80.07,78.66,71.45,78.12,77.59,73.79,84.84,79.71,64.69,56.43,66.42,68.05,60.53,54.13,63.5,53.58,80.22,89.08,79.27,70.62,67.93,81.58,69.87,74.56,69.36,81.57,61.4,72.14,73.59,78.23,81.16,74.35,78.82,83.69,65.49,78.27,67.14,81.3,64.12,63.11,73.42,73.34,65.74,64.79,70.88,79.28,87.76,61.56,69.52,83.89,75.92,76.6,71.06,81.82,74.81,77.69,71.21,64.93,67.1,72.82,75.93,77.78,77.53,81.86,77.36,78.83,81.47,80.18,82.79,87.37,88.5,80.3,85.57,82.41,80.22,71.15,91.44,80.38,86.99,82.35,76.81,84.51,78.83,77.46,79.95,82.7,70.57,83.93,81.92,70.82,77.31,74.08,77.77,71.77,75.3,78.06,75.32,73.62,82.1,79.08,76.55,78.87,79.76,72.46,69.79,71.98,68.04,65.58,72.59,81.03,70.82,84.95,71.84,68.45,69.72,72.12,78.76,60.78,71.79,73.8,67.42,69.35,74.38,90.03,66.0,67.47,80.91,74.0,82.51,79.83,84.54,84.73,83.7,82.66,78.66,77.76,70.83,71.43,76.64,76.6,78.39,87.81,74.05,84.29,79.02,78.3,89.71,81.77,72.31,82.34,65.16,79.44,75.72,66.73,60.4,64.54,67.93,59.99,57.79,65.33,74.79,79.51,73.82,87.07,74.33,79.64,77.5,67.59,67.72,62.74,53.58,65.8,68.11,53.6,60.48,67.48,57.69,68.6,59.16,62.31,56.25,54.02,68.23,54.94,62.26,58.78,56.57,59.23,73.42,67.56,57.85,64.28,80.81,80.28,60.69,67.59,67.87,69.61,72.48,82.63,69.89,68.1,69.34,73.53,77.08,68.78,71.65,81.19,73.64,79.32,74.48,83.87,74.79,73.69,73.42,69.98,73.41,63.01,63.4,65.0,74.54,64.33,75.29,66.93,74.13,71.67,75.72,74.08,63.79,63.73,53.65,62.05,53.26,63.92,58.12,63.32,63.56,65.03,72.6,74.29,83.25,75.06,72.81,68.36,66.25,62.39,62.88
1040500077,Telkom University Jakarta,68.06,64.83,69.54,64.3,63.21,55.47,57.85,61.8,47.81,48.11,55.0,62.68,52.9,62.09,53.8,50.36,57.59,69.05,57.13,55.88,47.76,51.45,47.96,71.09,59.13,61.34,57.59,58.07,50.91,53.12,46.0,45.66,42.69,53.95,58.27,46.01,43.46,46.67,45.74,47.18,54.97,51.75,55.42,47.95,63.13,55.76,52.63,53.99,47.41,58.7,54.45,56.85,60.74,48.39,47.84,48.9,55.41,47.74,58.11,42.08,59.37,52.19,57.89,50.59,58.2,50.44,60.68,59.32,62.82,65.34,73.21,57.84,56.12,54.24,60.5,59.09,72.85,52.43,59.33,48.78,67.64,55.28,55.73,59.05,52.66,59.16,48.03,58.88,52.42,40.79,56.09,54.36,53.64,55.42,70.39,72.71,63.72,67.26,60.62,55.13,59.16,48.68,57.94,47.24,50.35,53.31,55.81,53.99,59.79,54.58,56.74,51.89,58.26,52.07,51.42,44.48,51.4,56.5,59.58,55.81,55.96,56.04,60.85,55.89,53.28,56.99,56.54,52.38,43.17,52.87,51.33,53.75,49.92,53.13,52.26,48.16,42.38,39.3,54.19,54.66,49.03,53.57,48.37,54.14,55.07,56.27,58.46,58.27,53.91,62.66,47.95,57.27,50.65,59.44,57.91,59.34,62.01,45.67,49.7,49.24,49.75,42.09,57.13,52.1,37.48,73.69,56.97,69.1,45.86,47.16,42.88,60.55,44.63,47.8,47.09,58.26,56.87,50.6,60.68,51.78,51.66,58.72,55.05,52.47,57.87,52.66,57.94,51.54,50.22,59.46,54.99,44.16,46.89,50.78,65.53,60.14,58.74,60.81,62.96,53.17,62.63,56.41,55.5,67.28,61.77,59.74,50.64,58.97,48.99,45.71,56.37,54.4,58.15,52.52,52.25,60.67,62.0,58.31,62.72,74.15,57.26,68.27,55.81,70.1,55.74,51.39,60.76,59.49,52.42,50.6,52.0,58.15,45.11,46.84,48.57,45.11,42.25,48.28,61.34,53.99,58.51,55.47,57.53,59.53,61.25,45.2,53.84,57.54,65.72,53.2,60.29,47.16,57.97,55.44,59.91,60.45,53.56,42.95,52.24,66.16,54.78,53.95,54.21,53.57,56.11,57.18,66.28,60.86,55.24,55.77,38.7,45.83,45.75,54.98,41.99,32.8,45.19,48.52,59.85,51.98,51.55,41.72,51.69,45.49,48.1,46.16,51.3,54.6,48.12,42.79,44.47,52.08,54.87,64.04,66.82,63.41,68.54,57.88,67.04,66.59,62.08,71.04,60.91,71.2,64.54,57.69,54.25,58.73,56.74,53.1,58.16,50.01,58.37,52.08,49.93,55.86,52.2,57.89,60.28,69.77,59.73,56.05,54.33,60.68,67.07
1040500078,Telkom University Jakarta,49.19,64.16,57.34,74.16,61.84,63.72,59.87,54.0,58.29,47.61,54.79,60.61,62.71,52.64,58.15,62.94,56.73,53.48,61.04,64.76,52.62,45.37,59.8,51.28,60.57,54.42,56.3,47.46,50.18,48.0,63.04,63.03,58.46,61.64,58.48,55.69,52.7,44.15,58.01,51.95,55.41,56.57,58.03,60.22,59.71,49.81,57.36,49.35,57.07,62.2,52.66,51.7,60.47,53.64,48.84,61.08,67.3,56.29,55.23,57.57,60.87,58.9,54.52,58.78,53.55,54.04,51.23,60.09,62.9,49.31,56.1,51.59,52.63,65.56,71.12,53.54,51.61,53.66,52.75,62.29,55.97,70.81,55.04,62.46,51.5,57.17,52.13,43.08,61.68,46.39,67.94,65.43,64.54,64.47,69.92,65.24,59.68,60.6,55.46,49.82,53.59,58.63,74.31,59.72,66.37,60.81,65.95,61.52,65.83,58.04,48.18,55.73,68.33,60.81,61.34,69.44,75.85,62.16,53.36,58.33,60.07,70.1,64.4,61.91,56.23,59.93,57.31,46.1,46.03,62.08,53.02,50.71,45.48,48.88,47.85,62.86,60.63,56.89,55.8,67.54,48.7,42.97,50.17,46.2,54.19,50.26,55.99,56.99,51.67,49.64,48.08,56.15,50.46,61.36,55.68,42.92,50.73,60.28,49.43,45.12,60.0,49.16,51.38,57.42,60.42,64.86,56.8,65.57,57.69,61.85,55.9,65.94,74.84,54.38,60.46,67.95,68.09,77.85,50.09,58.5,57.79,64.13,57.0,66.84,62.24,54.69,56.88,70.24,60.93,71.62,59.22,46.67,41.96,44.99,68.32,55.74,66.27,52.09,63.51,61.42,47.23,38.23,44.41,51.3,74.66,60.62,66.87,59.09,69.83,69.32,63.61,64.97,69.42,72.15,68.53,63.3,60.41,73.16,58.73,59.17,59.32,59.12,54.2,59.52,63.83,68.07,58.07,66.63,68.81,66.6,65.45,67.57,65.87,53.9,57.32,59.01,71.52,52.44,50.04,51.96,56.52,53.3,57.89,61.62,42.15,46.18,49.38,57.87,75.98,69.18,66.61,64.86,59.09,73.49,58.44,72.72,67.84,69.38,68.57,71.08,80.87,58.68,70.48,55.87,65.39,68.07,65.46,64.09,49.36,61.03,55.52,67.02,51.73,58.67,59.41,63.26,62.23,49.26,73.12,62.87,57.71,66.23,52.82,63.31,56.14,54.75,66.83,57.71,56.05,53.23,57.57,74.37,53.36,50.86,45.15,68.41,53.95,59.41,59.15,59.93,77.46,65.07,68.05,49.24,58.65,57.07,62.55,63.93,63.27,67.65,65.88,67.06,61.74,63.21,54.39,43.59,48.58,50.3,64.36,52.99,51.44,65.27,55.12,51.01,57.69
1040500079,Telkom University Jakarta,86.19,82.97,80.02,77.15,86.59,77.03,80.69,86.03,73.15,83.88,79.79,70.02,81.16,72.59,74.08,69.25,88.58,70.13,77.65,73.79,82.79,93.91,78.04,74.11,88.79,80.43,82.53,85.11,68.48,71.83,62.21,70.44,79.97,69.81,71.26,86.89,80.73,71.7,81.02,70.29,86.2,68.93,74.46,65.14,78.13,77.26,79.04,76.96,78.09,72.96,68.3,81.97,77.84,72.25,72.82,82.17,71.79,85.9,79.88,77.64,74.28,77.7,90.58,72.54,70.33,74.64,73.39,65.93,76.81,78.31,66.47,70.21,59.98,68.64,74.25,72.85,76.33,75.0,75.93,77.39,67.66,73.6,77.8,82.43,83.07,79.49,74.2,74.41,80.82,71.68,60.93,77.37,70.89,63.04,76.31,74.28,81.51,85.63,69.09,89.15,76.86,62.62,63.38,67.5,69.65,69.46,68.43,85.4,52.76,69.76,62.13,67.38,57.67,74.61,67.19,77.51,84.64,71.42,76.58,77.04,62.93,74.93,78.2,62.98,72.72,65.9,69.54,72.52,75.42,75.42,72.87,76.38,74.72,95.08,82.59,81.97,88.01,74.6,79.68,76.66,95.82,85.17,76.0,74.95,81.32,87.5,84.85,81.93,76.35,63.35,62.62,69.02,68.16,62.7,74.29,79.44,75.03,65.55,65.65,67.02,74.8,73.35,77.12,67.79,73.46,72.01,72.1,76.6,68.17,83.62,81.01,70.74,77.94,66.99,71.63,83.52,66.92,82.8,74.9,68.15,67.14,79.31,81.23,68.44,80.43,73.64,79.62,67.49,80.98,69.96,70.4,85.6,87.86,84.13,53.41,64.3,65.3,61.63,76.19,76.43,89.11,85.88,82.97,88.19,62.57,63.11,63.31,64.65,65.1,66.61,63.45,56.47,55.6,65.75,60.69,64.18,68.96,75.01,68.96,70.7,64.87,71.99,72.19,59.86,60.1,76.1,74.53,81.17,65.25,82.43,66.58,73.63,64.95,68.03,66.23,76.75,73.93,69.17,66.87,73.7,67.42,69.8,72.73,73.89,64.24,59.72,61.93,70.07,69.48,69.99,70.32,64.32,67.05,75.45,72.65,69.5,67.18,64.85,70.41,68.78,65.9,57.47,69.64,67.56,64.94,62.4,68.38,68.54,82.69,71.57,71.91,76.18,81.21,68.46,80.15,73.41,79.61,68.32,79.26,85.97,76.35,87.11,77.4,76.73,60.0,63.39,71.26,63.72,66.36,69.33,88.09,69.52,67.15,74.19,75.55,70.44,79.28,83.04,77.33,82.49,62.6,61.79,62.59,66.72,63.15,78.84,71.09,77.03,78.0,74.82,84.82,68.91,82.88,72.53,63.76,65.05,60.92,63.04,69.2,66.52,80.03,78.7,73.07,86.68,74.7
1040500080,Telkom University Jakarta,78.24,80.32,86.49,86.24,85.35,79.03,80.88,78.98,78.71,84.43,78.1,83.56,76.52,95.08,74.87,83.09,82.92,76.87,86.11,78.95,91.35,84.55,85.85,74.86,77.23,79.22,77.53,68.36,72.29,68.44,70.72,71.18,70.25,80.06,66.09,65.5,66.57,72.01,79.89,75.3,86.51,78.42,79.66,74.15,76.63,76.03,79.13,64.33,75.65,65.67,71.78,71.61,73.38,53.68,58.41,64.94,60.69,63.79,68.01,78.86,75.68,71.3,78.39,72.55,66.29,70.93,68.37,64.34,63.32,70.63,68.49,92.98,64.13,72.22,76.47,68.13,72.17,72.68,67.91,81.5,76.08,77.41,78.13,87.03,86.9,84.55,78.1,82.12,75.49,70.83,74.88,77.88,75.18,81.63,66.78,79.84,73.04,60.16,85.92,80.24,76.0,75.39,62.75,65.55,77.35,72.14,78.22,63.36,80.9,68.47,66.02,67.69,73.9,84.11,69.76,72.22,62.84,70.22,79.34,79.04,72.52,68.86,73.58,74.86,74.9,72.8,74.47,70.38,66.01,63.21,66.6,73.78,70.07,58.15,64.24,60.1,64.43,61.84,57.77,76.06,72.46,82.45,67.38,76.21,69.64,78.99,74.39,86.09,98.52,77.68,83.31,88.66,75.23,83.99,79.0,86.52,80.51,90.49,75.32,68.7,80.93,71.28,66.7,76.96,74.02,70.98,74.29,60.97,80.45,69.72,54.93,77.83,74.86,63.33,69.75,71.64,77.56,65.69,73.25,75.12,74.04,75.78,67.71,63.91,59.31,65.04,74.95,61.91,72.44,77.3,81.26,70.57,72.12,77.63,78.18,59.36,81.3,84.56,74.39,73.41,75.72,78.57,79.19,75.59,70.72,70.59,85.65,72.06,73.37,72.05,80.06,85.61,74.38,71.27,68.24,68.92,72.27,72.0,73.2,63.73,63.87,68.07,77.04,66.4,70.64,67.23,71.24,75.07,82.33,74.76,82.77,83.84,75.9,75.92,72.88,63.07,59.68,68.35,77.28,80.28,81.05,86.55,87.79,73.91,78.25,89.57,74.34,72.35,68.39,67.73,59.64,76.06,71.17,61.2,64.17,63.06,62.41,65.89,70.31,70.29,64.34,56.31,66.67,82.22,73.3,83.49,71.03,75.13,83.74,73.73,75.87,80.17,82.73,67.01,74.36,83.5,73.09,75.34,75.09,73.52,74.98,82.42,71.44,75.9,93.7,75.57,71.11,78.49,77.54,78.33,86.96,80.14,74.79,74.68,84.37,76.02,89.62,77.92,76.65,80.17,77.16,90.64,88.74,84.45,73.83,78.69,85.21,67.04,68.73,79.39,80.41,88.49,77.92,80.48,72.5,72.54,77.73,87.79,81.45,78.3,76.82,72.72,88.98,70.64,73.78
1040500081,Telkom University Jakarta,61.05,60.9,62.96,57.94,52.25,57.17,61.0,56.25,58.55,61.43,62.36,57.56,70.57,62.57,58.64,54.88,55.57,56.61,67.51,49.35,57.19,56.33,61.28,52.64,55.56,51.25,60.75,58.22,72.51,68.33,73.05,69.51,54.32,62.22,64.72,61.78,64.6,62.63,63.88,67.0,68.05,68.92,57.16,63.86,65.12,57.19,56.32,60.53,56.82,60.6,50.76,58.33,62.8,60.6,60.69,63.86,53.92,55.73,56.47,47.49,60.83,56.44,60.9,66.07,56.17,51.79,48.27,46.94,52.84,61.46,53.68,57.15,38.52,60.73,57.8,55.13,62.39,64.77,58.87,46.95,55.98,46.29,64.9,71.17,56.17,59.44,64.86,58.16,61.42,67.14,68.62,77.17,56.36,61.21,66.8,63.36,58.54,55.08,61.17,48.72,50.89,49.96,50.95,43.53,47.09,41.83,52.45,41.32,59.92,47.58,40.48,52.7,39.64,53.81,42.87,54.6,54.98,39.9,41.96,44.08,49.47,47.51,46.32,35.47,47.2,53.52,59.41,47.52,63.81,54.14,63.09,45.38,52.68,60.49,61.99,52.75,54.84,53.81,61.59,47.22,54.1,46.68,54.32,45.55,56.13,62.34,59.66,44.63,47.56,62.26,53.64,63.77,57.14,57.1,57.21,63.71,53.73,58.32,61.23,58.99,63.88,59.93,65.54,73.57,64.51,55.19,51.63,59.92,49.6,59.59,67.36,54.21,65.2,56.7,55.35,59.59,61.4,60.76,57.97,48.0,62.11,60.86,54.31,42.45,59.44,56.47,53.84,41.06,48.87,57.62,51.27,42.0,53.4,47.35,60.43,64.36,54.92,63.04,68.36,52.4,36.51,52.15,47.26,37.88,52.36,59.06,57.72,52.27,60.65,55.91,56.32,40.83,42.85,50.31,39.96,56.53,50.04,55.5,54.6,54.08,43.85,64.04,46.51,46.77,67.18,44.92,58.02,45.57,54.43,67.18,58.74,61.95,65.37,71.72,52.13,72.24,58.34,54.97,53.37,60.19,60.8,52.62,60.29,56.16,61.75,50.28,61.7,58.79,66.33,52.39,59.82,56.36,42.65,55.49,59.95,60.96,48.61,53.36,57.46,59.56,58.17,44.48,45.84,51.94,54.11,54.42,54.07,43.97,57.31,55.02,65.27,58.07,55.93,50.05,59.32,62.88,60.2,48.19,56.87,64.13,55.01,59.82,50.47,55.26,66.5,54.7,66.79,65.72,56.59,66.79,62.74,49.53,60.07,51.66,48.87,54.15,60.27,74.49,66.8,62.21,57.88,65.49,66.02,63.03,68.69,56.09,65.79,66.56,65.4,51.67,63.09,67.9,68.21,55.76,55.61,54.66,56.71,57.82,43.75,54.44,53.91,47.78,63.06,67.23,58.17
1040500082,Telkom University Jakarta,76.27,62.54,71.3,78.5,80.91,64.17,72.93,60.47,72.95,65.66,67.14,63.52,75.46,61.13,69.16,73.63,74.95,73.59,80.99,68.43,62.36,71.47,68.06,81.72,80.69,62.54,72.16,88.67,72.29,72.58,64.74,68.66,87.94,77.35,74.91,81.58,65.11,76.22,72.26,78.11,90.23,83.89,80.13,71.77,75.48,71.72,91.24,80.78,80.87,79.21,71.99,81.76,85.71,87.81,90.82,86.1,72.74,83.57,67.84,76.26,72.58,77.66,66.91,71.74,94.24,78.61,77.84,83.2,85.69,71.41,90.89,76.12,90.46,66.59,78.24,74.36,72.63,70.09,76.07,70.0,83.0,80.42,65.98,78.24,76.67,71.78,77.4,76.37,82.08,88.59,67.89,75.16,71.57,70.53,76.95,71.15,82.84,73.04,74.03,68.7,69.35,83.7,83.25,78.79,95.87,79.75,70.42,80.85,84.42,78.16,87.72,75.46,78.2,86.49,93.78,88.04,83.31,80.74,85.95,77.19,72.0,80.86,79.16,88.25,71.1,67.59,71.84,69.18,70.8,74.75,78.9,76.9,84.43,71.4,77.54,70.54,74.7,74.82,79.28,76.04,71.33,64.53,66.5,82.07,83.93,76.35,81.12,81.32,68.49,68.4,68.57,70.72,63.08,68.74,60.98,68.58,64.95,66.82,72.39,62.84,54.97,72.64,69.47,76.04,68.59,75.75,69.68,77.81,76.08,69.83,84.77,73.75,55.67,70.41,66.82,66.02,66.03,70.1,72.88,69.37,73.17,58.27,74.27,57.31,68.03,51.99,66.14,77.06,75.07,67.41,64.17,66.97,85.25,76.03,73.96,59.16,68.51,67.64,65.73,73.98,70.65,75.25,68.52,92.4,70.07,73.3,64.95,62.96,74.47,76.44,61.79,73.6,72.16,74.32,76.96,92.05,87.07,73.01,81.44,83.24,76.17,69.33,68.53,82.21,83.98,83.06,76.04,78.26,90.87,84.9,88.67,79.43,77.14,75.38,75.65,73.49,74.59,78.0,80.36,82.7,78.89,100.0,77.02,74.47,69.5,66.0,73.79,72.93,72.55,67.68,68.75,68.92,68.42,80.21,68.17,68.23,72.31,64.75,66.84,47.36,76.68,66.49,76.07,65.43,85.24,72.29,68.12,69.55,84.71,79.73,63.35,71.57,65.62,66.95,69.43,73.8,74.46,70.93,59.35,80.01,82.33,88.97,64.01,71.41,63.08,70.14,75.55,61.28,68.38,60.88,57.02,83.61,83.58,83.78,84.64,85.31,86.6,73.5,86.11,74.21,73.4,68.88,59.42,66.59,74.37,73.8,86.86,80.07,71.85,73.83,80.43,76.56,83.08,73.24,70.44,80.54,78.82,77.24,76.4,76.01,86.97,76.43,61.09,74.54,71.45
1040500083,Telkom University Jakarta,59.89,69.7,69.32,76.53,57.52,67.1,75.16,64.78,73.02,84.12,83.17,65.08,73.26,79.64,85.65,80.15,80.15,89.63,83.06,74.91,81.98,71.78,70.85,84.1,82.17,91.73,82.78,70.31,72.46,59.63,70.07,84.55,68.36,63.89,79.96,72.31,65.61,63.37,83.06,80.12,73.06,77.86,70.8,75.94,69.29,76.92,90.08,79.08,79.59,93.32,81.35,75.83,77.41,79.78,73.07,70.42,77.34,77.32,79.37,81.93,84.06,77.42,73.99,81.98,66.31,65.64,69.39,76.69,86.45,77.88,80.5,89.31,70.36,75.32,63.05,74.3,80.75,74.4,61.37,70.46,67.7,68.2,88.96,80.81,75.2,79.52,87.35,91.19,75.16,90.31,76.74,71.04,80.68,68.6,74.43,80.74,74.2,72.11,76.71,87.38,78.94,65.16,77.97,71.15,77.83,68.8,77.51,76.37,76.14,71.66,77.61,86.29,66.26,80.75,69.24,77.16,74.59,65.2,76.56,80.0,81.41,73.73,77.2,65.12,77.17,70.14,70.02,69.7,75.39,57.92,75.51,68.25,72.21,78.61,71.9,74.9,74.55,74.79,90.15,68.69,72.78,82.96,77.02,74.96,79.94,67.69,68.04,80.21,84.33,69.68,75.69,73.72,76.81,67.44,69.7,88.91,62.14,67.16,71.35,81.6,75.5,66.31,79.72,86.12,81.51,75.74,64.12,71.27,91.74,77.56,83.66,72.42,68.28,86.12,79.46,79.54,85.42,81.05,81.05,84.46,89.98,78.88,67.59,78.19,69.91,81.75,89.47,76.0,96.58,79.96,82.95,77.22,74.84,78.82,83.09,84.69,75.69,84.97,81.85,76.76,88.06,85.67,82.02,69.46,70.98,87.59,76.68,80.87,85.66,74.83,81.36,85.52,83.39,80.51,82.31,72.32,70.63,74.45,63.6,72.05,74.47,72.06,76.78,83.2,65.36,64.6,63.21,70.83,80.86,76.97,75.71,72.88,81.71,69.5,75.93,73.5,77.53,63.84,67.2,71.68,70.94,70.85,76.72,75.08,79.31,82.04,82.61,80.51,85.38,86.84,72.06,85.44,72.53,87.41,85.69,77.83,81.99,80.65,77.73,77.26,88.15,87.35,77.79,70.47,62.24,85.15,76.79,68.15,65.82,72.46,80.37,91.61,89.44,85.32,79.36,76.77,95.76,98.98,76.93,71.3,70.41,66.22,70.77,61.54,63.46,66.63,64.04,69.74,63.87,62.1,61.31,65.69,72.5,88.49,74.88,71.88,78.25,62.32,76.06,71.33,75.57,82.05,68.88,75.31,75.3,60.05,60.57,65.1,69.06,73.06,66.86,63.59,71.26,60.58,65.62,74.23,66.38,62.51,77.77,85.16,84.24,83.51,75.68,96.57,74.14
1040500084,Telkom University Jakarta,71.66,77.83,82.55,71.71,86.19,78.36,72.16,72.6,68.31,80.32,72.32,84.45,87.89,79.25,83.45,75.68,77.82,84.94,86.24,90.55,82.91,79.04,81.46,80.97,73.98,83.42,85.05,73.92,80.12,83.5,72.62,76.7,84.89,93.03,83.25,78.72,85.14,82.07,79.94,85.4,64.79,92.21,87.09,85.8,75.92,74.6,64.15,73.01,78.64,80.74,77.57,72.33,59.01,66.47,68.35,70.14,72.81,72.29,77.09,72.48,64.22,69.94,73.23,79.6,70.0,69.38,65.67,72.72,80.76,74.05,78.78,84.21,88.21,80.39,84.4,73.2,79.66,82.75,82.98,80.87,70.89,78.05,80.04,68.04,72.4,74.41,77.97,73.11,75.62,66.12,77.51,78.74,76.82,69.25,85.75,80.73,82.15,74.51,67.03,79.68,71.16,77.29,82.28,88.23,71.3,69.78,80.09,78.48,81.37,81.25,84.83,81.58,86.93,80.15,77.14,74.98,74.48,86.68,81.54,70.55,74.98,81.65,72.91,78.86,75.83,81.1,84.5,85.57,71.62,65.77,79.47,76.01,81.08,79.05,77.84,83.05,71.43,79.17,85.73,76.79,60.21,60.95,67.16,61.77,73.4,67.55,57.82,56.94,53.01,70.97,71.86,62.54,58.28,66.56,72.33,71.6,66.9,69.25,75.81,81.15,69.27,85.09,77.13,75.42,80.65,86.31,90.22,88.83,80.2,73.88,84.47,75.18,69.4,83.53,80.77,77.68,78.87,88.56,75.47,82.32,83.4,87.24,79.11,84.99,70.78,79.31,84.89,80.87,75.36,77.64,56.89,61.5,74.34,69.72,62.39,71.78,61.18,67.36,73.09,71.94,79.17,64.58,74.94,66.59,73.57,82.04,79.98,66.34,76.43,67.29,81.65,84.35,76.35,64.26,77.62,82.49,78.92,83.65,81.65,84.29,91.16,74.38,81.32,80.0,88.18,87.58,84.65,80.36,83.12,86.34,74.44,93.21,79.55,79.18,81.27,83.06,86.31,73.28,66.45,76.62,70.02,73.54,78.22,71.11,87.75,71.37,64.79,68.5,85.83,77.42,86.11,71.59,72.89,76.2,82.34,84.88,82.22,74.16,68.14,71.83,73.87,74.09,67.43,80.31,77.68,76.27,70.37,84.52,76.04,69.88,75.96,78.94,76.71,79.74,73.03,62.95,77.25,73.9,75.96,57.88,61.29,73.26,87.5,77.69,99.76,78.2,72.54,71.28,89.24,86.52,89.24,68.63,65.8,68.09,61.56,74.25,71.53,64.18,67.37,63.9,78.92,74.74,78.8,89.43,73.67,75.09,86.77,74.03,88.34,72.44,69.57,69.44,74.69,64.71,86.55,80.32,79.18,68.83,85.38,77.62,91.2,91.0,81.84,82.63,79.71
1040500085,Telkom University Jakarta,92.27,99.79,92.36,98.22,100.0,93.38,89.7,80.05,78.07,76.2,83.99,82.11,97.93,77.49,89.75,87.75,81.3,70.35,83.55,83.73,79.91,80.13,77.73,84.63,85.24,71.42,77.82,67.02,82.92,80.13,85.29,94.44,91.49,80.67,77.18,78.79,100.0,76.74,77.69,74.98,90.83,93.01,76.92,89.22,76.38,64.23,78.96,85.99,85.13,82.84,87.53,82.99,82.73,88.03,84.11,90.25,80.2,77.07,76.8,84.54,80.69,89.17,77.15,77.28,84.66,90.17,89.04,90.58,81.15,78.35,71.89,69.99,89.46,77.65,78.76,75.43,84.3,89.89,89.28,94.09,86.93,93.51,83.32,91.71,95.15,93.38,86.84,100.0,88.95,87.16,95.57,100.0,90.49,86.27,84.75,89.99,90.59,76.5,77.28,76.88,69.45,90.71,90.64,96.76,100.0,83.57,93.91,93.32,97.33,85.37,91.77,89.58,94.61,84.21,85.7,85.55,96.16,96.72,93.63,91.75,100.0,88.82,90.1,97.47,100.0,100.0,86.83,74.67,66.23,71.57,77.5,82.08,75.1,74.96,69.73,75.36,77.34,81.53,73.47,83.74,89.11,92.24,91.56,87.05,78.64,95.31,89.55,83.08,83.6,89.19,87.97,81.94,82.91,88.95,90.89,81.77,88.24,80.35,83.13,78.13,83.67,78.75,82.02,75.55,76.97,82.7,82.3,82.49,79.8,82.39,84.41,76.51,92.37,95.68,88.92,76.21,75.44,87.42,84.63,85.52,77.13,82.82,83.77,68.01,89.44,80.99,90.29,89.67,80.41,75.82,87.65,83.21,89.38,95.07,79.25,83.02,78.74,93.43,87.89,87.11,87.14,87.9,84.91,90.48,94.1,90.72,90.62,90.84,94.82,90.86,86.71,89.64,100.0,79.85,100.0,76.59,78.12,76.37,79.48,74.75,57.33,77.38,84.02,77.42,84.68,82.16,71.52,72.93,99.79,95.82,99.22,97.72,64.26,79.87,80.79,79.4,68.91,67.5,77.21,69.59,78.0,77.81,84.7,76.4,72.96,79.75,94.64,79.66,74.7,76.66,85.94,82.18,77.46,83.37,80.16,81.69,80.92,79.46,81.5,68.17,85.59,79.45,91.56,81.2,77.58,79.02,80.58,86.39,89.14,82.28,78.85,81.18,78.19,71.22,91.91,88.67,83.36,88.03,85.71,74.28,68.09,84.6,86.16,82.84,93.76,83.93,82.9,85.47,85.88,86.46,81.0,85.92,83.47,87.84,77.54,80.97,80.92,94.68,65.98,88.07,94.47,82.8,81.5,85.6,92.82,85.32,83.21,88.15,83.12,98.13,100.0,94.26,89.35,100.0,78.35,76.47,65.67,75.39,100.0,90.34,98.84,88.32,87.13,87.74,80.92
1040500086,Telkom University Jakarta,85.57,96.04,90.83,97.07,90.49,95.14,90.82,91.52,80.98,74.43,83.52,74.9,86.94,75.67,80.23,80.87,79.3,84.61,81.64,77.69,78.57,89.2,81.52,83.14,82.29,97.21,93.85,85.27,82.68,83.33,88.98,75.07,86.15,89.6,77.05,76.59,74.62,83.0,85.66,75.47,69.71,93.87,87.22,92.11,85.72,82.98,88.02,84.21,82.86,97.53,89.56,86.81,96.35,80.12,84.19,94.28,91.02,91.85,99.79,82.78,93.57,91.79,98.54,95.83,62.86,64.8,78.77,73.67,77.35,73.77,86.77,78.71,80.4,88.83,76.84,89.92,82.66,88.56,87.04,68.42,70.66,64.35,71.36,85.9,76.99,94.3,96.35,85.91,97.27,100.0,96.7,94.42,86.57,93.41,84.62,85.92,90.08,89.99,96.32,96.23,89.24,82.64,82.86,86.58,90.8,98.5,85.02,93.68,81.2,69.16,93.08,85.13,87.02,91.68,85.91,88.54,80.34,89.82,91.7,100.0,78.39,85.82,97.92,92.1,81.03,86.79,95.74,99.0,85.02,87.99,100.0,88.57,92.97,96.46,90.16,96.71,86.24,95.92,92.9,94.05,76.12,73.56,87.02,78.25,81.29,73.1,81.96,85.48,72.0,73.85,73.63,71.76,78.54,81.98,64.29,73.81,73.95,74.98,94.62,90.21,88.65,89.14,93.75,100.0,94.5,94.07,97.01,98.4,79.71,70.68,65.53,85.6,79.13,80.45,81.41,76.2,72.84,74.31,70.98,68.28,82.56,79.02,67.9,80.31,79.08,81.28,68.17,74.11,71.07,72.13,81.87,81.74,85.19,87.08,87.63,96.64,88.25,100.0,74.36,96.39,100.0,100.0,91.14,90.65,77.46,86.97,78.7,85.71,83.0,78.86,86.3,84.89,91.46,74.89,90.71,70.18,79.04,69.61,74.77,70.63,68.07,68.54,81.91,71.91,77.29,76.52,78.99,67.48,94.56,91.48,79.79,82.4,98.12,89.82,95.43,90.06,84.45,85.58,83.0,72.72,71.93,71.56,74.56,89.26,95.26,76.73,78.56,78.88,82.31,67.57,72.85,75.76,74.45,70.09,74.43,86.81,77.63,66.44,73.43,74.03,78.59,72.79,86.24,86.73,82.22,90.23,81.25,80.66,83.99,82.35,80.33,67.55,86.91,80.0,73.29,82.3,96.09,85.21,91.16,81.07,88.85,84.25,81.35,88.3,90.8,91.32,75.99,79.16,81.26,93.11,88.24,90.72,86.52,96.12,85.1,85.39,83.88,79.5,88.45,70.41,82.53,86.16,80.13,93.41,95.71,90.11,100.0,84.73,93.24,78.58,89.32,88.17,84.24,96.26,86.65,85.91,74.36,88.79,70.92,86.22,82.74,86.33,81.23,90.55,86.54
1040500087,Telkom University Jakarta,84.88,78.62,76.26,76.96,71.38,77.72,71.59,59.37,92.89,85.23,84.8,86.52,87.64,85.62,85.55,86.74,83.37,82.04,80.76,77.41,90.92,86.98,78.48,82.1,85.37,84.0,82.7,85.14,85.46,98.0,87.23,95.97,85.41,84.77,91.85,100.0,89.92,96.55,94.13,94.42,94.65,71.63,78.5,80.57,78.56,88.17,90.78,86.0,85.9,93.12,78.86,87.21,77.84,93.45,92.16,85.46,77.18,83.13,72.06,85.69,89.6,83.13,88.13,89.71,83.58,80.03,83.01,82.58,84.65,74.82,96.0,89.75,88.88,86.26,94.22,100.0,92.04,69.86,98.58,89.65,84.35,93.32,83.22,76.92,99.53,78.05,82.3,90.31,93.54,86.79,86.07,87.76,84.32,83.4,91.26,100.0,89.09,86.13,77.65,82.05,71.58,84.53,94.14,85.21,92.36,81.62,91.53,93.07,91.57,88.87,94.66,91.11,90.42,86.44,91.2,80.76,86.35,85.32,94.83,83.26,93.11,87.44,80.19,95.21,92.14,91.53,96.27,87.83,98.68,99.29,81.72,83.82,86.9,95.98,100.0,88.01,93.29,96.41,90.18,74.73,78.7,83.72,87.44,91.52,74.58,82.8,87.32,78.34,94.66,87.04,89.18,81.91,84.82,79.34,88.63,83.09,86.9,84.44,93.94,88.74,91.25,86.98,87.63,85.65,95.97,83.51,93.9,87.04,85.67,86.96,97.75,92.71,84.13,74.91,100.0,71.56,91.16,99.93,100.0,90.66,88.85,88.49,86.36,80.64,82.81,83.01,98.21,95.17,100.0,93.34,78.56,72.23,76.44,73.76,80.75,84.4,91.14,84.09,95.15,90.31,88.8,84.59,87.41,90.33,88.77,69.04,92.25,79.32,81.26,89.38,89.47,80.84,78.76,79.79,84.81,90.71,86.29,87.34,93.47,88.1,85.07,87.87,97.82,85.09,84.22,94.54,85.17,88.94,95.98,99.01,97.4,97.96,79.63,79.87,86.68,88.79,91.62,93.2,81.96,85.41,84.89,67.44,77.41,97.19,79.05,89.26,92.52,86.02,77.49,78.69,76.4,80.21,100.0,84.72,69.19,86.43,85.52,85.5,83.9,83.56,92.93,88.28,88.94,95.88,84.06,76.23,86.35,88.1,76.89,78.66,97.75,83.35,95.96,91.18,85.72,97.23,77.88,92.45,96.12,81.47,71.22,60.22,82.86,88.9,89.09,100.0,91.04,92.09,83.31,90.25,88.08,83.16,78.7,81.48,76.27,83.25,94.11,85.57,99.21,92.01,100.0,93.85,85.26,84.64,81.4,82.18,83.41,72.37,90.46,95.96,95.24,91.63,85.27,87.47,59.44,77.42,69.47,73.06,92.31,84.71,95.57,93.21,83.03,89.17,83.26
1040500088,Telkom University Jakarta,69.17,61.22,61.4,56.57,63.27,50.53,60.33,61.08,67.84,55.97,49.31,62.04,52.24,61.16,59.25,55.68,63.94,57.02,59.88,55.64,57.44,53.36,51.15,60.03,58.74,66.39,57.48,53.57,53.98,53.52,62.06,49.76,56.41,53.98,51.27,56.72,57.94,48.45,47.02,57.64,55.28,60.47,56.29,53.32,67.23,50.43,41.8,44.42,50.19,49.27,39.44,45.73,57.41,52.95,48.47,49.33,39.94,53.74,58.35,55.12,65.27,58.01,70.25,61.61,50.67,46.35,55.91,59.43,56.72,72.77,60.29,60.58,61.86,70.81,67.04,59.29,49.99,54.56,51.1,53.0,46.87,51.63,62.63,59.43,71.61,79.44,53.55,48.93,50.96,62.51,64.18,59.88,68.04,70.94,59.98,63.14,61.31,53.23,62.63,66.49,57.97,59.8,54.07,58.2,42.54,59.16,46.36,46.16,48.51,62.4,49.83,52.05,51.78,63.45,50.21,52.11,55.47,53.58,56.91,46.35,55.32,60.35,62.86,57.09,56.56,50.89,46.11,54.46,44.66,55.42,39.06,52.22,49.66,57.69,49.61,57.36,51.78,52.71,54.48,61.6,56.06,63.43,50.07,60.99,53.72,37.75,63.18,51.11,68.86,58.1,63.75,64.63,64.94,64.16,69.26,48.44,63.7,67.15,66.16,52.35,55.53,64.78,52.87,72.09,59.12,60.93,73.78,60.12,41.98,54.66,47.1,51.21,51.26,58.77,46.96,47.13,54.97,53.49,59.71,54.92,52.19,36.76,42.13,49.33,52.7,51.4,46.88,41.41,59.89,48.55,53.65,40.87,61.7,64.38,59.71,56.89,64.14,70.8,64.55,64.0,60.2,62.32,65.46,53.29,47.98,65.53,59.91,57.2,58.79,63.94,59.69,61.13,54.36,45.15,48.92,67.23,61.38,57.62,50.76,66.9,67.49,61.87,57.56,55.6,63.26,54.52,63.69,64.9,47.94,46.39,56.87,48.21,51.87,50.27,53.26,56.16,57.71,54.07,48.8,47.41,45.77,54.28,65.89,63.94,57.89,55.33,66.25,55.26,60.62,53.32,49.92,55.82,49.24,57.97,61.3,58.89,61.89,53.77,55.97,58.43,47.12,59.29,60.29,57.8,62.0,58.96,58.36,50.14,40.94,53.13,77.37,59.24,67.53,66.43,60.84,66.82,74.06,61.6,60.78,45.92,61.4,51.94,52.76,52.92,47.46,52.23,44.13,43.33,54.46,53.64,31.24,58.07,60.12,68.13,61.13,69.16,57.46,63.46,70.43,75.7,50.68,56.38,61.77,66.74,62.95,53.93,47.73,57.16,68.14,67.0,60.45,64.5,62.13,64.5,66.99,65.09,57.56,62.62,45.71,43.31,59.77,52.02,47.93,44.63,58.76
1040500089,Telkom University Jakarta,73.74,79.24,94.09,77.62,80.63,94.23,78.71,86.05,83.46,75.66,77.43,72.11,79.19,82.26,78.63,81.82,81.4,75.35,85.04,87.51,76.66,85.6,76.95,91.85,70.32,82.6,79.84,85.44,92.18,88.98,82.21,83.23,97.85,86.91,86.72,93.66,91.3,83.34,97.66,87.19,81.31,81.44,80.8,90.87,71.49,84.87,92.83,92.65,94.01,83.43,97.46,91.41,85.6,91.71,80.25,96.35,87.04,72.19,78.0,87.91,83.52,89.63,80.98,79.53,95.14,82.17,75.5,82.46,82.34,72.42,82.83,83.69,85.77,74.14,86.14,88.49,71.0,86.51,90.97,96.92,90.76,93.98,80.36,75.89,78.65,80.19,79.33,82.39,84.22,70.67,85.52,85.5,87.14,95.18,70.64,75.94,71.41,66.49,79.75,85.54,94.26,79.54,84.14,82.5,84.97,86.98,90.94,98.62,95.86,92.24,97.83,84.52,86.63,84.77,84.39,95.15,90.41,84.65,92.74,91.0,85.21,86.9,86.33,77.42,90.26,84.85,85.38,90.46,81.77,88.5,88.66,87.7,89.88,76.85,83.64,95.67,76.31,100.0,83.05,88.72,92.57,85.49,89.72,86.35,89.93,85.43,97.87,83.9,68.91,73.16,78.19,86.99,79.83,82.94,78.46,82.55,81.06,83.3,83.78,94.81,86.65,95.83,85.2,80.26,96.52,73.63,85.44,80.25,80.21,73.85,82.33,77.08,75.91,68.24,79.98,75.53,76.13,77.6,81.46,76.5,78.61,81.88,87.77,73.24,89.62,82.58,89.09,83.07,74.65,72.96,96.32,92.27,79.63,68.77,80.67,89.21,85.26,88.57,95.83,97.22,96.9,90.41,80.39,84.72,96.04,95.04,89.5,77.09,88.7,92.71,94.17,86.34,81.39,93.33,99.67,90.81,89.92,93.6,84.0,91.36,86.39,87.74,84.06,94.71,93.74,86.28,79.39,96.18,91.07,86.17,81.02,84.59,80.59,79.46,86.19,81.16,84.82,92.31,79.98,91.7,81.95,91.9,90.33,95.89,95.9,92.1,77.89,84.1,94.12,94.28,100.0,85.23,97.26,92.14,92.21,86.71,87.3,88.45,88.41,90.73,86.01,94.94,80.09,79.31,77.85,75.13,79.39,71.88,70.09,72.14,75.57,80.45,83.69,96.87,72.01,85.3,86.52,81.26,82.59,76.01,90.56,82.31,75.18,82.44,88.02,79.26,80.4,88.91,82.13,90.47,88.08,90.99,100.0,92.13,92.92,98.38,93.49,96.1,98.57,90.0,92.2,98.74,93.56,92.9,87.18,90.41,92.79,80.11,83.22,76.71,75.35,81.59,87.15,86.11,62.35,75.58,71.61,66.53,84.2,97.32,88.15,83.13,71.77,78.32,77.45
1040500090,Telkom University Jakarta,67.65,68.5,72.44,59.79,70.9,72.16,63.26,76.57,66.0,69.84,64.29,74.47,77.51,70.01,72.35,62.3,79.98,70.76,63.61,61.71,69.15,79.83,60.54,71.54,82.47,75.07,82.67,89.01,81.61,80.42,84.3,80.93,80.51,90.9,72.05,87.36,85.53,70.19,65.59,63.72,75.69,72.88,68.73,64.88,76.27,75.74,72.19,83.45,82.05,73.31,76.44,81.49,80.83,72.72,69.37,72.6,77.41,66.97,72.3,76.81,70.44,72.68,76.83,81.27,73.1,66.6,66.03,77.13,79.26,75.66,84.57,89.09,78.81,80.49,89.67,75.76,85.3,77.55,91.89,89.16,72.97,75.86,80.34,73.27,69.87,75.44,71.2,75.44,72.96,70.58,91.51,76.99,82.63,81.67,80.14,87.08,67.36,76.71,77.91,74.68,74.72,75.38,63.79,70.24,75.92,68.18,64.23,69.07,72.14,78.98,70.96,67.91,63.2,65.09,75.3,77.4,74.95,65.49,81.78,76.0,62.75,69.32,70.09,72.24,70.48,59.19,65.02,75.48,70.58,66.72,77.27,65.88,67.27,75.84,70.04,75.66,77.11,76.15,76.11,88.49,77.94,88.37,75.92,76.82,85.62,76.97,76.24,84.6,72.2,81.73,87.61,82.06,81.25,81.62,76.45,76.27,75.95,75.19,90.18,81.58,89.38,85.67,77.12,75.95,84.59,67.26,78.92,69.69,88.42,91.63,87.38,78.22,82.7,81.14,89.94,88.53,92.11,79.76,78.93,79.63,81.06,82.2,84.92,79.88,84.22,76.04,76.41,86.13,77.27,80.11,63.91,67.81,84.39,69.96,69.37,75.68,78.0,64.23,71.99,80.5,80.21,85.82,80.8,93.83,80.54,82.02,82.03,83.55,78.14,81.32,77.52,80.03,75.43,68.01,72.48,87.24,79.72,80.88,80.5,69.34,76.13,85.79,70.52,81.24,71.57,75.08,75.51,72.83,81.81,74.67,70.74,83.77,75.75,73.81,66.92,76.32,82.0,72.07,83.3,72.46,70.81,76.26,71.71,85.79,81.81,68.31,73.7,75.02,69.81,77.47,68.19,76.36,72.15,76.57,77.12,78.23,71.64,74.49,77.92,72.94,65.91,64.92,79.21,71.91,62.56,60.36,71.04,73.11,74.39,64.45,59.67,71.84,62.94,70.82,60.06,65.21,77.91,65.81,59.47,74.14,74.43,83.71,61.72,76.73,85.71,76.73,81.27,82.92,79.0,78.13,88.77,76.01,78.95,81.82,89.59,83.01,78.42,78.95,64.93,75.78,66.44,60.24,55.49,63.12,68.46,80.6,68.31,81.36,81.29,79.24,77.54,76.85,72.28,76.94,72.95,77.52,74.64,78.81,58.67,63.08,49.9,71.51,83.95,82.21,72.56
1040500091,Telkom University Jakarta,69.78,74.11,70.8,72.0,66.99,73.05,78.58,76.01,75.16,85.04,92.16,87.14,80.52,82.07,79.04,83.23,91.47,79.23,75.55,64.42,93.0,77.9,81.03,83.54,72.7,78.63,76.63,69.18,87.35,90.57,82.15,78.05,73.3,89.52,88.86,87.76,82.86,89.06,85.4,85.62,81.06,77.98,88.55,73.44,80.05,71.92,72.0,74.74,85.37,83.02,89.86,71.74,74.56,89.3,69.98,74.99,89.33,81.22,82.75,90.27,76.38,82.0,95.77,83.34,84.88,86.01,91.44,87.95,89.09,79.15,88.12,82.95,89.1,83.3,78.72,79.53,91.09,83.46,87.38,74.29,79.35,82.41,83.16,84.33,79.59,91.51,89.82,83.77,84.87,79.74,77.6,69.94,71.12,81.2,100.0,89.67,94.28,88.66,82.66,74.64,62.63,88.66,82.07,91.33,92.71,95.12,96.77,92.44,88.13,87.13,80.28,88.93,90.98,99.96,96.33,89.54,100.0,89.6,91.17,93.14,92.62,93.26,94.86,85.38,88.9,93.64,90.05,82.38,88.68,77.54,91.09,80.02,81.0,81.49,84.31,78.48,75.19,77.09,84.14,89.57,91.58,85.72,98.57,89.69,91.43,81.29,79.18,88.87,82.41,88.63,76.35,82.72,80.4,85.86,74.29,85.33,82.23,86.73,78.63,88.32,82.48,90.81,99.47,92.27,82.55,86.86,97.92,89.05,86.95,83.22,81.13,98.71,90.26,89.86,90.56,84.79,87.39,100.0,89.58,78.02,78.71,85.6,92.65,96.04,93.06,90.48,93.02,91.33,82.24,97.23,77.69,80.97,93.06,80.93,73.21,80.15,77.61,72.87,84.17,64.22,76.18,65.19,75.14,80.29,74.2,70.91,81.08,69.35,62.92,77.88,87.39,79.2,75.65,80.32,73.41,81.9,77.55,96.1,93.98,96.26,89.53,79.63,84.44,86.63,80.62,92.36,86.02,89.3,93.35,86.22,88.25,86.36,93.96,95.74,98.56,97.07,91.82,84.54,88.6,86.07,88.97,92.37,90.56,72.32,69.48,67.45,65.83,72.79,90.1,64.13,80.41,80.68,79.77,86.94,83.35,84.99,88.78,87.03,69.45,84.64,77.86,84.86,74.93,78.67,81.54,79.73,63.52,84.94,82.32,86.6,79.33,87.24,87.51,93.6,90.98,94.5,92.05,84.89,77.9,81.23,95.87,87.96,97.1,88.84,89.61,88.88,84.15,84.39,88.56,92.97,96.57,88.85,92.03,90.35,100.0,76.29,77.86,88.1,81.61,76.83,85.94,88.0,96.88,82.15,88.48,68.4,74.14,75.8,73.53,82.87,83.85,86.9,90.72,80.52,84.32,88.22,81.43,89.27,97.15,86.57,97.31,64.94,75.5,77.35,70.57
1040500092,Telkom University Jakarta,80.74,85.49,82.68,80.65,82.96,76.14,90.41,73.94,83.91,70.34,80.3,86.72,88.88,80.53,81.74,77.21,71.98,73.75,82.37,82.01,74.42,74.16,80.41,74.29,76.67,79.01,81.11,74.56,89.36,84.07,84.13,85.36,89.67,85.28,81.07,83.7,77.33,72.71,69.26,68.35,71.81,88.02,76.6,80.0,94.16,78.65,75.85,86.18,81.27,70.74,93.56,72.32,70.75,79.06,84.54,82.77,84.13,76.63,76.11,84.58,74.61,76.0,69.94,76.03,83.15,64.91,83.65,81.98,74.66,70.7,63.95,75.12,72.39,67.57,66.78,69.42,83.73,71.11,79.71,83.89,87.22,81.54,66.4,71.75,83.64,73.76,72.27,88.86,73.32,83.22,71.28,83.81,83.77,74.84,69.9,72.56,60.03,68.83,72.73,78.87,81.64,76.77,76.77,65.49,69.31,70.89,68.89,75.68,76.03,73.3,74.47,80.16,75.31,79.78,67.73,74.44,73.26,65.93,74.25,76.3,72.36,73.22,76.71,71.32,71.97,75.05,69.14,66.46,84.31,75.67,83.21,89.58,74.71,80.98,88.38,76.61,85.8,80.12,79.27,64.18,66.91,65.47,74.47,61.97,65.82,59.88,57.83,55.94,80.52,73.99,73.06,75.58,67.2,65.99,71.46,75.15,74.01,68.39,73.72,73.67,76.16,78.69,77.15,64.85,74.18,63.9,82.17,88.85,83.24,78.54,93.18,82.0,85.79,79.74,76.82,77.02,79.5,80.85,72.64,90.33,74.18,74.5,87.32,81.85,76.1,78.31,91.4,89.02,80.44,73.88,82.14,75.09,71.76,77.05,83.59,78.2,76.44,78.34,76.41,80.09,62.26,70.38,74.82,73.43,85.29,67.64,85.36,79.58,80.82,74.92,85.26,88.55,86.44,79.92,75.82,55.02,67.78,68.75,57.15,62.77,68.37,65.12,66.81,52.36,58.68,72.8,67.09,60.69,69.9,64.24,62.25,65.55,79.37,78.3,76.72,79.15,68.13,80.89,61.88,65.4,74.15,66.78,79.53,70.4,65.19,64.15,75.27,70.44,70.59,79.08,78.41,78.26,82.73,84.3,76.85,82.27,84.42,72.2,93.81,80.71,84.55,80.92,77.85,69.33,69.36,82.31,66.87,79.9,75.32,82.37,67.24,73.14,69.29,72.24,76.9,77.24,72.95,76.18,69.89,68.1,61.38,64.82,73.67,58.33,83.65,75.1,84.01,83.61,82.38,81.81,79.44,68.52,68.24,62.14,65.71,80.34,70.6,80.12,76.59,70.64,83.43,81.87,84.62,75.61,80.74,70.97,77.1,81.93,83.26,64.6,65.56,73.05,68.37,62.71,65.34,70.37,75.68,69.62,91.26,89.39,74.38,78.21,84.7,86.97,86.9
1040500093,Telkom University Jakarta,71.24,70.1,69.76,66.81,64.2,74.63,75.83,64.81,72.85,74.4,79.1,67.16,75.38,73.04,66.4,67.09,67.95,74.02,64.14,74.05,79.17,72.85,74.63,57.62,56.91,65.74,58.7,71.74,74.51,77.39,71.82,82.69,82.25,75.36,80.53,77.83,76.29,82.76,80.92,75.03,72.44,71.76,83.73,69.14,59.89,82.41,80.14,78.61,82.4,74.76,83.56,72.0,74.31,65.73,75.44,85.54,62.84,72.32,71.92,76.02,69.0,69.82,75.74,72.16,78.38,77.93,85.43,85.46,70.43,68.08,69.91,80.45,78.5,88.68,88.27,78.89,75.59,77.48,69.68,81.61,70.7,80.55,71.18,85.92,74.3,71.1,71.75,73.68,69.19,66.29,81.69,87.88,78.14,81.57,82.99,83.35,76.17,74.77,82.17,78.41,82.96,68.69,73.42,69.36,72.79,66.08,74.42,60.92,74.74,73.77,68.31,70.09,68.19,66.96,75.98,62.93,69.04,64.97,75.79,66.16,73.97,72.85,63.23,77.79,81.94,64.4,72.39,77.67,85.77,80.16,88.18,81.21,75.73,85.08,83.89,80.82,74.2,79.33,86.91,81.83,73.24,68.59,69.97,76.42,70.23,64.6,76.63,79.31,64.63,72.93,73.62,71.51,66.66,70.87,78.78,66.84,74.11,78.03,73.82,73.54,75.24,80.26,79.52,72.61,74.81,86.54,82.58,76.57,75.44,67.32,71.11,74.37,79.9,76.22,82.12,65.97,83.73,71.02,79.14,74.71,88.49,73.74,74.35,85.03,75.33,78.33,67.79,75.82,76.16,67.29,69.86,69.56,66.35,62.4,76.69,86.57,75.16,73.15,87.26,81.96,79.33,68.09,78.15,76.78,78.31,72.51,64.3,84.26,75.9,91.78,82.59,79.96,86.14,78.98,71.64,62.48,69.06,60.99,70.35,70.42,55.6,65.45,58.76,69.85,64.96,62.27,68.9,67.93,79.3,74.2,70.26,82.76,82.47,89.66,84.5,73.77,87.92,77.11,78.47,73.81,69.62,69.7,80.52,67.8,64.9,63.48,69.11,53.45,78.92,83.01,73.49,83.32,79.29,73.78,86.5,79.94,80.41,78.99,74.77,79.42,79.6,73.4,75.32,63.39,76.79,67.11,77.64,78.12,76.49,74.43,79.16,65.29,67.01,64.91,62.81,72.1,62.54,70.35,68.36,80.23,77.51,81.99,66.31,81.35,72.64,72.19,74.69,71.2,72.19,75.43,77.78,79.06,73.05,74.58,75.38,87.96,75.58,77.53,74.16,77.66,83.53,71.0,84.53,80.59,76.65,78.82,64.87,79.21,70.11,74.48,79.31,69.15,75.45,81.55,74.39,76.46,66.89,73.87,55.01,59.36,56.51,65.14,64.19,68.57,82.24
1040500094,Telkom University Jakarta,74.99,71.98,75.75,69.72,75.57,82.42,79.65,77.77,64.03,69.53,68.94,75.73,85.36,78.33,80.12,70.63,74.69,73.68,60.82,78.36,75.3,74.46,67.39,78.36,87.26,76.66,73.66,77.59,86.13,89.77,78.71,77.95,83.35,81.2,88.51,89.87,78.52,69.97,88.42,80.61,75.02,75.03,69.59,81.2,71.01,64.49,71.26,77.49,69.9,67.72,75.43,65.99,62.1,62.16,66.83,82.19,76.36,68.08,66.82,83.79,73.42,61.38,68.02,74.12,81.53,73.85,71.54,71.55,83.78,74.04,82.13,70.74,73.16,72.28,67.62,86.75,68.63,80.4,61.17,69.53,57.98,62.6,89.47,80.12,79.67,80.21,76.18,76.78,73.9,75.05,82.81,74.2,85.95,81.83,84.39,75.55,72.3,77.91,76.35,75.76,84.87,71.69,71.01,89.12,90.64,80.66,86.78,75.77,90.85,84.38,82.71,83.83,68.9,87.85,82.84,79.6,80.12,81.24,86.0,78.49,72.56,82.08,80.64,80.45,79.41,84.74,75.56,90.93,74.69,85.33,78.77,74.61,80.04,84.54,80.21,81.13,82.83,76.65,87.6,92.33,72.17,85.69,84.92,82.44,83.35,76.08,89.83,84.8,75.17,71.46,82.67,66.8,76.1,77.06,71.79,75.98,73.7,74.35,79.12,72.37,72.18,75.09,71.54,69.19,74.07,73.11,75.06,62.64,65.87,79.26,74.39,85.52,73.61,85.53,78.49,77.96,72.24,75.69,73.73,72.93,84.24,73.32,81.17,70.62,80.51,70.02,74.04,83.44,69.54,72.36,91.37,81.4,89.44,83.95,62.25,67.92,68.46,75.83,73.58,73.2,91.01,74.31,86.58,83.23,64.72,76.42,74.67,72.32,64.06,67.25,62.56,73.14,64.55,82.18,72.5,67.79,76.48,79.29,72.24,73.39,81.7,85.61,86.36,69.93,85.51,69.71,84.83,79.37,83.29,73.96,77.52,81.04,76.5,73.8,79.43,72.66,71.47,75.73,76.45,82.66,65.58,80.46,56.73,81.4,86.27,79.7,69.1,73.1,71.55,75.13,80.37,73.68,79.47,78.45,77.35,80.71,60.17,81.68,78.38,70.52,87.31,76.81,79.97,89.64,81.69,77.69,81.04,83.75,87.72,82.67,72.56,79.99,77.3,75.14,73.76,81.6,63.01,77.61,78.64,59.85,64.0,66.9,62.13,74.94,77.1,68.56,75.59,81.15,71.39,75.36,61.01,72.79,72.22,68.68,71.75,70.14,83.14,71.5,73.11,71.73,75.64,88.02,80.33,72.16,66.06,84.53,75.88,73.46,84.5,74.97,80.87,78.65,72.63,72.3,82.52,80.86,84.16,79.36,69.9,82.52,77.71,67.23,68.84,74.41,75.11
1040500095,Telkom University Jakarta,64.93,69.71,57.17,65.04,62.65,74.11,79.31,64.64,73.79,79.7,70.33,70.72,78.76,83.25,75.04,76.0,85.96,78.07,79.99,77.89,66.34,65.73,75.06,77.97,71.78,69.73,74.12,75.1,82.67,83.4,93.61,83.31,85.44,86.78,81.43,86.24,82.1,75.18,60.41,80.41,73.82,71.69,68.67,69.78,60.17,78.83,75.68,81.89,81.19,82.86,69.51,88.34,76.3,74.11,69.59,83.0,80.83,77.26,80.35,83.67,73.77,70.93,69.59,64.15,66.85,72.25,82.89,84.54,61.47,69.19,68.36,75.42,65.55,83.9,85.56,78.28,78.69,75.68,67.27,68.22,70.77,65.57,74.99,76.1,68.31,72.3,79.48,75.16,86.87,88.08,82.06,77.19,78.93,81.21,66.26,82.69,75.35,80.97,68.74,73.73,75.79,85.41,83.96,90.31,98.65,88.19,85.35,85.54,88.68,90.09,83.22,79.53,78.58,82.38,77.39,79.51,84.25,93.91,90.45,85.59,85.83,73.2,86.3,80.43,79.07,86.04,85.27,81.94,76.88,76.28,85.94,75.51,72.79,75.29,91.07,70.77,84.26,81.69,76.63,73.75,69.41,82.82,74.77,74.82,69.78,76.55,78.03,55.05,82.23,67.23,68.82,73.69,78.64,69.44,79.04,77.35,68.69,78.75,69.82,86.43,73.21,72.25,73.47,86.11,79.84,56.2,60.52,70.81,82.29,82.41,86.02,89.09,80.06,79.85,78.11,77.84,71.16,68.61,66.89,81.93,74.8,76.24,83.79,82.79,91.84,72.61,82.42,77.68,87.34,81.17,72.22,81.28,68.71,67.48,72.7,87.56,74.01,74.46,68.73,78.78,79.13,78.37,88.97,78.08,79.13,81.63,88.2,72.16,78.59,93.16,85.79,79.1,90.21,68.94,87.04,78.18,82.17,83.84,74.59,86.56,77.0,72.21,69.05,83.08,86.17,89.71,80.02,81.41,86.01,80.5,78.15,74.1,64.86,62.14,71.76,75.29,81.18,76.61,77.64,82.01,71.93,88.47,68.92,79.48,74.9,83.17,72.64,68.0,84.72,73.62,93.7,73.3,89.12,88.97,75.31,76.49,77.36,75.38,74.44,90.06,83.82,85.28,62.0,71.94,69.33,79.79,80.96,71.7,70.19,60.22,82.48,79.29,84.54,80.83,86.69,81.94,74.8,85.64,81.54,72.35,76.66,84.62,76.05,69.29,71.51,65.35,73.0,72.54,70.84,74.97,82.01,82.35,77.03,75.21,81.42,75.61,71.46,81.93,84.97,72.46,77.55,79.77,74.17,76.64,70.31,76.13,81.39,78.81,83.9,80.06,87.4,75.55,72.82,67.04,72.0,77.78,66.85,84.12,75.8,76.67,67.78,67.98,75.61,65.57,70.69
1040500096,Telkom University Jakarta,87.75,99.37,87.61,87.78,85.28,94.6,92.92,83.93,86.52,86.94,88.52,89.41,100.0,86.92,90.97,92.63,91.99,99.89,96.46,87.26,89.39,87.15,94.48,64.74,62.1,61.68,52.6,67.05,82.28,70.24,79.97,97.23,94.83,78.96,77.6,74.66,84.27,85.16,73.19,77.79,62.52,76.9,74.79,75.3,73.69,91.15,81.66,85.07,88.42,82.46,83.5,93.11,76.37,76.78,77.2,86.58,87.12,94.96,83.38,95.21,89.56,80.84,80.77,75.06,84.98,98.15,99.98,86.01,77.65,61.03,69.45,68.61,79.41,65.16,71.5,73.05,98.06,100.0,91.43,98.53,77.04,98.79,95.39,85.66,79.71,89.57,91.27,87.82,86.52,90.5,81.41,95.81,81.1,85.59,96.3,100.0,95.55,94.64,80.93,85.4,72.59,86.84,85.93,76.47,84.56,93.51,86.81,79.57,82.54,89.03,90.49,87.11,89.09,89.06,95.49,89.74,95.59,90.61,93.1,95.03,95.31,90.13,75.99,78.24,77.66,88.38,85.39,73.08,78.8,74.02,85.43,74.66,82.61,77.92,85.61,82.52,83.41,90.32,78.63,97.08,100.0,85.21,98.7,89.61,87.68,85.88,96.99,97.6,87.55,83.09,92.62,89.31,78.34,87.97,100.0,89.85,85.49,88.69,82.55,88.81,99.49,100.0,93.49,82.48,90.3,73.3,81.22,75.09,76.8,84.2,87.12,75.08,82.93,68.46,78.59,77.27,86.01,84.49,79.57,77.2,81.1,74.48,72.38,72.65,71.12,76.54,89.46,72.25,84.24,77.7,96.96,91.17,92.54,91.57,87.67,76.77,75.83,83.64,83.04,99.95,100.0,92.79,92.21,88.34,72.83,64.41,68.38,80.76,84.7,60.9,74.82,75.07,71.08,72.08,65.47,88.33,94.35,97.54,90.02,88.49,91.45,87.3,98.13,92.65,99.55,92.76,89.37,86.03,86.16,88.94,84.58,89.25,69.46,79.27,77.11,81.49,75.32,81.94,87.5,83.43,83.02,77.32,88.6,86.1,87.62,92.69,85.27,92.84,90.31,92.87,86.51,83.67,85.65,93.94,83.1,80.39,88.7,84.91,78.37,82.62,91.17,86.02,80.48,79.59,88.25,81.92,93.34,98.09,80.9,88.33,91.26,84.73,90.02,91.01,95.26,86.98,82.59,98.95,77.73,90.19,100.0,92.91,78.1,68.38,78.54,87.68,86.65,86.2,75.34,79.1,85.2,91.86,74.94,86.65,100.0,93.97,99.3,90.84,85.42,91.5,99.89,89.57,90.95,94.35,76.17,93.42,88.16,76.64,83.28,85.18,84.99,80.64,85.1,86.13,81.2,76.51,84.58,63.46,82.68,92.01,93.16,76.56,84.16,80.69,69.84
1040500097,Telkom University Jakarta,95.44,96.5,100.0,99.28,84.39,90.32,88.51,92.24,88.85,90.0,89.51,100.0,79.67,88.48,91.76,94.99,100.0,85.86,91.42,93.39,95.61,100.0,88.02,83.74,77.46,83.78,89.24,91.92,81.51,83.6,86.03,87.56,94.44,84.97,85.76,88.31,79.24,83.13,83.93,79.45,82.35,88.89,92.32,97.23,92.67,95.71,82.15,97.16,95.74,86.36,95.0,97.52,71.75,90.29,90.82,98.27,81.77,94.1,75.86,90.87,72.85,94.89,92.62,100.0,87.82,100.0,90.99,95.83,83.1,87.81,95.47,93.24,87.58,88.82,86.25,85.21,72.41,81.49,83.94,72.64,77.27,72.84,87.17,96.25,84.01,74.62,87.83,88.92,87.71,89.5,65.06,80.11,78.25,57.73,95.65,91.14,83.46,99.61,81.44,88.83,77.48,92.88,100.0,100.0,79.62,99.25,84.88,91.1,94.76,98.25,97.06,89.03,95.56,87.73,97.1,100.0,91.26,100.0,91.94,94.86,86.38,98.52,86.52,91.06,100.0,96.32,95.51,82.29,76.99,86.71,72.99,81.49,86.25,85.49,73.44,75.45,84.22,80.0,80.09,87.8,73.47,94.06,84.92,90.83,76.74,91.43,94.94,84.62,100.0,95.31,95.82,89.65,86.19,88.69,97.11,84.56,85.85,91.72,92.22,85.84,85.63,89.79,89.24,100.0,80.49,80.36,80.47,71.69,71.2,79.61,95.62,80.11,78.82,74.21,71.45,75.77,84.33,76.9,84.94,86.44,84.35,81.42,77.93,83.52,69.41,76.63,85.36,79.07,72.59,64.54,73.66,84.08,73.48,72.99,94.31,85.48,88.67,86.15,85.32,92.65,83.71,84.67,81.62,86.83,78.42,82.68,87.03,89.36,82.43,78.11,83.54,91.78,83.41,67.65,87.79,91.61,76.67,94.21,89.02,92.43,87.76,85.44,89.02,98.71,86.71,88.21,90.23,88.52,82.5,80.37,88.17,80.71,93.22,78.26,89.5,71.76,79.84,86.79,88.02,97.43,95.46,93.13,95.54,83.15,82.71,89.59,93.25,82.12,95.34,95.44,97.27,99.07,84.1,94.35,100.0,90.79,89.7,89.14,89.23,89.11,92.31,95.64,87.43,91.93,88.75,100.0,86.18,94.77,86.42,88.0,78.37,79.48,77.67,78.35,77.33,88.64,84.33,83.84,78.45,73.22,73.27,70.04,78.38,77.68,88.62,94.72,83.58,83.94,83.48,88.84,80.05,88.83,83.63,85.98,85.62,86.89,78.58,77.3,73.97,75.42,87.1,73.9,86.37,82.26,89.05,86.77,91.67,98.54,93.39,74.83,82.39,63.68,80.75,65.98,86.09,89.18,84.62,82.79,86.79,94.72,78.81,75.01,63.82,77.38,72.4
1040500098,Telkom University Jakarta,85.64,90.7,87.83,92.33,86.99,100.0,90.31,94.16,98.16,98.1,79.48,86.89,87.37,84.63,80.23,95.3,85.66,95.08,85.87,85.76,91.99,88.32,95.67,75.06,73.21,81.14,79.63,77.38,88.25,91.59,96.71,87.37,96.96,93.35,83.03,93.1,98.14,94.84,91.44,99.69,94.19,87.47,86.74,83.55,80.78,84.23,79.08,91.58,83.19,82.55,72.31,70.96,80.95,73.88,84.99,86.13,82.66,72.14,76.45,76.51,94.71,95.78,88.74,97.37,89.25,84.81,94.46,89.37,73.73,87.94,73.64,84.04,92.18,92.25,100.0,93.25,91.47,93.9,84.15,90.97,100.0,87.68,82.37,90.39,86.92,99.69,82.99,82.06,86.05,83.97,89.91,92.4,89.58,86.84,78.44,85.98,76.29,82.33,83.07,95.24,88.36,83.99,87.04,99.87,93.58,91.95,99.34,88.03,99.68,92.97,90.75,100.0,90.09,97.55,86.72,87.87,82.24,87.66,97.17,85.35,91.19,99.45,92.45,84.29,100.0,97.41,89.39,92.69,100.0,67.58,83.74,88.77,80.3,91.55,96.98,91.08,78.72,92.79,90.22,81.48,92.3,87.18,80.43,82.38,91.61,92.49,90.36,86.97,71.08,66.88,69.72,76.3,74.11,87.46,65.64,74.26,71.1,90.51,80.35,93.3,81.77,85.85,88.31,78.79,94.71,80.92,76.15,77.31,92.49,84.93,83.1,87.43,86.12,78.53,92.73,86.41,92.78,90.41,89.16,98.54,95.42,70.09,84.18,85.23,86.15,94.18,89.9,87.67,87.88,84.88,87.99,100.0,88.55,91.6,85.91,94.67,100.0,91.16,92.57,74.34,73.22,77.02,70.25,73.25,85.82,83.91,78.28,75.15,84.61,82.52,80.62,90.01,85.71,97.87,78.03,95.36,89.25,92.77,99.68,86.84,86.23,97.62,98.18,100.0,91.8,96.55,95.26,90.91,85.08,86.4,77.61,83.77,83.65,79.93,75.91,74.69,84.52,74.86,92.52,77.25,98.09,92.16,91.53,81.06,93.4,82.73,95.06,94.31,71.06,69.51,72.14,80.64,86.35,87.73,72.33,73.93,66.86,81.55,77.7,76.42,74.51,81.14,76.87,83.54,78.31,85.74,87.61,82.14,73.67,87.19,91.1,89.72,90.64,90.62,91.86,83.48,84.58,87.44,85.37,95.87,87.07,100.0,78.64,73.58,73.53,74.24,79.93,65.06,64.48,81.26,76.32,79.51,81.87,80.0,83.36,79.05,83.88,88.43,82.15,87.88,78.42,71.89,64.3,80.83,84.59,83.89,62.54,78.75,84.22,92.19,73.33,84.43,74.14,74.36,92.14,88.72,91.12,82.48,71.53,71.39,67.67,87.62,83.72,78.24,78.75
1040500099,Telkom University Jakarta,51.43,61.57,51.87,57.94,52.32,51.0,50.12,56.71,50.4,58.82,53.67,53.4,61.21,66.99,61.31,73.25,58.39,52.09,54.47,56.39,54.15,58.72,58.36,57.29,69.27,53.94,57.56,57.9,54.61,52.7,57.54,63.22,68.05,59.19,61.19,69.13,62.39,56.47,45.4,47.37,44.57,63.39,67.59,60.47,66.15,56.57,62.08,54.38,59.31,59.33,59.72,52.02,54.88,51.39,59.77,51.08,59.04,54.32,65.04,50.47,47.13,51.87,61.45,52.05,55.26,55.37,66.31,53.18,59.26,53.96,53.24,43.91,57.13,51.81,54.41,51.85,58.22,49.4,56.78,63.44,54.37,57.46,51.41,54.53,52.25,59.87,62.3,63.21,57.77,59.72,48.39,48.46,55.67,58.29,67.15,65.09,68.13,59.0,56.03,49.3,58.94,60.42,71.4,61.05,66.59,70.4,63.73,72.67,65.73,62.15,65.51,77.49,67.02,67.06,62.12,74.35,74.36,76.49,74.27,67.67,68.65,73.05,67.21,59.38,64.48,60.75,69.61,58.84,64.29,67.46,56.06,66.68,56.59,46.86,59.4,59.43,68.13,54.76,63.31,63.86,47.81,65.95,62.25,62.94,63.3,51.99,56.74,63.13,57.72,61.18,74.94,65.71,67.19,75.31,57.55,75.87,57.51,69.52,68.27,72.15,57.66,67.17,59.8,54.34,72.51,58.8,53.45,62.33,49.14,58.99,48.31,61.77,56.44,60.75,70.59,61.96,62.58,54.61,58.75,50.35,54.62,60.36,62.24,60.61,56.37,63.14,65.79,50.21,66.06,60.82,66.71,62.07,49.67,45.49,63.28,60.74,58.4,49.74,62.48,62.61,59.67,56.53,67.62,59.45,69.36,55.29,56.63,68.18,57.74,70.1,59.68,63.41,68.06,64.3,67.8,65.87,62.09,71.52,62.13,72.66,70.34,65.44,72.9,71.89,64.43,66.65,68.73,75.48,58.28,54.74,57.32,43.56,60.69,60.6,54.9,52.66,67.36,46.16,50.51,47.78,48.46,46.54,43.92,44.39,52.33,72.33,51.41,64.14,62.28,64.12,56.43,62.12,60.19,51.34,50.04,59.61,53.17,55.21,52.14,56.63,49.6,58.13,58.45,52.66,64.14,48.66,49.82,62.24,46.65,51.6,60.81,56.81,54.79,58.74,51.05,54.37,55.05,58.74,51.14,60.15,55.19,50.32,47.48,48.69,50.07,45.92,62.16,43.61,50.06,51.62,54.87,54.6,68.44,59.11,60.56,49.94,52.52,48.35,63.67,58.27,50.86,64.77,53.2,70.23,54.61,59.74,60.9,49.62,45.71,55.32,62.94,66.34,62.37,69.4,44.69,50.91,49.43,49.09,61.52,49.26,58.06,62.08,59.05,67.11,60.98
1040500100,Telkom University Jakarta,98.5,87.29,90.21,82.22,89.62,86.76,95.68,96.93,76.73,78.13,83.64,61.85,80.36,84.15,79.26,80.87,82.27,72.99,83.79,80.55,79.23,78.07,93.04,74.95,80.95,87.93,75.41,77.28,72.82,84.52,88.13,82.48,80.56,87.2,89.6,80.18,85.58,82.4,69.78,78.24,72.37,80.3,85.52,81.3,88.91,95.04,87.73,94.98,87.27,80.93,88.86,85.2,88.8,89.96,95.79,86.62,79.0,74.13,82.57,77.25,84.13,86.95,87.14,72.31,70.6,87.01,69.51,84.52,89.65,93.32,98.41,96.35,93.4,85.0,73.54,87.47,83.68,78.01,76.57,95.36,88.55,91.05,93.23,96.28,98.12,84.32,88.59,82.35,100.0,93.87,67.71,72.07,72.97,72.37,88.42,88.4,91.56,100.0,77.26,83.15,75.17,83.04,82.56,75.45,78.16,91.5,82.75,88.69,82.63,91.74,77.48,87.95,79.4,80.62,77.85,83.05,81.7,76.99,77.74,83.59,94.27,85.91,84.29,82.37,74.75,91.7,86.4,78.28,64.63,85.06,82.06,79.06,86.86,80.39,82.21,93.06,93.56,87.47,83.49,82.03,90.4,86.32,85.65,83.48,97.44,96.46,91.46,100.0,71.48,80.33,80.44,83.15,95.84,77.1,73.7,82.63,76.38,78.52,92.91,82.7,90.43,91.97,82.57,81.43,100.0,87.24,72.36,81.56,92.66,88.74,97.23,95.26,100.0,86.18,89.5,96.57,95.64,91.82,81.98,92.25,95.05,97.46,90.72,99.26,88.72,86.32,99.52,100.0,93.16,96.8,83.92,73.94,92.51,78.32,81.65,83.8,77.02,86.3,90.3,86.49,78.24,92.86,98.59,92.99,86.28,88.15,88.47,94.33,86.69,93.06,91.77,92.17,86.65,94.05,89.8,80.52,75.21,77.64,88.9,90.92,82.39,82.56,68.04,90.27,95.7,89.37,94.04,78.05,88.39,88.56,85.03,97.47,83.49,91.24,86.16,87.37,80.69,84.09,81.99,92.63,84.53,99.13,84.05,97.41,77.5,98.43,95.93,95.46,85.2,83.15,91.51,75.08,85.67,83.26,82.19,86.19,92.99,89.4,78.06,91.33,87.29,100.0,72.51,68.08,64.88,72.87,65.27,73.09,72.81,69.68,81.0,70.0,66.5,74.14,68.3,73.87,84.61,82.15,64.61,89.85,87.8,86.58,83.25,81.19,78.67,90.67,84.56,73.24,74.85,90.28,68.78,76.79,88.73,93.84,99.98,83.9,81.31,87.39,88.92,86.98,94.08,83.5,86.11,86.6,83.13,74.15,87.2,78.57,86.22,92.74,98.15,93.28,94.42,100.0,80.31,81.05,83.08,76.9,94.56,93.65,86.04,65.06,75.59,76.16,76.81
1040500101,Telkom University Jakarta,76.4,72.78,82.88,81.03,87.69,78.14,71.66,89.32,88.99,93.62,100.0,80.85,93.8,94.85,93.32,91.19,89.01,96.39,99.2,92.23,87.39,92.54,87.59,73.63,98.29,76.23,83.29,100.0,89.65,80.53,90.78,87.46,87.7,93.62,93.79,92.88,81.42,81.81,91.67,86.31,79.0,91.54,78.33,84.81,85.96,85.37,87.61,90.23,71.51,76.92,86.71,89.62,76.77,82.19,76.05,81.31,95.57,100.0,94.53,98.51,81.93,75.21,73.38,74.39,83.96,85.16,73.54,83.7,94.44,92.63,87.28,96.58,88.18,75.51,72.91,82.43,88.74,83.51,82.45,86.71,77.01,76.44,82.2,89.31,84.32,92.4,81.3,82.68,88.14,84.04,92.15,90.86,95.64,81.96,85.66,95.5,80.98,70.11,80.15,94.71,99.42,89.71,89.89,88.19,89.22,100.0,89.49,93.04,84.48,80.82,74.27,93.04,85.7,87.5,77.06,81.41,88.63,92.11,87.47,83.68,86.22,81.52,87.03,83.8,94.3,81.87,93.94,79.46,84.58,85.06,88.23,92.92,79.31,85.69,85.21,87.2,86.24,79.53,76.44,85.3,97.91,90.84,85.77,96.14,99.64,87.85,87.44,85.34,85.23,92.88,94.8,84.21,95.99,85.59,93.73,95.76,86.0,96.01,87.04,76.65,78.83,83.59,84.49,73.42,88.43,76.07,81.09,72.97,82.81,89.45,85.08,100.0,88.5,95.84,95.16,90.31,97.04,85.85,100.0,97.38,83.99,95.87,90.19,89.6,83.21,86.48,88.43,84.14,95.81,98.66,100.0,97.83,100.0,87.78,77.17,83.33,89.08,76.59,77.17,79.12,85.46,87.98,85.2,81.53,79.59,89.19,86.65,90.87,75.65,72.32,85.44,82.2,78.59,79.45,87.17,84.01,80.28,82.08,87.48,78.04,91.68,91.73,81.6,93.94,91.35,80.66,72.48,75.6,79.77,85.05,94.63,90.59,87.97,91.68,84.6,85.19,94.36,84.0,92.28,82.07,89.71,82.68,84.97,91.3,85.68,87.36,92.86,92.09,74.24,72.34,76.8,74.41,75.27,83.05,78.45,78.02,77.53,85.87,82.26,83.95,79.8,70.93,77.8,77.27,90.41,79.26,76.81,81.78,91.44,77.45,93.71,88.61,84.78,90.74,87.12,91.9,82.17,94.55,89.37,69.09,76.53,73.89,90.78,84.93,98.18,84.21,82.72,86.3,94.29,89.25,87.66,83.82,79.75,78.06,85.37,95.42,100.0,85.93,95.31,79.4,86.51,77.74,89.35,79.36,97.13,82.42,81.08,80.42,79.79,71.73,82.39,80.86,86.17,73.97,72.09,76.67,86.38,83.97,88.56,86.18,94.04,96.37,96.72,92.89,84.95
1040500102,Telkom University Jakarta,70.3,74.96,76.3,70.91,74.05,78.46,62.98,73.54,98.76,89.92,81.41,81.37,83.07,85.95,83.97,89.15,86.83,91.94,82.41,87.75,82.88,90.53,79.93,85.83,81.19,85.3,89.38,97.74,77.91,88.38,83.09,92.59,92.79,88.84,98.72,85.51,85.85,78.64,75.84,77.96,83.69,89.97,88.51,90.59,82.26,86.62,72.5,90.54,82.71,89.95,86.26,74.67,84.28,91.69,81.86,71.31,71.8,66.31,78.05,71.7,85.01,97.14,84.69,77.72,73.74,89.48,73.89,85.79,85.13,90.38,89.92,96.28,92.09,89.97,84.41,91.54,84.28,94.51,82.99,85.39,84.29,89.65,65.78,72.88,80.54,82.07,81.47,93.14,91.19,96.08,94.69,82.41,90.44,84.0,83.06,81.93,78.25,81.5,73.51,81.0,72.71,92.78,88.41,76.85,78.87,86.14,77.78,97.34,76.15,83.04,71.16,82.93,84.56,82.07,89.05,85.68,85.28,69.43,85.32,86.58,80.53,91.44,75.16,74.35,90.5,80.27,79.69,89.73,89.67,86.48,93.6,95.99,98.77,100.0,88.94,99.6,95.65,98.49,91.04,89.4,87.56,83.14,90.01,83.93,90.27,86.26,86.93,87.42,86.01,92.09,89.03,77.85,74.57,92.99,81.91,82.15,91.48,71.58,70.14,58.35,71.09,65.45,64.9,64.21,60.82,79.27,93.13,86.39,88.25,87.02,100.0,83.7,86.17,74.15,91.14,81.42,76.47,88.07,96.95,91.02,88.82,84.36,90.24,83.71,87.41,87.15,75.49,97.91,90.81,78.82,75.21,79.63,65.94,92.36,78.75,89.95,82.29,77.87,85.83,77.96,70.96,79.2,81.69,84.46,95.26,91.19,83.53,94.49,84.48,83.41,92.83,98.02,93.38,91.37,99.14,74.79,68.12,75.38,71.46,77.71,64.53,84.86,69.96,69.89,76.48,78.26,85.2,70.33,84.6,97.85,79.9,95.61,91.21,75.1,88.23,97.98,91.92,86.39,92.95,88.4,78.85,76.59,85.61,76.88,74.13,81.7,79.76,80.69,87.49,86.66,83.31,88.55,84.98,92.16,84.37,81.7,80.83,94.03,90.95,94.42,85.84,91.57,95.21,95.78,86.05,90.84,88.96,73.89,93.5,96.24,92.01,82.44,93.63,81.55,79.96,97.39,90.91,91.38,89.87,87.36,77.94,89.31,88.26,80.94,88.33,86.07,71.56,79.46,79.72,86.07,86.54,80.8,86.19,84.89,69.55,91.19,88.51,77.52,72.83,84.55,81.91,86.69,76.4,84.37,79.49,83.26,80.97,79.53,96.75,90.5,98.61,87.7,96.58,87.17,56.89,72.99,73.48,64.73,85.44,94.68,77.4,72.79,83.22,75.36,68.49
1040500103,Telkom University Jakarta,92.33,96.54,87.04,82.05,85.22,89.14,88.84,80.37,96.66,92.33,90.93,91.63,90.63,90.18,86.17,84.37,92.55,86.7,90.23,98.49,98.73,95.91,91.73,82.0,78.36,84.55,73.98,85.36,78.03,86.66,74.82,78.48,78.9,85.39,79.7,81.65,90.12,79.01,75.77,89.09,81.0,88.09,80.05,78.79,85.99,93.32,95.03,97.63,88.03,87.38,85.69,87.99,90.51,92.33,89.01,91.86,95.25,93.54,92.29,99.66,81.6,74.38,74.01,69.78,82.93,80.76,81.58,78.53,100.0,93.25,92.63,90.17,92.43,99.07,82.52,100.0,71.16,69.83,71.56,89.15,85.03,85.29,92.5,85.33,81.92,88.03,87.58,86.99,93.38,79.78,72.02,74.61,74.97,70.53,95.83,99.75,89.5,84.83,84.34,74.35,86.12,92.56,79.33,93.5,86.37,90.6,85.21,97.24,92.0,96.13,77.1,92.81,97.27,89.79,80.43,90.67,93.16,88.18,100.0,83.3,89.87,84.59,83.08,93.65,94.6,82.08,100.0,87.84,86.04,89.22,92.79,81.75,88.4,95.29,93.12,83.37,97.38,90.97,91.17,89.55,87.19,81.39,81.53,84.51,88.22,93.42,88.28,84.54,71.68,68.77,78.37,72.97,76.47,73.71,77.86,69.69,76.21,70.56,93.77,83.82,85.51,88.3,90.69,89.63,98.7,77.06,79.63,68.57,91.84,79.81,89.6,88.37,100.0,99.46,86.4,87.96,85.46,86.32,77.07,83.02,82.69,86.96,81.77,91.23,86.25,83.25,84.35,83.87,78.63,83.05,83.5,91.39,83.08,85.82,90.02,88.28,90.57,86.21,86.17,97.48,76.34,94.64,92.58,100.0,83.75,87.38,81.72,83.08,80.42,85.52,77.24,78.98,86.83,78.92,91.88,86.97,83.74,84.18,84.96,81.5,94.82,92.05,85.48,83.49,87.04,87.51,85.76,87.89,68.01,71.56,69.02,66.3,86.31,100.0,98.33,95.64,96.31,90.46,87.58,89.66,80.88,89.11,82.95,89.37,79.18,90.15,95.31,88.49,81.66,85.0,79.73,82.53,81.79,78.35,83.88,74.96,82.78,91.34,77.88,85.48,84.64,91.52,77.44,80.78,68.75,90.21,86.04,78.78,68.21,73.03,61.26,68.36,65.57,73.41,58.36,77.91,83.15,64.18,75.26,88.09,79.48,85.34,67.79,62.29,68.33,63.81,75.39,82.76,67.27,74.13,82.87,86.71,89.71,84.78,87.1,94.98,92.71,97.82,93.58,93.98,71.63,75.28,73.21,77.42,83.61,74.36,75.78,75.61,70.72,93.65,93.91,100.0,94.47,98.27,76.44,78.11,77.39,74.78,89.99,88.12,99.96,86.31,91.98,86.01,100.0
1040500104,Telkom University Jakarta,80.93,100.0,92.84,93.27,97.02,87.59,86.42,86.73,77.58,73.09,86.11,86.75,83.0,93.3,85.57,93.99,86.85,88.78,89.54,82.84,92.48,79.74,77.83,78.17,67.76,73.84,72.44,76.92,86.03,88.95,93.46,73.14,81.36,89.68,74.34,70.02,79.19,84.26,94.01,84.89,88.31,83.26,88.6,77.15,89.04,79.43,82.15,91.2,78.11,88.49,83.03,84.98,92.31,80.16,81.98,81.72,87.65,92.93,84.22,89.81,58.51,75.1,63.65,77.05,96.85,82.56,90.37,90.86,74.73,80.26,77.35,79.67,75.8,90.99,88.07,95.9,91.49,79.63,80.26,87.47,81.39,86.22,82.97,84.96,80.59,73.7,83.01,82.87,90.66,81.61,86.32,88.06,92.47,96.72,76.07,66.66,72.9,62.1,78.3,84.71,81.37,92.95,91.19,92.22,92.26,89.54,83.91,88.38,73.37,86.6,87.35,89.95,89.8,91.19,91.53,91.82,91.71,91.65,77.58,95.55,96.19,78.18,89.82,87.98,88.3,90.75,88.61,95.09,80.23,90.04,89.71,89.33,79.31,76.66,85.59,99.62,94.94,89.16,95.2,72.98,95.07,85.91,86.22,80.2,83.84,84.13,75.54,79.54,95.65,95.04,84.1,89.71,92.58,92.47,83.39,82.99,79.21,88.86,91.35,85.86,89.68,90.48,89.18,84.4,92.68,95.67,87.4,90.67,98.2,93.14,91.06,90.13,96.3,94.84,93.3,92.37,96.34,100.0,98.74,91.44,93.8,100.0,94.68,100.0,96.68,86.36,94.1,90.33,88.03,100.0,84.67,83.1,83.96,78.63,75.52,79.8,83.53,80.17,86.56,81.01,93.54,94.2,75.71,98.28,82.45,81.73,77.89,83.87,91.21,86.34,88.53,74.3,85.71,86.65,84.83,84.49,85.66,89.95,82.44,83.81,92.03,94.04,76.21,95.01,78.03,90.8,86.03,83.7,97.44,91.92,89.12,85.07,85.69,77.54,77.8,85.19,77.66,65.53,85.0,84.11,88.86,77.92,74.77,95.37,94.24,90.34,86.19,83.77,74.36,83.53,77.71,81.01,75.3,88.59,85.14,74.76,83.97,82.54,98.55,73.05,85.89,86.5,83.87,98.4,88.14,91.4,84.15,96.76,92.66,82.5,68.52,82.79,83.32,90.57,78.45,84.55,79.3,80.33,91.34,99.38,86.17,96.75,83.29,84.49,82.55,81.98,91.71,90.61,78.8,82.6,82.67,81.34,89.74,91.92,82.62,85.39,81.61,75.62,84.87,81.83,90.03,83.79,83.39,78.35,87.11,86.26,92.14,83.37,82.73,83.65,75.84,79.41,77.42,82.16,82.19,93.87,85.35,77.22,89.9,91.21,97.92,85.11,91.2,88.36,95.21
1040500105,Telkom University Jakarta,80.54,80.23,71.48,80.33,80.39,76.55,79.16,79.27,83.01,73.15,73.91,93.65,86.63,74.84,82.61,82.96,77.26,76.17,70.94,92.59,76.25,75.85,71.68,67.6,67.97,80.16,83.81,63.55,66.2,59.46,74.96,71.46,59.65,63.89,75.95,68.56,63.44,66.75,69.87,61.63,65.88,83.69,67.45,78.52,77.0,81.58,77.7,68.15,76.51,76.48,81.31,74.98,78.77,83.4,81.95,71.01,81.45,85.72,84.19,81.91,63.75,75.67,69.03,67.72,71.87,72.48,72.57,71.98,57.99,61.74,68.72,65.31,67.61,71.15,74.65,68.93,80.95,77.16,74.03,87.25,83.72,72.6,82.89,83.95,73.96,83.88,71.0,67.21,70.47,66.44,84.33,70.67,66.38,70.8,78.28,70.79,85.84,71.3,66.16,74.39,76.64,71.86,75.05,78.01,64.51,83.04,72.24,67.22,74.84,75.98,77.99,81.57,77.33,65.21,69.67,69.83,73.88,69.26,72.61,62.17,62.74,72.13,72.34,75.67,72.17,81.69,66.01,75.3,82.99,84.5,79.9,80.86,84.62,87.6,75.44,88.28,86.69,84.24,73.67,76.47,73.1,82.12,66.65,69.67,61.7,74.54,68.4,72.69,65.46,71.9,67.63,69.12,80.74,66.76,77.78,72.39,76.99,61.26,66.77,72.6,67.44,57.47,64.0,58.75,64.94,87.6,84.94,84.03,63.63,68.15,67.95,65.16,71.3,67.83,70.1,59.88,67.67,61.96,70.74,69.64,75.3,72.93,75.43,68.2,70.17,74.64,53.64,56.84,68.19,64.37,82.27,84.72,75.32,81.27,75.43,76.02,84.25,76.16,58.54,84.45,81.98,79.01,81.01,84.6,85.09,75.69,88.0,85.51,75.78,76.09,75.42,70.67,72.85,61.33,85.65,72.6,78.45,81.82,84.41,95.18,82.3,87.88,73.1,77.57,81.76,83.08,70.4,78.1,89.46,73.83,91.72,81.48,76.88,84.49,82.56,77.28,75.65,90.54,76.9,79.48,71.25,81.59,85.02,85.15,74.58,84.05,89.69,83.98,76.38,78.35,70.14,86.73,94.12,78.29,83.76,90.99,83.59,77.56,87.78,76.01,76.88,70.8,74.34,84.13,77.46,83.7,90.69,80.46,76.83,90.17,82.93,85.13,80.92,72.39,81.68,83.82,78.98,81.87,85.92,75.3,76.77,83.53,80.25,77.26,70.43,67.7,73.7,71.35,73.96,60.36,73.42,83.04,71.3,65.69,68.31,71.18,74.92,72.46,73.13,73.18,72.39,70.04,69.35,65.51,62.05,70.14,76.16,68.45,72.59,83.57,76.4,68.82,80.75,69.92,69.73,75.48,82.69,76.82,74.81,69.36,66.71,73.72,66.65,78.98,85.77
1040500106,Telkom University Jakarta,78.85,74.13,73.14,82.77,82.95,84.41,83.59,85.53,73.36,85.64,84.91,85.13,82.5,79.84,81.55,86.08,80.8,84.2,88.18,85.83,91.71,75.33,73.28,65.17,70.69,76.17,77.18,68.47,73.6,57.24,56.93,58.98,59.53,57.79,60.31,54.14,73.7,83.69,79.29,79.09,81.72,57.5,66.18,71.83,59.46,78.71,80.42,78.2,85.4,82.48,68.41,66.06,85.57,67.11,74.92,74.76,76.79,79.36,76.58,74.53,71.2,77.93,77.91,73.69,76.78,85.97,70.05,71.87,73.43,70.58,57.2,77.32,70.75,71.58,87.36,71.99,70.01,71.6,76.32,78.89,75.01,66.17,74.67,83.85,63.5,66.97,80.91,59.28,72.51,63.67,67.73,74.28,70.59,66.85,70.3,59.09,79.94,71.12,67.81,68.4,68.35,80.58,86.42,76.59,80.1,74.52,76.52,86.78,82.21,92.04,85.99,70.29,79.34,80.82,79.28,72.64,75.95,80.19,81.06,74.42,76.6,71.77,98.17,73.65,82.6,78.76,75.05,69.65,81.25,93.09,79.7,86.13,74.08,76.72,75.35,96.86,71.38,71.77,82.89,66.71,78.83,67.34,79.63,80.54,75.15,68.56,70.66,82.01,79.05,76.97,74.69,80.8,81.77,76.64,73.99,70.49,76.51,75.11,80.92,81.43,68.54,80.71,76.76,86.03,83.79,75.78,69.0,70.83,79.4,74.2,82.54,85.58,86.96,81.69,93.62,80.91,75.29,75.63,88.21,84.63,73.35,67.46,72.73,69.66,78.7,75.66,73.19,82.11,85.97,81.23,78.09,83.8,78.68,86.46,78.9,84.89,82.87,80.26,81.96,69.03,71.64,72.88,74.45,73.47,74.92,78.22,73.26,69.71,76.23,75.67,71.37,78.29,79.68,79.43,78.32,72.25,76.1,89.93,81.77,72.14,79.36,75.54,88.33,77.6,72.67,73.8,77.35,74.94,79.42,75.48,87.3,79.66,71.68,70.95,76.97,79.81,89.11,86.21,73.51,74.77,79.0,79.53,67.58,80.92,83.69,78.37,89.36,90.08,71.01,83.72,77.68,71.7,70.93,70.94,81.85,81.25,73.3,79.0,78.97,75.57,78.23,72.91,76.02,74.99,72.94,81.02,92.92,89.0,80.57,75.24,71.02,60.4,82.67,63.5,64.74,67.74,67.5,73.34,65.87,73.92,78.93,71.57,71.26,86.44,71.97,65.9,74.74,79.61,70.57,61.45,73.48,78.44,67.52,72.2,64.33,77.39,67.19,57.41,77.29,71.76,78.97,84.2,77.14,77.65,70.57,73.49,64.67,62.63,71.49,77.77,79.6,70.77,61.57,53.69,75.2,70.29,89.86,65.02,78.12,84.79,74.7,83.85,89.32,93.05,67.39
1040500107,Telkom University Jakarta,86.78,75.47,88.75,80.87,81.96,79.48,82.31,74.0,83.76,75.04,72.79,86.57,68.78,71.84,76.79,76.35,72.46,85.78,69.36,71.38,70.94,77.7,67.65,61.96,71.42,69.2,59.96,57.41,73.77,67.61,71.46,63.14,60.81,55.57,57.5,59.95,60.53,83.5,81.03,83.41,79.59,78.83,71.39,73.89,71.01,79.67,88.05,84.82,72.71,74.32,88.69,83.01,78.32,92.55,72.73,83.41,78.76,76.27,81.41,76.04,69.77,77.29,81.75,69.97,70.47,65.82,76.51,73.07,73.26,71.74,74.76,74.95,75.44,70.32,65.75,76.23,55.79,68.7,62.62,80.14,81.88,76.75,76.55,69.83,77.63,87.23,81.75,81.95,69.96,78.94,88.45,75.45,79.6,79.21,76.43,83.51,83.35,73.83,62.2,62.52,66.66,70.87,75.8,72.1,76.78,71.15,70.67,69.0,76.84,72.89,82.48,71.23,68.02,73.33,75.37,73.76,69.77,56.33,71.72,87.81,79.62,64.41,75.86,71.44,73.59,61.38,69.19,77.6,71.35,79.01,79.05,79.79,81.76,78.64,78.84,82.87,70.3,85.35,73.84,87.27,70.7,84.45,66.65,70.98,77.83,80.88,75.63,74.54,64.46,68.32,65.76,83.8,68.14,64.62,67.41,74.17,64.56,76.54,85.96,75.21,93.07,81.17,86.41,84.27,88.68,74.85,86.5,71.63,78.5,72.73,75.91,73.49,72.66,65.26,76.11,84.45,75.73,58.57,70.1,66.33,68.36,68.16,73.92,66.62,74.45,70.87,70.73,74.03,73.64,71.92,68.01,66.66,65.41,78.75,72.87,86.42,81.37,83.08,74.21,78.47,78.96,67.17,84.65,83.92,73.52,76.49,82.34,65.6,79.91,77.5,79.38,77.2,65.4,77.79,76.84,73.2,85.96,66.95,76.89,67.19,83.89,80.33,68.3,77.64,76.19,74.05,78.76,73.15,74.6,77.84,75.91,70.2,83.76,78.76,77.89,76.34,80.26,73.82,82.9,71.97,85.14,82.81,81.42,66.32,84.75,89.13,80.36,75.69,74.83,80.98,82.07,71.12,71.34,73.34,85.41,78.31,89.12,74.71,80.2,95.34,75.81,84.13,63.52,63.61,58.29,57.14,58.07,54.0,64.91,48.55,74.3,83.79,87.8,85.26,80.06,79.7,76.33,83.29,74.52,81.19,78.52,67.72,72.15,70.94,64.41,69.71,72.13,71.88,78.45,75.56,87.82,65.9,73.42,73.46,63.86,91.55,87.05,77.32,91.7,89.08,67.27,61.07,77.67,59.43,58.83,72.61,79.77,77.65,65.48,85.03,75.74,73.85,83.38,84.57,72.63,73.8,72.19,71.67,68.23,74.68,83.12,84.12,72.22,83.85,87.9
1040500108,Telkom University Jakarta,85.17,91.41,76.21,79.43,88.2,74.35,81.33,81.33,76.88,71.23,68.3,71.74,72.76,54.8,67.51,69.84,80.23,80.69,66.63,68.24,71.49,72.76,63.39,81.52,71.03,78.33,67.8,71.99,64.8,74.6,74.91,76.34,73.71,84.34,77.61,79.8,78.23,83.77,94.87,75.42,70.03,87.26,82.56,88.0,82.39,79.02,63.02,68.64,77.3,71.03,66.5,69.75,61.59,74.39,62.63,68.4,76.17,89.65,86.37,92.57,77.32,79.86,73.04,71.42,82.64,80.66,76.74,77.67,84.29,70.43,78.73,83.42,77.38,71.6,66.5,65.49,73.4,81.12,85.75,75.23,94.63,87.11,69.4,63.8,73.11,73.27,70.54,69.98,62.35,60.68,85.87,85.89,83.79,87.49,80.53,94.75,77.92,84.08,69.4,81.92,73.95,85.37,73.6,84.37,86.76,82.09,85.23,81.19,81.36,80.93,86.23,83.43,76.42,79.28,95.76,75.25,82.9,81.0,78.72,78.58,83.25,74.54,86.56,73.4,84.81,85.29,75.43,78.96,91.12,81.38,93.59,88.8,82.02,82.84,82.84,80.83,89.06,85.13,91.38,68.41,76.0,83.27,60.89,66.16,70.39,58.45,64.67,69.76,65.47,70.36,73.34,69.07,72.0,69.41,76.19,72.96,72.55,76.08,49.23,64.52,62.26,67.57,71.49,69.14,52.71,74.7,79.85,66.26,82.02,76.98,85.84,79.06,72.17,84.12,77.4,76.89,78.55,88.02,86.37,81.88,80.18,80.0,64.09,82.22,81.24,86.56,78.05,84.4,86.56,75.29,73.48,75.09,77.96,63.73,96.28,90.24,80.54,86.72,95.47,85.4,74.63,63.46,76.0,83.33,74.65,71.66,65.83,73.16,74.63,70.31,74.79,74.16,76.65,83.23,70.12,79.42,78.38,74.62,73.95,73.07,72.84,69.37,85.02,69.62,76.8,76.7,81.27,73.58,66.32,66.42,58.84,67.1,75.14,70.33,76.11,69.4,67.11,77.42,76.72,62.36,65.49,59.62,75.19,81.56,88.86,79.65,73.97,79.13,69.99,82.92,82.95,87.24,83.15,84.23,72.16,79.23,69.18,70.54,81.44,67.29,83.35,70.25,78.82,77.95,80.9,77.96,79.5,69.54,80.14,79.93,76.66,79.07,75.28,73.5,79.59,74.74,76.3,81.15,82.57,68.24,64.0,80.15,81.58,78.85,81.11,87.5,90.59,76.4,83.34,86.66,77.22,69.21,70.43,73.26,65.87,84.28,84.41,89.0,84.04,74.14,71.0,72.98,66.95,70.2,92.77,73.5,59.96,75.08,74.51,75.66,76.35,78.5,60.32,74.53,70.47,65.63,66.7,72.24,83.04,82.03,80.82,78.81,81.02,76.31,87.14
1040500109,Telkom University Jakarta,60.83,55.59,49.57,71.25,63.57,57.2,63.07,58.73,83.81,74.73,67.65,68.05,65.37,75.06,82.27,75.19,65.36,81.35,78.77,79.76,80.32,80.48,58.91,72.98,81.34,80.49,79.79,77.4,78.11,77.4,77.06,79.17,63.08,75.41,73.83,72.61,77.87,66.87,77.85,70.5,67.58,75.13,74.99,74.25,67.02,77.73,79.98,76.47,73.32,62.69,75.56,77.0,71.07,71.12,77.22,68.02,70.97,84.73,72.05,68.04,55.09,67.6,62.9,52.81,68.98,89.26,84.6,83.65,79.9,80.05,78.16,71.4,87.62,88.45,84.0,81.37,67.93,74.16,76.91,69.37,63.79,64.35,82.01,83.09,69.68,84.2,57.39,60.77,61.1,59.95,85.34,79.19,71.63,74.31,84.92,66.25,76.98,65.56,70.52,77.06,65.95,88.01,86.5,77.58,88.77,82.81,87.48,80.7,83.68,84.19,76.39,87.49,93.44,84.89,90.06,81.12,69.23,77.43,86.46,84.84,78.08,86.76,79.41,71.9,76.6,85.05,91.03,72.94,86.27,72.83,87.33,77.12,87.4,73.53,82.71,77.26,86.83,81.68,80.65,71.26,67.97,84.01,75.71,81.34,73.49,72.83,74.83,79.33,67.72,84.85,83.13,79.18,89.71,84.19,81.5,84.86,76.89,69.25,69.59,67.11,66.33,56.44,65.44,58.58,69.5,70.52,75.79,81.91,62.54,70.83,63.24,63.41,75.77,69.14,58.55,59.01,66.67,63.68,78.29,63.35,66.47,60.93,70.98,68.23,63.3,68.54,72.29,63.53,70.93,60.22,85.75,83.39,79.07,69.46,81.43,64.12,70.52,57.19,61.37,69.68,56.48,64.75,55.1,69.82,62.04,71.55,68.35,61.08,68.33,55.93,52.76,59.02,70.49,69.12,60.0,74.06,76.13,72.14,71.45,81.68,62.34,79.35,81.34,72.88,84.15,84.04,77.86,61.36,83.46,73.93,78.79,82.17,82.65,87.01,86.49,83.9,77.52,66.47,82.76,84.4,84.38,67.23,83.39,83.78,73.75,69.7,65.52,74.81,85.06,82.33,57.81,63.94,73.08,81.16,78.17,72.9,74.62,87.4,71.27,71.19,70.87,70.07,79.84,81.89,67.19,70.02,82.01,82.9,75.27,70.81,83.64,67.25,66.52,71.36,74.72,78.16,81.51,73.43,70.76,68.15,77.62,69.7,71.84,68.6,73.3,68.56,76.02,76.84,65.13,77.36,80.55,61.46,62.09,76.73,71.25,65.65,60.5,68.69,58.61,74.29,79.53,81.93,80.8,77.05,79.15,64.8,51.5,72.63,69.53,85.39,84.49,81.44,81.52,88.96,75.58,73.34,69.63,67.52,68.69,72.44,69.67,78.95,62.88,93.48,80.59
1040500110,Telkom University Jakarta,68.83,86.21,92.17,74.58,79.65,79.43,82.66,97.13,86.89,75.56,87.61,84.97,82.1,90.48,79.68,83.54,82.28,87.58,81.06,76.41,87.92,82.06,79.9,66.06,72.86,79.65,81.15,87.17,97.15,83.01,83.32,97.86,98.96,95.61,98.54,88.99,82.54,75.79,64.84,72.58,81.2,92.2,91.93,94.13,96.78,85.84,77.18,86.01,91.28,93.7,90.5,87.77,90.42,86.09,90.13,95.58,89.51,82.54,90.74,80.0,90.88,95.36,95.21,79.9,95.5,82.16,91.93,88.56,85.96,93.4,85.39,96.69,98.47,99.77,100.0,93.75,85.44,85.39,87.32,100.0,83.67,84.62,94.27,85.05,92.48,87.57,96.66,89.92,95.11,85.56,81.38,63.0,79.04,64.61,79.81,76.77,71.27,70.75,71.17,85.08,86.95,90.16,94.28,83.95,90.42,100.0,95.86,95.4,80.89,90.52,81.96,87.35,84.24,95.72,99.24,90.93,90.96,94.19,91.75,93.96,93.49,94.88,99.66,79.37,90.0,88.91,92.93,81.06,91.12,86.89,83.94,85.59,87.07,80.55,75.11,89.31,86.76,99.18,88.2,75.15,94.42,76.52,80.09,72.95,90.5,86.89,81.43,73.43,86.18,85.7,87.08,99.5,84.62,89.92,84.83,85.15,86.66,95.57,99.16,74.43,87.82,95.41,92.15,96.56,81.46,85.15,88.88,76.38,75.82,74.76,80.87,73.97,79.92,79.91,76.68,76.43,79.85,78.92,69.79,85.13,89.45,78.14,78.8,85.32,78.04,76.33,79.45,76.49,74.24,77.25,93.06,82.51,78.94,91.54,75.0,100.0,80.51,90.54,80.0,81.36,84.78,94.13,75.58,84.69,94.12,87.06,92.74,80.05,89.75,96.97,81.17,84.89,73.41,86.39,75.58,80.09,90.57,76.65,89.35,90.25,82.49,81.08,79.99,79.78,89.86,78.88,87.62,74.22,84.08,92.63,87.74,82.01,85.71,80.73,94.83,96.47,92.27,92.2,73.35,90.28,83.28,84.35,89.54,82.71,87.44,88.67,84.03,92.29,79.89,92.43,81.07,78.45,88.41,80.82,85.32,86.24,82.45,78.84,86.49,78.46,87.71,92.92,93.12,84.74,81.54,78.98,85.41,78.87,83.33,91.56,96.37,100.0,100.0,100.0,91.23,95.15,94.1,92.75,82.34,77.41,60.41,72.59,94.79,91.42,84.37,96.15,93.51,96.64,97.3,88.47,80.11,91.08,89.7,81.66,91.59,86.18,87.61,85.74,90.62,95.94,77.38,81.49,78.8,79.4,91.35,60.29,71.93,80.56,83.04,100.0,98.51,94.09,83.95,100.0,74.14,83.78,78.59,83.66,85.71,95.89,92.83,93.79,83.6,87.97,96.41
1040500111,Telkom University Jakarta,81.38,79.01,71.36,76.18,79.54,63.46,68.04,77.75,82.5,75.78,80.85,88.11,88.62,82.43,79.2,78.44,74.69,84.36,81.78,81.15,84.71,79.38,80.1,96.44,89.38,89.35,90.31,88.04,80.63,75.83,82.43,76.76,83.99,76.03,70.1,75.79,70.81,76.71,75.6,70.28,88.25,89.07,90.68,83.17,92.73,90.91,95.89,93.29,80.39,91.7,83.63,95.54,89.45,93.51,91.26,90.11,70.91,77.93,95.18,83.71,95.23,86.78,97.34,90.34,74.5,66.11,73.74,75.73,89.22,100.0,96.42,96.19,100.0,86.65,95.53,87.04,91.54,98.87,88.86,84.33,79.88,100.0,81.56,73.29,87.63,86.84,84.89,81.49,81.89,70.78,82.8,76.66,82.06,75.03,89.22,98.25,89.07,94.87,85.08,87.08,89.96,84.37,83.04,82.76,80.72,93.01,95.04,90.22,86.66,86.76,86.16,76.08,81.07,78.85,79.72,87.3,81.98,87.71,86.81,86.57,91.28,87.98,86.31,86.57,80.69,81.38,79.73,97.35,92.92,89.52,93.79,99.24,89.34,99.08,93.51,100.0,98.31,88.03,90.91,85.6,88.04,74.62,82.59,79.99,90.44,87.62,78.07,87.9,92.24,89.18,84.6,91.69,88.24,90.39,85.09,89.35,96.98,93.2,89.51,83.77,82.57,93.94,81.26,81.15,76.9,80.01,98.01,95.95,78.87,79.34,75.11,75.76,83.09,80.08,87.17,86.94,80.26,85.69,78.2,81.73,87.12,79.01,85.9,86.25,80.73,72.2,93.41,88.22,76.69,84.28,77.18,61.84,83.33,74.85,81.4,84.58,86.35,76.56,76.24,84.63,86.17,87.05,87.52,97.05,85.63,91.12,87.6,92.89,94.05,92.61,94.31,77.61,84.48,85.01,83.27,93.23,83.59,74.45,97.75,75.98,82.96,80.43,84.23,90.42,83.88,84.57,95.47,84.87,84.08,75.42,70.09,84.02,74.38,81.13,79.85,85.44,91.93,84.38,84.52,74.42,79.71,67.43,71.2,78.47,84.24,88.14,81.81,76.13,84.2,79.83,77.85,79.7,77.55,78.46,68.81,74.12,73.13,79.65,79.73,74.24,67.4,80.89,88.97,84.46,86.42,82.31,92.12,78.31,89.22,84.92,71.48,71.31,72.2,78.11,81.67,65.5,80.45,66.76,70.36,89.86,93.06,85.42,92.03,83.21,85.55,88.28,90.59,91.47,97.69,87.14,96.78,89.6,90.52,86.95,88.85,83.73,85.87,80.11,92.52,78.68,90.28,86.11,100.0,94.72,87.78,96.71,89.16,91.52,94.35,89.73,88.32,87.02,87.19,91.81,92.82,88.9,89.14,88.37,91.02,97.45,89.3,87.09,85.56,89.36,87.36
1040500112,Telkom University Jakarta,80.97,71.47,83.22,77.75,75.99,87.5,71.37,75.75,93.32,75.52,79.59,89.99,84.52,81.07,76.93,82.52,70.08,86.58,74.04,67.62,70.48,76.78,84.21,76.22,92.67,88.1,89.24,90.86,76.25,86.1,87.73,85.68,84.14,91.7,81.74,89.43,93.38,85.21,77.67,71.18,80.57,91.0,85.49,87.76,85.89,82.8,90.91,85.5,91.01,85.68,100.0,96.51,85.82,82.63,96.68,85.03,95.6,94.47,95.49,84.31,81.37,75.03,75.75,88.96,77.33,70.73,66.6,69.5,97.16,91.24,91.11,93.18,84.77,78.87,94.63,86.79,74.36,80.77,83.63,88.15,84.69,77.54,82.6,82.31,91.44,82.09,83.12,87.58,77.67,84.97,77.98,81.71,79.43,81.42,86.66,89.23,94.79,86.84,79.98,62.97,79.84,74.85,71.77,68.87,61.3,52.51,81.23,75.06,74.62,60.33,73.86,75.64,62.27,68.38,65.14,75.84,60.29,75.3,72.87,58.64,70.76,70.29,70.5,71.74,79.71,75.57,54.55,80.96,83.96,84.8,81.45,79.68,82.69,79.26,77.77,72.86,85.17,81.8,81.75,83.28,81.02,77.48,84.02,83.33,84.66,80.56,72.54,81.08,66.38,80.33,68.8,71.25,64.5,71.8,75.68,63.01,67.22,65.41,96.47,86.03,85.97,87.98,84.12,88.91,99.0,82.19,84.5,85.32,86.28,81.4,88.66,85.73,88.27,77.81,74.64,94.07,94.33,90.26,98.17,84.89,84.06,85.6,78.29,79.35,93.53,79.14,80.5,100.0,78.27,96.17,85.02,100.0,93.06,100.0,78.48,75.86,74.22,71.2,82.34,91.04,81.46,94.32,89.52,97.58,81.92,91.92,84.85,81.65,86.34,90.73,83.74,79.63,100.0,82.65,86.2,86.63,85.14,90.94,86.66,83.27,83.92,77.73,89.59,94.61,88.94,81.76,76.8,86.79,88.02,82.78,80.07,86.16,81.03,80.59,88.79,85.31,88.7,92.11,92.03,98.38,95.45,89.07,97.19,91.25,89.07,95.33,93.67,92.92,87.39,88.34,85.21,92.8,90.84,95.13,93.6,83.82,79.3,86.34,90.16,94.24,100.0,91.46,83.24,92.03,76.86,81.8,79.82,90.78,80.06,92.31,88.44,77.49,70.97,78.94,83.62,88.88,81.46,85.4,81.8,73.39,80.23,81.92,91.17,85.95,73.8,86.49,75.2,91.09,87.89,88.29,81.76,98.99,86.33,100.0,85.19,82.78,78.23,89.19,80.38,81.45,97.78,94.31,79.29,77.29,82.59,85.58,75.0,90.21,79.83,78.13,78.6,82.4,89.11,76.16,71.02,78.06,77.17,88.58,89.39,80.21,82.65,98.99,91.46,88.5,89.7
1040500113,Telkom University Jakarta,60.29,50.15,59.01,60.69,52.05,51.01,50.27,52.52,58.61,61.2,61.38,62.61,58.86,59.19,60.17,61.69,62.54,57.39,62.84,57.17,68.14,48.58,47.4,64.08,53.24,64.2,60.04,57.57,56.44,50.87,54.65,50.23,56.75,52.35,49.74,44.94,52.82,45.29,62.42,52.97,69.17,45.99,51.11,50.13,46.41,69.66,59.0,60.4,60.6,58.06,48.3,61.79,57.26,53.68,61.37,75.69,65.98,57.56,62.33,61.89,65.99,61.26,62.52,55.78,59.09,35.26,48.06,53.68,63.46,52.68,60.0,62.87,59.69,63.92,67.57,54.25,58.65,61.24,73.91,58.24,63.5,51.36,59.16,51.31,53.4,52.57,59.03,57.36,50.51,49.53,59.99,70.98,68.32,61.9,55.84,54.57,50.26,48.85,48.71,48.02,53.74,68.56,66.24,61.68,64.92,65.65,72.22,66.81,64.29,57.24,72.11,71.82,57.27,65.99,68.51,64.98,68.99,75.7,69.22,66.18,54.85,66.51,66.24,69.17,69.66,66.0,65.57,43.38,48.65,34.74,49.32,48.18,59.84,48.64,47.43,51.53,54.56,52.95,53.33,49.48,45.96,59.43,67.16,59.02,59.07,58.88,55.86,65.64,49.39,51.58,60.31,60.83,55.38,54.71,63.3,51.16,63.33,58.2,66.11,59.24,64.94,59.21,60.88,60.86,64.3,55.23,50.9,55.47,53.21,55.21,55.73,43.24,51.56,54.2,42.27,45.18,65.33,64.64,54.82,45.38,53.0,47.77,49.9,45.28,53.04,50.77,46.99,40.92,55.8,49.75,59.62,56.19,63.78,55.97,63.26,68.71,64.04,63.42,67.42,65.07,75.76,62.16,63.25,55.72,38.55,49.25,57.79,44.07,58.47,48.64,31.12,48.66,43.93,45.8,45.42,48.54,60.47,56.36,55.61,63.08,57.83,54.9,55.4,58.74,53.44,53.06,57.12,58.92,57.19,55.4,50.67,53.84,59.92,61.0,64.48,53.93,66.64,43.61,52.27,47.92,58.63,61.92,61.96,55.37,60.26,55.8,63.53,55.28,50.25,51.74,59.37,50.43,49.72,61.38,51.42,51.04,54.08,44.85,50.19,57.39,53.6,60.59,59.47,63.55,58.58,55.12,56.7,57.36,59.42,58.63,51.15,53.76,61.23,59.51,49.9,55.25,49.9,44.24,48.14,58.19,63.21,54.79,62.15,70.15,70.06,80.8,61.71,63.46,75.2,72.1,69.38,49.78,57.2,47.11,60.9,69.59,64.0,63.66,56.88,65.7,42.08,41.42,57.29,42.5,45.08,58.67,66.28,61.12,55.71,68.42,67.48,58.15,65.55,74.15,63.58,61.21,63.56,60.18,53.48,50.58,56.85,71.86,59.2,58.46,61.54
1040500114,Telkom University Jakarta,61.96,65.0,68.96,74.15,64.44,69.54,61.59,65.08,71.65,79.24,80.11,68.23,70.14,66.32,78.94,73.22,61.71,76.67,67.91,81.67,81.51,80.11,71.93,82.56,75.29,83.05,66.52,90.71,67.37,61.23,67.34,63.12,54.86,64.63,64.16,66.5,65.04,84.82,84.84,81.73,85.73,60.16,62.19,56.02,61.29,53.84,58.78,55.82,70.79,58.71,61.24,66.68,61.72,65.89,59.55,63.52,76.94,74.77,66.01,79.87,73.96,84.33,79.22,96.9,82.01,84.94,78.12,72.04,79.46,76.93,75.2,81.37,83.12,92.33,74.01,66.66,81.04,90.57,86.24,74.99,72.38,79.0,70.46,81.95,74.37,72.85,71.45,75.29,69.07,66.27,53.07,65.46,61.95,62.5,70.96,76.47,76.81,73.09,74.22,84.48,71.08,77.79,78.69,71.86,81.07,75.48,74.55,83.53,73.87,76.14,77.81,84.52,71.45,75.27,70.82,84.05,81.71,67.83,72.18,87.96,75.54,66.43,74.59,77.23,76.11,66.75,71.44,80.99,75.98,71.34,71.24,80.61,75.14,68.15,76.39,74.07,71.74,70.53,74.97,58.14,66.8,73.08,66.32,69.2,73.6,76.28,58.06,70.48,83.91,79.8,88.62,89.84,68.18,84.45,80.82,70.82,76.77,81.4,73.4,68.32,82.75,74.59,76.65,79.62,66.0,63.04,74.48,67.95,74.73,85.64,78.89,74.93,96.28,70.77,74.38,79.12,74.12,81.74,77.1,88.23,82.6,89.98,81.25,74.36,67.91,68.65,100.0,78.92,71.05,82.21,72.46,70.0,80.55,72.86,78.14,73.12,78.1,69.81,79.36,67.89,55.13,64.98,62.47,64.64,70.95,76.47,67.65,68.2,72.68,72.21,66.98,69.06,75.33,75.91,75.04,77.92,78.19,73.48,84.04,80.26,78.09,80.65,82.38,81.69,81.26,71.22,79.83,83.02,73.58,78.26,62.92,78.54,68.51,65.63,64.81,80.38,67.66,68.92,82.63,71.66,73.44,72.83,66.17,57.76,66.48,73.84,73.93,66.36,83.73,81.96,85.48,81.53,87.68,70.49,71.57,79.04,76.49,84.57,83.34,90.36,82.66,79.46,86.47,90.07,73.51,80.1,69.67,76.97,71.62,77.84,74.03,84.74,87.61,74.56,77.13,86.97,82.91,90.36,87.34,67.89,66.6,66.49,70.44,77.1,84.96,86.35,81.83,77.11,86.76,80.05,77.51,73.88,75.87,82.08,77.15,80.31,88.36,75.69,86.28,60.76,78.91,65.23,72.22,58.82,75.99,76.67,74.86,81.95,87.44,69.76,74.67,72.42,86.51,76.77,79.45,74.27,89.63,81.49,81.71,88.39,80.06,85.25,88.75,82.46,84.34
1040500115,Telkom University Jakarta,84.09,90.99,82.8,91.16,93.41,84.61,96.41,88.66,83.46,86.25,85.01,82.78,96.68,78.39,86.87,98.33,99.33,85.61,89.38,85.64,83.18,72.97,87.78,77.81,77.18,83.57,85.12,77.11,76.85,74.48,77.06,70.82,86.73,79.04,94.77,72.26,81.72,68.24,73.31,68.31,78.48,75.34,91.8,91.61,83.79,95.69,93.38,75.41,85.45,99.64,96.1,90.23,88.44,75.88,98.03,99.9,80.54,65.26,82.12,88.88,76.21,88.31,98.07,71.02,79.54,76.59,83.63,84.22,86.86,96.62,82.79,86.73,93.03,86.03,91.57,91.77,93.75,87.97,87.14,77.05,77.7,82.15,82.29,74.31,85.03,82.66,82.27,88.61,86.41,91.87,85.07,93.47,95.48,85.4,99.94,90.58,88.88,94.63,76.9,81.3,76.36,85.45,88.4,87.63,88.09,87.91,97.08,86.1,90.53,92.76,93.15,86.39,77.62,100.0,91.93,100.0,88.03,86.59,92.16,93.78,86.98,93.55,86.6,98.29,94.68,88.61,93.31,100.0,88.35,94.64,97.91,90.22,100.0,83.96,89.78,100.0,93.39,96.29,91.9,85.38,79.9,93.46,88.72,89.24,86.13,87.77,94.21,93.41,88.32,89.45,97.69,93.38,83.35,83.59,85.21,91.45,77.65,89.71,89.63,89.63,94.46,93.56,93.76,91.89,93.7,89.25,87.13,84.38,83.42,90.78,93.07,81.8,85.21,93.46,83.05,91.11,92.43,81.78,92.57,89.09,85.71,100.0,89.85,85.61,89.55,100.0,91.01,100.0,98.91,92.49,89.62,98.07,86.09,81.34,78.37,89.74,90.07,82.59,77.2,82.59,83.2,83.27,82.92,74.6,79.82,82.39,85.57,75.1,76.4,71.57,86.79,78.84,72.27,87.99,82.72,89.66,89.93,96.25,82.76,91.38,97.57,83.32,81.89,84.43,78.99,78.35,79.66,82.26,94.04,88.06,93.89,94.79,84.89,81.1,92.79,83.5,77.16,82.64,100.0,98.39,89.2,85.81,88.04,81.01,80.55,93.44,81.45,79.37,85.05,86.63,81.57,94.25,81.84,74.05,89.55,74.18,76.64,87.9,84.98,72.37,92.08,79.51,80.59,86.05,85.33,87.01,87.07,79.23,84.83,86.22,82.03,88.79,80.47,73.79,83.23,87.89,95.21,72.37,88.27,96.23,85.25,80.01,95.44,89.59,100.0,94.34,85.88,93.35,86.67,78.45,83.96,85.21,93.06,85.35,85.22,86.58,82.21,92.82,78.64,86.27,83.67,78.18,87.08,87.1,66.71,72.02,82.6,86.32,87.5,96.43,100.0,86.65,100.0,87.42,87.14,83.5,93.08,86.25,63.0,86.03,73.0,89.24,91.59,87.81,89.56
1040500116,Telkom University Jakarta,82.29,79.1,82.47,80.03,85.47,84.5,90.46,86.29,77.05,78.46,76.17,87.93,68.0,70.7,74.92,76.54,72.04,72.74,79.08,77.96,77.54,80.08,75.21,82.41,85.97,70.24,81.41,68.61,77.23,78.89,70.7,75.74,72.89,73.34,86.25,69.98,79.0,59.26,69.04,62.12,77.27,55.13,70.16,67.18,57.91,79.08,86.2,73.94,71.39,71.69,83.67,83.29,84.12,71.38,89.23,66.62,70.99,73.73,84.59,83.47,80.47,70.71,89.92,74.2,75.12,70.77,60.96,65.37,76.4,79.96,77.62,75.53,73.96,71.03,66.49,52.49,81.85,67.2,71.84,74.88,76.14,75.37,76.09,58.17,60.08,70.67,67.6,58.67,69.92,75.01,84.92,80.3,82.51,75.67,83.17,62.85,67.93,70.78,69.59,79.76,74.33,72.32,82.97,65.18,61.74,74.91,68.46,58.99,68.54,72.28,72.02,62.57,74.59,59.64,69.5,63.99,61.43,73.47,77.03,63.64,64.52,63.44,67.12,76.44,76.74,67.32,65.39,60.79,66.06,74.81,77.49,71.99,75.12,67.4,72.35,74.82,64.35,65.43,74.22,65.59,75.52,75.97,78.07,66.39,71.95,65.51,80.65,58.29,72.93,77.1,69.22,64.08,74.06,73.0,74.84,76.76,77.4,74.58,69.43,69.84,58.82,62.53,64.57,54.62,61.9,71.31,60.71,76.48,86.78,83.35,79.99,77.12,75.96,88.37,82.21,85.29,79.86,72.06,82.14,77.58,77.64,91.91,73.99,83.49,70.82,82.6,83.26,75.4,84.32,68.13,82.23,80.19,88.48,86.37,85.62,76.34,80.86,84.74,78.01,63.66,73.86,73.77,84.09,71.12,71.83,62.44,64.16,69.02,75.9,66.72,62.58,74.39,72.74,69.26,60.4,77.41,77.73,79.11,79.8,76.97,77.89,76.57,84.96,69.24,84.45,94.26,82.48,78.13,73.21,67.31,81.61,73.02,82.47,88.48,73.45,76.14,74.88,76.89,71.89,82.66,81.99,79.9,87.65,79.27,73.4,70.09,82.37,78.96,69.69,67.28,69.52,71.2,75.38,79.56,71.57,73.14,69.04,69.04,62.8,68.67,68.33,65.68,89.03,98.44,82.45,90.42,81.48,90.77,80.59,88.54,78.05,80.33,77.9,81.66,82.5,78.1,80.89,72.78,88.97,76.65,69.52,81.04,67.51,69.47,76.44,85.19,77.61,83.16,66.75,72.33,67.67,75.08,73.85,60.27,64.05,76.17,80.34,83.74,82.02,78.56,90.78,72.37,70.63,84.4,74.25,82.36,71.93,73.94,77.89,73.24,84.0,82.48,73.99,70.24,67.29,79.42,77.55,81.86,77.66,76.25,73.56,73.66,81.76,74.32,76.34
1040500117,Telkom University Jakarta,70.38,65.55,75.06,73.26,78.28,75.12,75.73,77.8,84.34,69.35,78.5,83.27,85.4,80.14,82.68,83.56,75.45,85.68,69.89,81.51,83.51,83.75,56.25,92.64,100.0,80.35,78.62,89.35,89.09,91.62,93.16,76.91,85.9,84.77,86.65,79.61,86.6,78.05,81.79,85.45,71.94,86.15,84.92,86.63,83.5,79.58,89.69,88.0,77.64,82.74,82.14,75.25,73.49,83.51,83.88,78.87,95.32,90.44,92.46,89.38,97.67,94.82,94.85,95.48,89.47,87.98,98.26,92.89,89.51,77.92,82.6,94.2,88.89,89.95,79.73,81.9,64.02,70.92,71.64,83.49,90.38,84.73,94.95,82.7,79.87,80.88,86.0,81.98,87.52,85.18,91.08,91.86,91.63,83.16,70.14,80.52,75.69,78.2,89.17,77.48,84.54,91.31,84.47,92.97,86.56,75.27,83.58,78.88,80.38,83.01,82.48,89.17,75.82,85.25,85.15,74.59,85.53,85.23,88.68,66.62,74.01,85.3,85.51,84.07,84.52,70.29,78.23,91.54,84.98,76.25,79.53,85.03,83.0,83.5,95.79,79.95,82.35,84.03,81.15,77.27,72.84,72.06,79.7,68.92,82.1,67.63,79.16,63.44,87.28,83.38,84.84,88.53,88.08,87.14,78.85,81.25,100.0,90.86,91.19,84.64,90.99,85.5,82.48,91.38,88.36,87.2,93.94,98.22,79.63,81.22,80.16,86.83,86.39,77.67,69.62,83.56,73.18,63.86,77.53,86.11,74.32,79.95,77.86,67.24,78.83,87.26,82.01,74.26,75.95,76.2,83.97,72.9,59.2,82.13,84.04,84.92,90.71,84.21,88.13,84.9,80.44,86.22,82.98,83.91,85.31,84.99,99.13,90.83,89.95,94.21,88.06,89.72,95.76,87.13,92.79,87.97,98.56,91.57,79.49,98.16,93.86,100.0,85.33,93.36,85.22,87.17,92.98,98.59,73.09,81.59,80.58,71.63,87.43,100.0,84.9,82.26,83.25,89.14,84.06,91.49,84.05,83.42,96.34,76.76,86.74,90.9,84.0,83.76,86.71,84.09,95.2,73.38,79.65,78.03,82.4,91.59,79.43,81.29,72.7,88.25,72.3,79.21,70.55,73.98,86.96,72.1,82.06,82.34,81.04,83.24,85.48,87.54,82.82,91.97,93.49,92.69,87.36,89.43,89.48,88.77,90.11,90.78,86.53,97.47,94.92,89.67,91.37,88.85,94.9,92.72,90.42,89.34,98.44,89.69,90.88,88.4,88.15,84.5,95.15,91.12,99.63,83.12,81.65,95.94,80.93,75.7,87.9,86.79,88.85,92.88,82.52,92.44,100.0,100.0,76.05,72.66,73.04,68.72,89.17,79.7,82.62,94.04,99.22,94.55,84.68
1040500118,Telkom University Jakarta,89.12,97.92,92.28,94.76,91.29,89.01,100.0,84.57,88.8,93.08,92.87,78.43,88.48,84.25,86.31,100.0,82.15,90.29,90.75,96.82,91.91,84.78,99.26,61.8,64.8,61.33,71.66,62.4,97.68,90.63,100.0,93.84,88.61,79.45,86.65,85.21,94.48,90.93,77.88,79.7,79.66,80.31,77.88,88.99,96.24,89.3,96.44,97.11,87.73,94.06,92.37,90.9,85.47,90.82,94.37,100.0,83.96,91.84,89.78,81.97,82.31,74.8,80.11,77.77,89.57,93.68,78.11,81.54,77.7,92.29,93.47,89.76,96.62,80.51,80.74,81.58,89.73,86.79,90.82,79.89,83.34,76.77,70.95,72.93,68.41,66.11,66.36,73.77,68.07,56.57,87.33,83.57,87.1,84.82,76.35,94.54,93.3,93.75,89.02,88.94,93.51,82.3,82.37,98.4,82.91,90.61,87.86,96.37,96.04,85.12,79.1,88.08,87.64,86.75,84.13,87.73,87.5,89.24,92.16,91.74,78.67,83.1,85.27,86.52,82.6,76.53,84.98,71.07,84.95,69.43,65.93,79.44,71.6,69.97,82.7,82.81,76.37,81.19,66.64,82.23,75.2,85.16,83.43,69.36,81.88,82.43,77.49,77.93,93.76,89.03,86.15,84.58,79.97,86.96,91.36,78.3,93.4,96.25,78.11,73.96,76.83,79.17,64.11,88.26,71.64,96.96,89.24,85.57,94.26,72.98,89.55,87.72,90.69,91.26,87.26,86.91,89.55,97.74,89.68,79.67,81.37,93.25,87.07,91.4,92.45,95.5,95.08,82.85,97.61,91.67,95.75,99.64,94.35,84.43,88.07,84.2,81.32,70.72,86.89,76.65,88.77,93.96,93.17,76.69,69.56,80.95,73.48,67.0,82.26,77.89,77.35,74.42,80.16,78.16,73.77,93.22,91.09,92.24,94.57,94.31,100.0,97.72,100.0,82.38,92.38,94.14,86.94,92.48,90.87,83.24,83.1,82.27,93.35,71.11,77.18,80.47,84.09,81.81,97.14,94.19,86.35,86.07,95.31,77.58,70.89,87.24,72.95,84.97,86.04,82.82,72.7,72.81,77.53,85.37,80.19,81.86,86.03,96.58,84.53,88.78,86.26,84.0,76.4,87.29,72.57,77.98,81.98,79.41,78.52,75.92,76.47,79.97,79.84,78.73,87.09,73.18,79.81,87.75,91.16,75.74,71.03,76.93,79.57,84.13,83.67,74.32,68.2,78.05,70.45,85.01,71.96,96.68,92.06,97.56,90.02,85.36,86.41,88.11,91.58,86.57,90.32,89.6,89.26,89.46,82.67,89.67,81.33,83.63,88.41,92.47,88.36,98.47,100.0,97.03,68.49,85.19,89.93,81.85,100.0,100.0,87.36,82.13,88.19,76.44,77.83
1040500119,Telkom University Jakarta,81.77,89.99,76.61,79.07,83.55,79.19,81.46,93.8,74.42,74.81,67.97,75.55,79.42,85.85,73.16,64.37,63.11,76.31,78.65,67.76,66.01,65.29,64.68,79.4,80.83,73.84,77.28,86.22,63.9,77.9,75.28,67.76,72.74,64.82,64.38,67.89,64.95,73.79,81.3,82.59,73.8,78.3,71.58,70.6,74.22,65.6,81.39,73.08,65.36,86.8,82.96,71.19,78.39,73.86,64.9,79.45,75.26,81.74,73.57,86.67,74.94,77.33,82.67,83.63,86.78,83.09,77.53,85.56,77.27,80.77,78.04,61.42,75.0,84.26,75.3,71.68,77.53,80.11,80.01,78.87,79.52,81.91,60.07,73.86,74.74,69.36,82.53,81.72,79.65,73.01,82.13,67.62,76.12,76.19,79.92,80.3,77.81,79.16,69.93,76.52,76.94,72.66,64.48,65.07,78.25,72.25,84.99,77.39,61.94,78.3,77.7,73.42,77.37,67.16,74.58,72.8,71.04,74.35,85.65,70.91,70.39,62.16,70.46,72.78,72.04,80.08,76.38,83.1,77.18,74.25,72.19,76.59,78.99,81.72,79.09,76.35,62.0,71.08,83.02,76.27,73.55,62.96,83.0,89.21,84.21,90.58,74.43,78.12,66.21,74.5,81.55,71.47,75.61,70.26,71.34,61.88,68.9,80.0,70.51,72.48,71.72,76.39,65.49,69.25,74.77,92.43,76.57,85.6,72.39,71.92,77.47,65.48,72.12,74.51,73.91,72.45,64.6,71.25,85.84,71.84,71.78,69.26,83.69,80.75,71.06,78.15,75.4,69.51,65.64,77.36,84.6,86.39,90.9,91.19,78.71,96.49,86.51,91.39,69.7,79.6,87.93,85.07,85.0,77.94,76.96,74.9,76.73,84.26,61.34,83.98,73.54,71.0,88.85,85.47,82.46,83.66,77.17,75.85,77.53,77.41,84.41,86.25,83.58,92.52,76.81,79.16,72.82,75.41,68.98,77.82,69.75,71.83,75.15,70.74,67.96,70.69,73.5,75.1,86.06,90.45,87.41,82.53,76.48,64.73,56.38,67.09,64.61,66.81,79.87,73.16,75.29,78.11,86.74,71.24,85.03,86.27,84.26,80.73,84.21,77.34,73.08,78.66,76.12,65.75,72.51,70.69,72.42,68.44,78.74,74.8,73.68,67.81,72.17,67.19,68.88,66.52,77.02,73.29,81.4,75.34,81.86,90.46,88.47,76.05,71.34,77.62,81.03,73.7,76.48,80.06,80.73,78.0,79.79,65.84,70.92,68.36,74.19,66.27,72.43,63.2,67.64,73.11,76.67,63.45,71.38,71.55,82.35,70.74,70.66,72.69,77.78,93.81,78.64,78.97,66.11,76.77,65.13,73.48,67.52,67.08,70.26,72.86,81.86,87.27,86.78
1040500120,Telkom University Jakarta,92.49,96.62,88.98,88.02,97.85,93.84,92.39,87.54,78.06,81.05,76.78,81.78,80.31,80.01,80.87,79.09,76.94,76.8,81.6,84.71,79.06,83.55,85.47,83.89,93.55,87.25,87.55,86.47,91.15,95.05,93.63,85.2,86.97,77.22,97.07,93.36,79.09,85.34,79.92,82.06,79.98,80.1,73.99,86.36,79.45,84.73,86.84,78.89,75.1,78.32,75.48,83.04,70.2,78.72,79.11,75.84,92.72,100.0,93.23,74.9,89.22,87.38,85.46,82.65,100.0,100.0,86.15,91.03,90.05,86.96,84.97,95.43,91.97,90.4,84.93,93.14,90.36,90.72,95.84,77.1,87.86,82.68,69.9,77.34,75.99,85.82,90.17,95.01,91.66,85.57,91.28,88.53,83.78,90.56,79.19,69.24,83.58,78.27,88.78,72.67,91.86,84.16,88.76,75.38,81.43,93.01,79.78,83.91,87.54,80.81,89.12,95.25,85.74,83.48,83.95,88.48,94.16,78.22,94.87,89.53,77.62,82.11,87.44,83.6,84.29,94.38,88.48,98.44,80.54,86.79,86.74,93.52,85.22,87.51,93.72,94.14,88.9,89.77,83.76,80.03,88.9,77.92,75.44,92.66,75.87,84.71,83.15,83.55,82.98,100.0,88.69,100.0,87.33,85.85,85.42,77.51,88.36,92.21,92.1,96.75,85.78,94.84,94.83,87.9,85.82,85.24,70.27,72.23,78.1,76.74,83.97,80.1,82.14,82.83,79.47,83.45,94.28,82.04,82.61,71.39,80.79,82.98,82.39,82.29,77.73,82.07,80.12,86.86,73.51,85.3,82.47,89.67,81.94,84.56,70.57,81.89,80.83,74.5,80.99,82.02,81.51,78.78,76.98,70.33,88.27,83.87,77.15,80.43,78.07,79.88,81.81,74.11,89.42,75.97,83.93,87.81,91.08,96.29,82.85,76.18,94.42,87.15,84.73,81.98,82.01,78.91,90.6,81.21,88.09,80.7,86.28,89.06,87.51,80.94,80.78,79.38,83.08,81.73,84.55,90.36,87.8,88.32,74.52,82.0,88.78,81.62,82.67,84.47,93.91,98.06,80.62,90.67,89.95,99.48,88.19,86.51,91.83,72.35,90.03,91.71,84.31,92.03,86.06,86.51,77.58,77.2,76.79,76.61,81.42,78.31,80.75,82.95,84.98,85.25,78.42,84.17,94.98,87.72,98.62,82.24,90.33,90.4,79.21,86.93,90.59,74.76,91.46,93.02,92.26,94.01,100.0,88.98,79.76,85.29,86.85,89.94,82.29,92.52,76.6,79.59,82.92,90.06,99.1,85.88,89.52,86.03,88.96,88.12,88.23,77.71,75.01,77.0,83.3,77.35,88.69,85.53,100.0,85.43,86.13,87.74,84.13,84.55,85.49,98.27,87.61
1040500121,Telkom University Jakarta,68.21,87.01,68.81,73.97,63.47,74.36,72.95,76.61,100.0,86.42,100.0,96.38,92.55,100.0,88.19,91.61,92.97,94.47,91.08,90.82,90.57,98.04,99.56,86.16,96.0,86.33,83.37,86.6,83.16,94.68,95.27,88.53,89.04,92.63,84.82,95.57,79.89,85.62,70.59,77.08,69.59,81.39,83.74,79.33,82.04,98.64,100.0,94.28,91.82,95.16,97.99,87.84,88.4,93.58,80.34,92.76,77.9,75.19,71.82,77.06,97.51,92.25,95.38,84.91,74.58,85.75,82.42,84.69,81.28,97.71,80.64,84.29,77.64,91.63,76.26,77.37,92.35,95.35,84.98,98.67,100.0,93.68,99.19,90.62,91.23,100.0,73.2,69.33,80.56,69.13,86.81,87.03,74.7,98.95,79.28,76.67,80.18,87.66,79.22,77.84,78.7,76.91,78.0,77.27,67.74,69.93,72.63,79.11,77.26,80.9,71.93,84.13,73.43,77.63,75.49,81.5,81.06,68.65,73.93,75.62,80.05,66.93,91.29,79.5,73.84,72.13,81.4,82.42,90.45,89.92,88.49,82.58,84.31,84.54,92.57,77.22,83.49,81.74,92.09,84.11,100.0,95.69,99.17,94.88,88.03,93.79,83.9,94.47,80.1,84.26,76.83,72.19,72.52,73.21,85.4,88.35,74.59,84.82,91.91,73.94,89.82,76.81,88.79,74.64,90.83,75.54,87.71,80.26,95.58,100.0,99.85,90.46,98.18,97.0,97.53,94.46,93.88,95.33,95.31,97.16,88.33,86.55,90.21,99.6,96.61,93.01,99.14,100.0,92.95,91.28,70.78,62.41,79.73,76.51,62.58,71.11,70.73,59.78,75.81,97.0,97.62,82.1,82.39,100.0,89.28,82.9,83.42,76.97,88.52,72.9,76.46,93.13,79.06,92.31,79.85,77.82,87.28,92.71,88.65,81.88,88.19,87.26,100.0,76.73,85.27,81.02,79.74,80.94,100.0,88.23,100.0,92.75,76.66,79.21,77.0,98.16,78.71,76.05,91.66,93.92,88.44,75.82,83.79,77.63,95.46,89.93,88.07,86.83,91.54,91.02,81.98,85.89,74.39,99.04,86.78,85.46,91.86,82.48,95.7,83.51,85.5,74.54,86.64,90.24,86.57,85.37,90.13,86.51,97.96,77.91,66.99,70.38,71.02,76.81,78.83,81.65,77.18,72.57,83.18,85.2,91.18,85.97,94.11,85.3,83.04,100.0,87.71,96.26,92.09,97.25,92.91,100.0,99.25,92.63,94.43,77.36,87.42,88.94,90.36,84.63,87.36,82.95,87.05,84.87,83.93,75.64,89.99,81.06,85.79,79.45,74.89,76.18,87.35,77.09,78.08,90.58,85.45,88.84,87.57,87.54,91.72,90.41,76.21,90.88,97.02
1040500122,Telkom University Jakarta,89.0,94.08,92.05,92.45,93.23,85.71,84.09,84.72,74.16,76.1,82.09,76.39,73.6,72.34,64.86,67.81,76.35,68.9,80.26,73.81,68.7,72.51,64.69,81.75,86.72,80.8,91.9,82.51,85.19,78.98,86.71,92.13,85.35,90.25,91.87,84.82,87.7,79.11,75.7,77.59,81.66,82.39,90.38,77.65,88.14,80.04,82.97,80.59,72.19,86.03,85.83,80.18,85.52,83.25,90.24,85.93,95.46,90.18,86.42,86.57,83.67,85.55,87.59,90.42,83.15,91.88,89.01,79.71,94.39,89.06,99.45,99.2,94.06,78.83,83.69,76.53,93.74,89.21,81.28,96.45,100.0,98.06,85.61,89.97,87.72,75.13,93.65,85.31,100.0,99.45,86.51,100.0,95.75,93.75,82.87,79.48,67.94,77.21,80.36,86.44,85.43,93.87,98.68,100.0,93.47,100.0,100.0,90.74,89.94,97.36,94.65,94.66,92.9,99.12,94.52,94.22,93.56,91.05,95.36,95.71,87.13,82.91,91.77,91.74,96.65,84.5,99.82,83.77,80.49,84.33,89.52,85.96,88.37,82.55,83.92,91.4,90.54,93.57,95.83,83.91,89.31,73.86,89.61,84.72,91.05,75.06,79.45,91.91,84.93,76.26,82.21,64.36,86.55,80.95,73.05,73.35,86.72,72.48,88.41,91.28,80.3,92.77,85.67,90.74,88.85,95.64,92.94,82.08,81.51,85.24,96.62,85.3,70.93,84.71,72.76,84.72,78.91,79.72,78.61,76.76,78.36,73.6,84.53,79.14,68.33,78.05,76.79,88.35,89.42,72.1,90.96,88.3,100.0,89.38,68.87,82.79,83.82,82.24,91.9,86.12,75.92,87.89,77.55,77.94,74.84,69.92,86.04,64.23,80.68,79.11,86.14,76.37,68.76,66.93,79.32,76.53,77.4,83.63,88.36,81.73,81.2,83.91,72.68,72.99,84.93,74.42,78.09,84.58,70.03,69.97,73.51,82.77,70.24,73.48,92.12,74.18,84.78,82.15,88.54,93.46,91.3,97.02,93.16,100.0,85.42,100.0,92.02,92.95,86.39,83.81,95.59,85.66,93.5,95.17,86.12,77.83,89.98,91.42,86.52,91.5,92.59,90.68,74.47,75.6,74.87,67.76,76.86,69.64,80.77,80.39,81.6,87.97,80.95,83.31,75.14,82.69,75.79,69.22,92.37,77.25,86.64,96.31,88.77,90.07,81.45,83.29,85.1,82.62,81.22,75.65,89.76,81.38,91.61,93.29,84.18,89.78,96.44,80.25,78.44,84.46,88.19,83.55,89.58,83.68,91.12,96.01,89.15,95.93,81.71,87.83,86.91,86.17,80.86,84.05,84.49,99.22,87.6,95.8,90.87,75.68,74.86,73.85,67.72,63.67,79.44
1040500123,Telkom University Jakarta,91.35,92.64,95.72,100.0,94.57,89.42,94.56,94.77,93.38,96.82,100.0,89.21,82.23,86.01,100.0,100.0,87.92,95.15,100.0,95.34,100.0,94.58,98.6,68.54,76.46,75.47,76.89,91.03,77.71,92.58,92.93,86.38,94.44,84.91,83.59,92.11,78.16,65.64,78.07,71.28,77.02,86.27,89.34,87.69,91.98,69.12,72.72,77.99,70.78,78.14,71.76,77.48,73.62,65.24,75.88,66.92,83.05,97.2,87.86,78.28,84.28,85.23,77.3,83.1,78.88,87.86,80.13,69.94,84.47,78.36,84.89,88.85,73.14,77.94,92.68,88.18,84.78,87.64,86.5,79.77,76.59,73.38,90.04,87.47,74.07,95.34,77.69,90.78,77.81,77.84,90.2,76.15,93.68,84.73,82.28,85.04,87.5,91.56,82.4,88.05,80.06,91.77,92.09,90.68,87.37,94.94,85.41,88.89,98.73,84.69,89.27,86.99,94.35,94.51,95.4,98.89,82.44,94.46,96.18,90.77,95.77,79.09,100.0,97.53,90.33,94.74,95.65,60.45,81.73,70.46,71.15,73.06,72.63,78.36,72.83,71.21,75.63,65.04,63.63,88.67,89.22,80.27,82.2,77.79,79.39,86.81,79.17,90.29,62.94,70.33,60.52,70.34,63.23,74.14,66.97,68.99,57.02,66.58,86.94,80.07,93.24,93.79,81.37,87.63,86.31,88.33,81.95,94.79,94.57,83.1,78.6,94.64,89.96,85.4,87.96,100.0,75.36,97.6,79.7,90.48,93.18,87.79,89.82,82.8,83.98,89.68,86.68,88.18,81.81,89.71,78.41,76.91,70.54,69.94,82.35,89.01,86.53,92.16,78.4,98.51,85.67,80.71,81.89,88.84,84.78,86.98,98.28,100.0,88.82,85.27,91.51,95.46,93.41,88.36,93.3,76.2,89.19,85.06,82.8,76.29,66.84,91.78,77.93,92.22,85.43,76.77,85.78,86.06,83.05,91.75,89.79,86.53,85.63,90.15,89.71,77.38,80.43,80.98,90.33,84.54,83.97,91.8,79.59,90.68,84.35,81.96,76.98,84.39,89.94,98.52,85.68,89.48,80.1,95.46,82.66,93.49,87.92,94.55,85.2,91.84,88.87,84.46,82.0,86.33,83.26,77.76,83.62,83.11,68.79,79.18,90.64,77.48,79.18,81.96,81.69,84.01,74.21,76.89,83.04,74.93,84.8,96.04,82.4,100.0,95.95,86.0,89.94,87.99,94.86,96.3,77.33,93.52,100.0,100.0,81.94,85.29,88.07,77.97,89.06,82.76,87.5,80.29,86.21,80.48,86.61,75.83,97.8,74.78,83.35,76.9,84.95,79.62,81.75,70.29,59.44,77.38,71.48,79.14,78.32,79.28,86.94,93.27,79.53,75.74,83.49
1040500124,Telkom University Jakarta,88.47,84.57,91.81,86.6,79.46,80.82,93.43,85.62,87.11,90.0,92.7,77.33,85.07,84.25,79.56,87.8,90.53,86.8,88.6,99.64,74.55,89.97,87.21,76.62,73.64,75.21,74.8,78.5,77.15,92.14,89.93,96.1,83.06,92.59,84.72,100.0,76.47,94.55,91.21,95.31,95.28,71.5,93.81,71.28,87.06,86.51,85.75,64.37,78.64,85.95,62.89,74.34,78.31,87.41,67.94,69.63,78.33,85.83,79.18,71.49,95.77,89.22,84.48,88.82,80.14,93.03,94.02,81.85,97.67,97.16,86.66,95.28,90.46,88.42,78.5,95.5,74.14,74.97,79.43,83.91,88.66,79.45,72.94,80.94,77.48,85.04,82.25,77.76,89.89,81.9,95.09,83.53,77.77,87.7,86.5,87.26,97.8,81.17,79.17,76.18,79.36,82.1,83.81,73.68,85.19,67.88,77.83,82.47,75.31,82.66,78.11,79.18,75.5,71.86,74.0,78.78,83.85,76.74,70.69,61.02,63.67,86.88,82.2,70.37,76.25,68.7,65.76,87.75,89.39,75.85,90.01,76.69,77.14,74.92,86.95,81.58,78.58,92.28,80.39,100.0,100.0,92.45,82.42,88.26,91.53,97.02,83.42,85.46,81.1,82.99,90.17,86.62,92.11,86.7,98.35,96.15,79.57,90.4,93.67,93.46,85.14,88.36,85.59,86.42,93.13,73.78,79.73,81.26,92.48,94.69,84.32,87.75,87.87,91.04,86.78,97.76,88.66,84.47,100.0,99.63,98.0,100.0,86.56,85.03,88.98,97.83,99.71,84.8,83.4,100.0,70.44,86.26,71.31,90.62,96.22,86.09,99.9,96.65,93.4,86.96,88.66,84.97,87.81,88.4,76.26,79.72,79.02,77.85,97.23,83.6,81.7,91.76,69.17,89.77,84.65,88.05,92.45,100.0,90.77,94.22,94.12,90.36,92.51,92.04,91.22,83.78,84.73,87.73,83.06,86.72,87.14,87.65,86.37,93.07,86.72,76.64,89.05,88.28,72.57,81.97,83.82,78.56,78.12,100.0,77.05,85.63,80.92,99.24,75.33,89.29,88.83,71.28,79.35,90.45,81.38,77.11,79.45,82.62,82.77,85.2,61.09,83.84,71.46,73.32,72.93,68.26,57.78,74.14,71.86,64.63,77.87,76.24,87.37,73.64,83.38,98.07,84.0,85.76,80.44,79.52,88.5,83.1,80.12,76.73,76.64,85.93,79.29,81.85,71.72,80.88,79.33,100.0,98.09,85.4,82.73,82.82,96.69,98.08,91.08,85.65,65.03,61.74,61.53,61.88,68.52,88.58,83.41,77.67,72.2,95.26,89.63,94.03,87.59,97.57,97.63,91.91,76.73,98.3,79.32,66.46,84.05,80.87,87.1,85.9,81.34
1040500125,Telkom University Jakarta,87.5,89.91,75.74,86.37,74.27,86.06,81.37,82.79,64.39,71.59,62.81,85.2,74.45,84.03,70.85,73.43,79.91,77.13,74.93,73.42,82.13,70.5,82.61,73.77,77.97,75.91,79.17,77.52,91.96,81.44,81.15,81.41,76.95,96.11,82.09,91.78,89.5,87.11,77.86,80.37,89.19,76.43,90.01,85.05,90.32,96.44,87.06,89.38,95.59,88.8,83.12,89.13,89.61,83.74,86.25,91.1,92.46,86.91,100.0,84.73,82.78,87.39,98.95,84.87,75.94,85.21,75.28,79.65,94.37,98.67,91.62,89.55,92.62,90.75,82.19,80.0,78.21,85.9,76.71,91.83,88.38,86.67,75.14,82.68,71.6,78.0,87.09,95.69,81.36,92.45,89.68,85.55,85.2,88.3,80.53,71.99,77.86,86.51,76.01,90.4,91.97,78.35,83.97,93.99,85.79,89.77,96.82,77.88,88.62,81.32,78.71,89.42,80.27,90.17,75.68,77.65,82.46,91.66,84.89,78.99,81.28,85.65,85.14,91.35,93.19,84.53,80.4,86.17,96.29,93.98,87.12,95.22,91.07,91.86,91.32,94.28,91.27,95.63,89.79,79.22,74.61,76.55,55.96,69.38,82.8,83.29,72.57,65.83,82.81,77.04,77.41,70.4,71.56,75.91,79.62,79.55,76.69,74.78,80.15,91.61,89.14,93.78,93.42,97.03,85.98,95.49,93.44,84.76,84.35,82.63,80.76,78.49,85.5,85.99,83.04,91.8,80.88,85.89,86.12,84.16,92.65,77.41,86.62,90.69,93.1,84.95,88.85,87.23,83.23,77.2,82.26,86.97,89.74,84.82,87.5,86.45,83.77,82.05,87.61,88.15,92.18,86.22,89.76,91.45,84.83,85.09,67.06,82.37,93.64,78.57,86.89,89.81,78.3,90.37,93.23,81.7,80.83,84.2,80.79,85.4,89.67,74.41,80.36,82.04,80.96,83.25,82.91,85.96,69.03,79.95,66.8,77.79,75.39,60.6,70.45,75.77,70.37,73.79,67.46,74.38,83.5,76.75,89.78,85.7,80.15,75.35,72.13,90.79,96.8,80.75,90.66,86.86,89.83,89.97,91.16,86.46,82.69,91.76,93.74,95.69,96.32,87.74,83.63,82.45,70.35,70.73,76.37,71.23,66.51,70.84,82.06,76.97,84.9,80.31,75.1,95.26,87.86,90.04,89.29,88.85,82.57,79.63,84.01,79.19,73.94,85.31,86.98,82.64,75.17,89.08,91.37,84.66,83.5,82.76,87.26,78.41,81.4,85.75,83.45,75.2,88.18,88.65,90.03,93.75,93.66,81.88,88.17,87.28,99.77,83.01,73.75,89.71,84.87,90.9,88.37,86.92,80.71,85.29,77.41,68.96,81.89,76.06,87.13,92.3,93.79
1040500126,Telkom University Jakarta,74.03,78.14,78.82,82.11,82.64,79.04,80.02,76.1,72.08,83.12,83.92,79.91,81.3,80.2,84.41,76.8,84.39,71.63,80.86,78.83,75.1,80.36,76.73,68.97,67.29,61.86,70.07,67.03,66.89,73.61,84.27,74.4,77.57,78.5,76.61,69.48,73.58,70.27,75.74,73.21,65.76,67.0,83.56,83.46,88.93,83.38,86.43,74.01,62.97,76.57,76.43,88.29,85.55,82.75,77.83,69.04,78.85,77.07,73.85,79.46,65.18,77.8,62.38,71.88,73.12,78.36,86.9,84.89,69.73,75.3,71.53,74.73,75.46,76.22,76.87,79.66,54.53,70.79,72.31,72.54,81.79,73.77,75.06,66.11,71.57,61.74,67.32,59.4,76.22,79.67,71.56,66.36,74.96,77.09,77.95,75.9,89.39,82.13,73.55,72.04,74.54,60.2,65.37,72.89,68.93,69.3,73.9,65.06,67.96,80.5,69.41,73.39,78.79,74.66,70.85,61.04,73.4,61.71,63.27,68.01,83.1,72.04,80.28,67.14,72.93,75.78,66.97,79.35,65.08,72.61,84.08,70.41,64.47,64.98,80.31,67.88,67.18,64.68,65.52,80.6,79.49,83.83,82.22,71.01,87.56,91.75,71.93,75.68,59.18,64.43,73.28,58.87,80.12,63.72,61.56,71.14,87.54,68.05,74.88,71.63,79.66,77.27,82.51,87.44,91.55,80.67,85.01,79.13,69.07,75.89,81.26,81.64,77.1,83.66,79.46,66.32,73.92,82.59,74.03,79.42,85.91,68.19,74.8,83.39,73.45,71.58,76.27,81.55,78.27,86.66,80.68,71.33,67.4,66.98,49.57,67.78,57.4,59.46,65.4,84.25,80.5,74.63,75.9,84.02,80.34,92.66,78.33,72.87,98.04,88.12,84.45,76.24,86.79,88.94,78.91,81.2,79.49,71.76,86.62,72.28,62.8,75.71,70.34,74.22,86.89,71.55,78.34,77.72,87.38,64.57,71.22,75.59,78.54,71.48,68.91,82.36,75.24,73.16,75.9,77.0,64.63,61.81,74.15,79.73,98.35,98.51,73.65,89.2,63.41,70.59,64.76,68.1,64.11,62.93,60.3,67.57,72.87,68.41,70.5,86.09,66.02,64.62,63.05,79.95,76.85,59.15,55.47,62.86,60.62,57.6,76.16,85.07,77.38,95.74,80.93,68.65,70.43,84.81,76.63,67.4,71.88,56.33,84.58,71.99,71.51,70.53,78.11,76.84,74.14,77.94,75.47,70.93,78.68,93.07,77.24,76.52,79.49,73.5,75.25,74.86,75.57,72.28,70.6,71.85,80.57,73.17,69.52,69.58,61.21,80.62,67.72,65.3,73.34,72.19,77.69,76.85,84.07,93.29,71.75,70.55,71.78,69.32,70.77,73.03,69.04
1040500127,Telkom University Jakarta,100.0,91.0,81.52,93.82,99.75,91.94,87.32,93.04,84.37,83.55,87.69,87.56,86.4,85.82,80.5,97.33,82.72,91.65,87.94,83.46,75.64,99.77,92.06,81.35,85.16,86.11,98.18,96.22,82.1,83.96,91.72,91.57,83.29,85.43,99.6,86.74,84.02,73.87,78.59,89.44,86.16,71.63,72.5,83.42,75.89,88.55,85.26,89.87,87.81,81.23,76.1,78.97,86.69,90.16,90.24,89.74,82.26,87.79,98.06,88.9,78.63,93.38,93.66,83.57,76.05,61.67,82.87,80.84,77.1,80.8,81.7,73.34,83.2,82.89,78.7,75.99,87.87,89.0,100.0,85.83,88.03,94.14,70.57,75.11,74.87,73.32,95.71,71.72,86.22,93.33,91.83,80.55,97.63,83.66,78.53,98.5,72.36,81.22,94.76,95.35,76.43,78.37,78.32,97.7,72.09,78.86,91.83,88.42,90.17,88.45,79.41,91.09,84.63,86.19,87.43,78.06,88.89,84.11,78.03,80.68,93.85,85.27,82.12,85.82,93.44,86.03,84.14,94.27,91.11,81.24,82.15,91.85,88.47,94.56,84.54,86.25,92.65,93.44,85.83,89.12,100.0,90.14,100.0,94.54,80.85,82.67,76.88,90.37,90.7,82.61,80.2,97.91,91.48,91.08,89.91,87.0,87.81,86.14,91.67,92.55,88.43,86.06,99.61,84.35,83.69,85.68,87.47,91.92,95.21,69.46,85.58,74.61,84.14,93.95,85.73,74.81,89.37,91.83,86.69,85.23,80.9,85.21,87.59,93.07,78.3,76.78,83.54,87.98,88.37,85.66,81.56,68.26,68.07,73.81,76.42,94.78,80.11,95.35,81.66,82.73,74.74,76.94,75.61,81.03,90.29,84.37,83.72,78.65,83.37,79.56,80.33,84.24,86.59,81.96,79.75,94.53,100.0,97.01,86.92,86.76,88.09,88.25,92.9,92.01,94.56,98.41,86.86,91.76,91.18,99.54,96.2,94.8,89.38,80.32,92.53,79.29,84.96,91.41,100.0,94.55,83.8,89.67,86.24,71.65,71.52,93.69,80.73,74.0,80.39,82.75,93.91,92.16,79.92,96.81,86.51,90.31,89.21,95.88,85.66,92.02,83.96,88.09,77.19,78.06,77.37,66.23,66.89,81.02,81.89,84.56,82.91,95.46,81.24,77.8,87.25,93.74,75.35,87.63,74.62,73.09,86.82,83.6,95.51,75.68,72.21,76.56,85.75,81.81,81.39,78.98,88.74,86.63,89.65,86.76,94.71,72.34,66.81,76.02,68.23,72.09,90.49,91.49,89.4,83.65,90.03,89.56,89.61,90.75,92.96,74.46,87.87,88.5,90.53,89.56,81.47,92.11,89.58,97.21,93.32,92.9,98.13,77.96,68.17,77.36,71.13
1040500128,Telkom University Jakarta,80.27,81.27,79.45,85.07,72.71,75.05,66.31,88.12,84.6,79.79,75.11,74.0,79.3,70.56,78.01,79.39,68.41,60.61,81.63,73.81,75.44,74.63,82.28,76.81,69.39,65.98,66.1,71.29,74.34,70.48,74.11,68.81,84.09,80.17,86.77,73.17,84.24,51.73,77.82,77.39,74.62,88.39,70.09,73.92,72.32,78.89,68.48,62.53,69.91,56.66,76.08,63.33,75.42,71.52,74.69,71.41,77.33,69.01,79.3,71.3,77.83,80.03,77.33,89.43,71.76,72.0,76.27,67.1,73.49,83.49,79.03,72.62,83.12,65.71,63.17,77.12,61.04,76.11,76.51,84.34,86.04,83.42,68.6,73.08,80.67,58.47,78.36,67.97,74.24,83.85,85.13,81.55,63.0,73.97,83.2,84.95,74.86,87.98,54.52,75.98,65.67,61.93,76.57,77.47,67.22,60.95,67.2,61.32,63.6,57.0,69.76,63.99,59.01,66.76,65.87,62.76,61.17,62.22,67.82,63.71,61.78,56.33,64.97,63.41,66.71,53.13,66.8,72.79,69.9,80.63,73.59,75.87,76.94,74.12,74.17,84.03,75.3,82.69,82.38,74.41,70.74,72.88,78.87,86.84,81.01,76.09,75.75,83.39,79.09,79.64,78.35,82.28,78.36,72.01,67.82,83.51,89.86,91.77,83.05,83.98,75.57,72.97,75.71,81.67,74.51,77.33,82.99,66.02,67.6,54.24,72.0,71.0,59.6,72.94,76.3,62.61,62.59,73.0,78.74,61.82,67.57,60.01,66.88,64.14,59.08,66.64,71.84,67.63,58.41,78.66,67.51,64.57,66.76,60.82,75.65,80.67,70.15,74.5,76.69,76.29,63.13,75.41,79.99,73.21,87.89,68.48,71.19,82.58,69.15,71.2,80.46,75.14,72.24,89.58,72.48,70.25,77.98,81.16,75.67,73.82,71.96,85.92,67.65,69.23,58.21,78.41,77.84,78.33,81.93,70.21,84.77,83.64,77.6,77.23,70.15,76.66,83.88,78.15,61.09,70.14,75.84,61.46,65.34,79.9,75.97,81.66,82.24,89.0,95.0,88.34,72.2,80.42,79.02,88.8,80.6,89.36,79.78,74.39,86.81,87.21,72.38,80.15,73.66,69.2,94.18,77.89,80.08,87.04,69.0,69.34,74.26,73.43,80.23,78.2,85.57,79.06,86.08,78.92,89.18,76.56,78.68,73.85,77.79,78.05,71.47,70.96,83.79,65.01,68.93,69.78,72.13,92.68,87.25,68.83,93.35,76.9,79.14,73.03,64.84,90.15,70.86,72.54,78.25,82.3,94.88,85.66,90.77,75.94,78.98,68.23,79.79,79.34,73.49,79.12,72.5,66.06,66.74,68.36,67.78,67.23,66.37,77.2,76.21,87.13,86.21
1040500129,Telkom University Jakarta,80.98,92.59,86.22,77.41,82.35,81.39,79.58,86.06,80.81,87.2,77.3,75.17,92.02,64.9,84.05,71.48,87.07,73.08,81.03,72.49,82.13,82.37,73.2,64.56,73.29,66.24,69.63,71.55,79.68,87.19,81.73,81.81,78.56,100.0,83.15,92.4,84.26,66.4,59.45,71.8,75.44,81.23,79.32,89.11,77.92,86.34,96.12,95.47,74.49,73.36,88.0,88.55,78.75,83.58,78.87,81.42,78.09,71.87,73.43,59.83,95.04,79.29,87.63,85.73,72.21,87.07,83.88,66.08,78.14,74.92,84.42,71.44,69.94,71.18,73.38,73.0,74.68,86.64,86.5,58.34,53.1,64.73,75.31,76.44,71.05,77.2,62.91,65.05,71.32,63.28,69.71,73.77,74.81,74.88,71.26,87.68,84.24,80.06,58.64,68.49,64.8,79.88,68.34,85.73,73.48,82.46,70.16,73.59,76.77,85.48,82.63,68.68,75.74,77.7,98.44,76.53,89.19,81.94,88.91,70.84,78.31,76.98,73.58,67.1,78.39,82.1,70.45,65.35,81.58,78.6,77.11,84.21,76.91,85.14,75.79,84.0,80.06,76.21,78.44,71.63,85.14,85.01,71.56,90.18,69.76,83.75,74.06,77.83,92.26,83.93,84.97,80.41,82.33,88.2,94.61,91.22,88.32,87.8,74.84,69.09,77.99,70.19,78.82,84.41,77.44,79.56,91.7,88.48,73.27,83.01,67.54,65.54,77.83,70.7,75.68,68.75,65.94,66.71,82.44,66.35,74.94,76.67,81.31,74.95,73.14,71.7,71.1,71.7,83.18,71.61,73.29,73.44,79.54,79.2,82.16,71.08,56.87,64.83,72.95,89.1,79.52,89.79,78.54,83.74,75.21,70.01,69.4,56.26,66.85,65.76,75.35,73.13,49.72,56.08,69.61,70.75,69.46,75.82,84.06,75.1,75.24,75.65,69.17,75.93,54.32,69.99,69.52,74.16,64.74,68.91,68.34,63.37,56.79,68.57,68.66,71.69,75.6,68.63,77.07,78.28,74.06,76.77,77.87,82.29,82.83,81.22,69.83,77.0,67.14,74.16,62.63,69.21,72.53,70.66,60.89,67.16,72.67,75.21,67.75,71.94,70.37,75.49,64.46,68.79,52.03,64.19,74.01,68.19,67.99,71.14,77.54,86.81,80.55,83.39,85.26,80.05,87.81,82.22,83.9,72.31,72.36,78.72,74.62,84.94,81.15,80.47,79.11,79.27,72.16,76.43,83.01,73.34,71.84,66.99,70.87,76.09,71.73,72.07,76.1,75.31,86.42,78.8,86.26,88.16,91.99,86.06,71.84,80.87,77.97,68.31,69.49,69.63,74.52,75.84,73.6,71.13,63.52,66.27,72.99,75.72,78.55,80.58,77.74,71.81,66.67
1040500130,Telkom University Jakarta,73.48,64.52,77.37,75.87,65.33,64.27,73.87,68.92,79.43,85.06,85.01,74.48,70.09,81.09,88.64,78.82,83.36,78.97,89.13,89.72,81.31,70.87,80.44,69.62,63.94,69.09,77.48,57.55,75.22,77.42,80.59,80.09,87.81,81.09,82.72,75.79,83.91,70.78,87.78,84.96,84.22,81.96,89.35,83.41,80.42,82.33,73.93,87.98,78.57,68.18,69.97,84.33,78.82,80.62,75.45,82.13,75.99,76.11,82.03,88.02,85.15,87.97,93.55,75.83,79.07,76.14,75.47,91.33,65.68,65.87,67.47,68.55,68.16,83.93,75.86,80.12,68.12,71.05,56.59,69.36,75.72,72.22,66.23,92.78,77.62,80.16,74.24,77.34,82.78,84.24,79.33,77.34,75.03,79.96,84.49,83.19,77.09,87.0,77.98,68.94,80.54,70.2,82.05,84.29,69.66,71.04,78.69,72.63,72.94,77.71,80.65,79.6,72.08,78.45,75.99,75.62,70.75,66.06,76.76,70.9,74.98,78.28,75.19,77.5,82.44,85.41,75.55,90.46,67.45,82.69,77.54,78.64,67.54,85.21,73.52,80.81,72.48,78.2,78.69,71.82,72.39,71.51,65.03,74.02,79.73,75.84,84.98,68.52,64.17,67.76,79.63,89.51,81.14,70.05,67.23,71.41,76.58,84.09,84.59,69.74,78.96,71.71,81.66,91.32,79.34,63.42,66.38,62.3,64.3,67.39,66.94,78.42,72.09,71.31,73.32,74.48,74.06,79.31,66.96,74.13,62.96,65.12,77.99,67.26,80.89,70.04,75.99,71.53,79.32,66.67,69.2,75.1,86.22,84.58,73.29,69.77,75.47,76.37,74.82,82.87,69.68,82.92,68.44,75.16,78.07,72.11,74.36,75.81,83.91,78.69,58.56,81.39,72.29,69.45,67.78,82.88,82.19,83.8,75.92,80.23,80.03,78.76,80.76,85.88,78.67,87.8,77.31,78.42,74.03,59.65,72.91,68.62,81.89,70.95,71.1,82.97,74.58,75.2,79.69,72.66,70.49,84.28,61.25,71.41,69.74,72.53,74.45,69.37,83.75,100.0,72.02,77.07,66.49,91.22,75.35,81.59,80.11,84.35,85.25,78.99,78.79,83.89,71.18,84.11,84.84,71.34,69.24,70.81,79.29,83.64,80.43,90.36,73.51,77.01,76.34,83.5,73.71,82.27,83.39,86.19,73.91,76.13,86.87,85.16,67.96,62.83,80.44,83.2,75.31,82.22,70.69,87.4,76.05,81.37,93.17,80.2,89.41,90.16,88.87,91.29,65.98,70.98,87.33,99.45,76.74,88.99,72.36,90.88,68.95,83.96,71.13,80.22,89.85,73.36,74.3,81.63,80.79,85.42,68.88,84.79,72.16,61.16,62.9,59.87,60.95
1040500131,Telkom University Jakarta,85.44,72.07,87.38,87.31,84.23,91.74,85.57,76.91,70.79,82.83,79.63,81.56,74.65,69.45,74.3,65.41,80.58,57.25,70.56,72.19,74.65,84.73,75.15,74.76,78.18,79.83,77.26,80.74,68.17,69.93,80.97,73.26,75.2,78.35,71.79,62.47,69.99,71.72,87.9,76.06,78.79,79.9,66.66,75.6,78.32,83.82,72.62,70.61,80.96,75.95,78.24,73.44,75.41,87.99,78.44,88.03,75.19,71.47,74.78,72.66,72.71,66.2,76.15,74.25,82.45,80.54,79.21,77.97,61.92,67.17,69.78,56.45,54.97,73.05,78.36,71.15,72.66,74.86,72.22,78.73,82.41,76.46,80.05,84.85,78.53,82.42,68.72,85.59,74.44,90.86,78.77,76.52,84.85,75.69,79.72,80.41,90.17,77.05,77.99,73.49,80.04,81.84,69.16,67.16,76.29,71.26,73.38,70.27,62.87,74.52,64.37,70.49,78.68,78.94,78.51,72.51,83.4,79.41,63.37,73.87,69.7,74.94,72.24,67.97,69.46,78.21,79.64,82.96,58.56,68.76,79.43,71.72,73.64,69.77,73.29,86.21,60.58,75.78,82.34,67.91,76.89,73.32,72.71,70.75,86.42,67.33,73.98,70.6,77.46,64.56,76.77,85.97,74.49,71.53,76.88,53.6,78.75,64.38,67.88,74.51,66.14,59.75,70.44,75.68,75.98,73.71,72.14,62.58,60.88,67.09,94.38,75.44,64.98,73.93,75.94,68.37,74.89,81.08,53.2,74.72,75.78,84.86,67.49,73.53,80.19,70.14,69.49,74.37,62.49,66.2,71.5,79.97,81.87,73.75,66.61,66.62,73.88,69.74,63.52,78.18,78.5,83.42,77.36,80.18,68.13,82.94,73.17,82.33,94.64,78.76,80.89,80.48,69.25,71.85,76.69,56.54,71.34,74.7,63.25,62.3,75.02,65.92,63.51,69.93,71.9,74.8,74.0,73.53,47.33,52.96,52.3,66.63,87.29,83.56,78.47,80.31,71.01,89.43,62.61,62.29,69.54,74.35,69.81,72.79,61.75,65.51,74.55,75.14,80.72,69.74,75.37,69.31,76.0,76.73,79.8,73.53,67.22,72.11,79.77,83.26,71.69,67.29,73.12,68.59,71.69,63.17,59.29,69.79,71.63,70.94,71.72,68.42,88.32,67.9,85.36,74.94,83.32,79.33,73.79,79.82,78.86,81.39,92.36,78.96,85.81,81.56,73.61,82.73,83.28,80.24,78.13,74.41,72.93,75.15,71.83,82.5,80.37,80.08,84.66,75.79,70.16,86.15,75.35,74.61,85.0,73.22,89.72,77.81,90.78,74.46,82.8,76.37,77.25,91.43,77.51,85.69,72.97,84.69,68.5,72.5,77.61,78.9,76.96,75.47,71.16
1040500132,Telkom University Jakarta,71.65,75.09,75.99,67.8,83.56,84.84,68.93,74.79,83.92,75.74,78.51,76.89,79.23,66.69,75.46,82.17,78.43,71.87,68.45,80.4,89.4,72.33,88.86,59.65,74.93,63.32,59.46,67.0,80.33,71.09,72.63,78.61,63.82,70.39,77.65,83.19,68.57,74.93,72.31,79.0,78.84,87.2,85.71,84.12,86.32,84.11,62.46,71.34,86.72,78.54,78.66,71.62,71.72,84.08,74.2,76.66,67.08,76.87,68.74,70.26,73.93,61.75,62.57,73.54,74.32,71.63,77.26,83.15,82.09,81.6,73.15,79.42,80.32,67.97,63.43,63.69,62.16,61.13,55.98,71.17,74.66,82.86,83.29,80.25,83.82,79.15,81.52,61.83,72.67,87.1,81.09,84.09,77.96,71.99,84.67,84.3,79.03,78.59,78.21,78.8,77.29,72.94,70.27,71.65,80.93,71.84,64.96,70.28,72.89,77.86,80.77,76.29,57.55,72.23,75.76,72.44,68.96,74.31,79.26,61.38,75.71,74.98,64.78,77.59,71.5,68.73,68.89,70.58,72.55,77.78,78.7,66.63,77.78,76.33,71.13,72.74,81.2,70.23,62.1,84.74,79.93,78.53,83.88,78.6,79.62,75.57,77.84,80.75,77.72,75.98,78.17,75.23,55.29,78.92,67.38,71.98,75.35,80.42,76.73,68.84,78.78,61.31,68.2,79.72,70.75,71.24,81.81,76.53,71.9,62.55,59.17,75.9,68.01,67.02,71.84,78.02,77.35,78.66,71.37,63.0,70.45,72.11,69.69,57.52,68.77,71.63,66.2,71.76,66.0,78.72,69.56,68.78,74.95,68.86,96.45,75.35,82.24,88.69,93.81,87.22,92.2,80.2,82.12,74.12,73.44,59.6,73.14,86.15,73.83,77.26,67.61,69.78,76.15,90.4,78.91,74.35,70.89,70.0,73.33,76.46,80.4,78.25,72.1,72.04,73.32,77.63,71.4,73.22,75.28,77.58,70.1,82.29,79.28,72.27,74.91,70.52,87.49,81.54,66.54,73.67,71.9,49.2,72.47,83.73,78.82,65.73,81.4,79.64,79.77,75.96,68.43,70.0,76.48,70.2,77.92,72.24,65.81,62.84,63.56,64.53,65.8,78.63,73.27,86.46,84.54,72.14,78.97,68.57,89.82,78.37,86.04,70.72,71.68,73.9,74.28,68.98,71.38,78.27,80.07,86.84,77.65,78.95,75.09,71.44,83.71,72.12,78.09,78.08,70.0,75.63,67.72,87.69,81.27,82.44,77.59,86.79,72.55,86.04,83.51,73.44,72.44,69.38,68.97,58.38,65.91,78.04,65.88,87.72,69.65,63.1,71.07,53.15,63.0,69.58,73.74,85.53,81.5,71.34,69.03,79.75,76.28,86.63,84.19,79.91,79.31
1040500133,Telkom University Jakarta,71.06,88.2,79.92,86.08,84.28,94.32,93.11,85.27,87.03,90.82,100.0,93.34,88.0,96.58,83.45,83.71,92.56,100.0,92.03,95.01,87.59,88.89,94.35,88.85,89.88,98.98,98.49,100.0,92.23,91.06,85.65,100.0,82.43,98.6,89.57,97.39,89.43,81.62,81.12,89.98,88.19,84.98,79.93,84.62,83.54,87.04,91.07,81.11,87.88,89.87,98.97,81.69,87.11,90.2,84.85,86.66,86.97,89.84,77.33,82.56,85.23,78.49,93.22,87.37,76.81,79.06,70.83,69.39,81.11,74.3,78.1,76.41,74.88,74.08,76.53,79.06,87.04,90.2,87.7,87.68,84.19,89.14,87.11,89.54,89.4,85.03,81.92,80.71,79.26,95.19,97.83,91.82,86.91,82.58,95.88,78.2,80.18,92.71,91.92,87.75,84.37,88.9,69.25,88.11,92.21,92.15,74.2,86.04,84.94,89.01,85.93,86.49,83.45,99.19,93.73,79.0,94.39,86.42,88.67,89.2,80.16,94.21,89.33,81.94,94.83,82.82,89.78,87.62,76.66,79.47,85.69,91.99,82.41,86.65,87.07,88.38,83.26,76.68,75.6,76.28,87.06,76.26,78.0,76.59,83.65,80.6,94.09,78.66,86.8,85.73,91.15,95.14,95.48,97.62,83.95,87.74,82.09,82.05,87.56,79.45,88.19,88.99,96.7,80.03,80.29,87.27,81.52,81.97,100.0,93.4,100.0,96.06,91.94,98.85,100.0,94.44,100.0,90.85,82.1,92.05,96.91,92.63,85.58,88.26,94.03,97.3,89.01,100.0,94.94,86.58,72.96,77.85,69.63,76.8,95.53,73.94,83.6,80.67,78.94,92.44,88.54,94.69,93.29,86.47,86.22,80.23,100.0,96.37,87.51,94.36,78.16,88.04,92.67,100.0,88.33,86.15,88.3,88.43,82.88,96.42,86.4,89.12,83.32,99.59,79.07,90.6,82.6,77.99,92.23,87.15,90.6,83.48,85.18,94.28,83.77,78.7,84.93,71.54,87.79,86.07,84.18,73.34,82.82,78.02,89.62,84.18,73.42,100.0,100.0,89.94,92.14,82.44,88.88,94.11,90.36,97.95,91.47,88.77,75.45,84.66,86.54,96.44,87.48,80.8,90.1,91.54,92.5,88.64,88.58,84.64,93.91,84.85,81.19,85.92,92.41,96.75,88.73,87.82,83.88,92.74,95.44,88.37,77.69,69.87,81.74,83.25,79.96,72.7,91.54,76.27,77.68,96.47,86.86,82.9,93.04,82.03,77.85,87.66,100.0,92.63,79.76,69.8,71.86,84.83,76.72,72.06,76.92,63.97,57.83,93.3,89.59,93.74,98.82,99.11,74.74,81.21,80.75,81.89,89.26,91.93,82.44,85.48,95.48,84.65,89.86
1040500134,Telkom University Jakarta,100.0,88.34,87.37,80.32,89.46,96.25,83.78,91.95,92.09,100.0,88.05,97.56,84.08,86.33,89.49,91.25,92.64,85.75,84.24,87.68,82.58,79.12,93.81,95.52,94.95,89.08,95.59,86.4,83.66,71.36,86.59,79.71,77.89,82.31,95.43,86.01,87.33,69.16,63.84,73.67,84.22,75.16,77.73,89.92,72.77,74.24,84.74,82.67,78.68,81.23,82.46,89.67,78.33,77.96,90.22,82.8,88.25,99.16,94.45,100.0,99.78,95.97,83.98,90.1,89.2,88.91,88.0,86.06,84.7,73.6,68.54,73.47,93.62,97.26,99.44,98.62,77.15,86.98,92.48,96.96,91.02,98.49,90.87,86.98,88.45,77.74,94.68,91.3,100.0,92.3,80.76,84.05,92.82,92.55,80.15,88.28,80.61,87.99,91.76,67.89,90.6,92.76,74.32,87.0,76.46,84.04,88.37,84.27,91.51,80.72,86.69,79.13,78.12,81.85,82.19,80.03,80.78,89.69,85.65,76.84,77.75,81.52,85.51,72.25,66.7,83.93,71.75,88.95,98.23,81.82,86.36,88.5,88.32,83.24,91.57,81.14,89.64,83.74,89.14,93.34,97.17,77.25,93.96,82.77,85.75,88.8,90.07,86.17,100.0,88.48,91.02,90.28,87.81,89.61,84.75,94.74,95.1,88.71,93.79,93.26,70.28,95.33,86.91,85.84,90.89,86.24,81.74,100.0,91.62,89.5,84.15,88.98,85.1,90.51,85.41,79.13,81.44,89.83,79.32,90.42,79.2,92.65,87.45,96.09,91.64,96.13,90.96,93.08,86.82,99.73,87.51,76.55,95.39,87.17,82.26,74.99,84.34,78.71,88.07,84.65,80.76,85.25,80.33,83.01,77.79,71.5,61.61,75.62,70.29,76.9,65.11,77.69,71.51,69.05,73.98,84.14,84.27,76.93,85.26,74.14,79.61,76.52,75.24,85.45,86.55,91.84,96.31,97.86,88.14,81.54,97.66,82.12,77.33,72.62,73.68,74.95,86.63,78.88,90.53,91.39,86.32,82.24,87.56,81.82,74.24,85.81,77.94,81.77,84.91,78.59,93.24,83.15,86.54,88.35,79.13,86.42,81.14,86.1,84.98,94.69,77.67,79.38,78.98,83.23,93.62,78.61,85.81,82.76,90.3,95.48,85.48,87.83,80.89,91.62,91.92,95.6,89.95,97.27,84.13,88.74,90.51,73.61,86.61,83.18,75.44,90.8,91.09,96.93,84.45,93.83,86.95,93.53,91.61,88.75,94.09,70.46,73.07,76.66,69.43,75.43,85.67,89.04,83.31,92.06,83.4,71.2,79.55,78.64,71.15,76.1,80.8,87.49,74.23,72.08,84.55,75.71,84.0,84.32,81.15,89.67,81.77,76.14,77.37,92.95,90.97
1040500135,Telkom University Jakarta,64.15,55.02,37.15,55.89,50.79,52.71,48.77,45.8,60.27,62.9,62.63,63.78,65.41,55.94,48.7,54.3,52.09,50.58,58.5,56.57,51.33,51.24,62.58,61.28,59.58,55.65,76.59,58.92,51.38,55.3,56.05,56.19,57.16,63.45,59.9,60.1,44.84,65.64,64.78,59.22,65.37,59.8,54.13,52.25,65.48,58.02,60.87,65.93,62.62,59.43,62.51,58.08,51.54,67.92,57.48,57.08,61.81,54.93,57.09,55.64,55.59,61.37,69.7,53.46,56.16,57.15,58.89,57.98,53.56,37.82,45.97,41.73,44.66,54.76,42.27,49.01,54.7,61.49,51.84,54.6,50.14,60.69,71.32,55.94,63.78,59.39,54.13,57.58,52.29,64.63,54.62,53.66,57.24,53.15,49.95,52.34,51.07,58.76,53.1,44.17,61.72,56.5,73.32,63.1,61.96,67.21,70.6,57.69,69.36,66.42,48.85,57.18,60.24,58.42,55.73,60.91,60.48,64.47,61.63,63.82,63.41,56.25,59.67,64.68,63.84,66.59,64.21,58.58,60.82,57.6,52.13,66.99,68.04,65.89,68.66,54.86,68.63,60.94,60.82,45.47,53.74,54.5,49.58,42.07,45.62,41.18,44.55,44.71,63.93,68.67,61.5,61.36,60.4,63.32,58.77,67.65,62.1,68.3,59.14,45.88,35.27,60.19,48.25,41.8,59.03,53.47,55.26,53.32,45.8,50.78,40.44,50.1,55.97,42.64,48.95,47.08,53.22,48.72,42.08,41.79,45.4,45.01,43.68,42.47,54.87,58.57,47.64,48.4,38.91,45.98,59.74,59.7,59.12,58.36,57.78,64.37,58.89,62.87,51.1,60.08,66.43,63.28,52.81,48.72,57.13,52.91,51.54,53.38,53.15,46.56,51.77,55.33,50.72,58.61,64.71,60.86,64.59,62.27,49.36,60.54,56.48,53.91,62.98,51.57,58.21,55.39,59.3,54.08,51.74,48.24,51.39,42.15,60.43,58.6,58.05,57.18,54.65,65.02,72.42,78.93,59.24,63.22,71.73,61.1,63.5,55.67,58.22,55.54,68.81,53.04,61.37,62.72,61.55,63.2,62.63,59.28,63.2,53.43,53.3,64.77,54.99,53.91,56.35,48.01,46.63,54.47,52.83,42.1,64.1,66.7,58.02,64.59,67.75,53.7,46.31,72.05,70.57,66.47,61.66,45.15,59.53,56.78,54.69,63.09,52.72,59.68,60.29,62.4,59.32,64.08,69.65,47.16,65.12,58.43,34.31,53.5,52.89,56.23,55.08,56.41,57.11,59.22,65.06,56.01,50.98,45.25,53.01,49.15,60.41,68.36,59.33,48.96,57.39,68.3,55.37,54.68,53.17,57.03,67.63,71.82,55.5,64.33,62.04,60.83,69.93
1040500136,Telkom University Jakarta,81.97,84.91,74.34,82.42,91.48,77.18,77.82,80.43,100.0,86.44,100.0,88.21,87.2,100.0,76.16,83.1,89.7,96.83,82.41,89.99,88.85,96.83,91.43,70.84,64.06,53.06,68.29,71.78,91.78,76.74,88.22,75.99,84.04,76.08,79.66,89.3,86.62,89.87,89.77,86.54,100.0,96.04,80.51,91.62,89.17,96.08,73.75,77.04,82.24,76.0,66.12,80.5,72.17,72.49,73.19,69.24,92.33,97.61,82.3,92.47,84.75,89.14,89.57,86.67,70.72,88.35,85.6,88.8,91.0,90.0,84.33,87.33,77.08,76.42,72.73,77.47,68.42,65.95,81.54,89.6,92.18,90.09,86.33,91.0,80.09,94.46,94.29,100.0,92.12,100.0,89.39,80.3,80.47,74.1,93.38,95.17,87.68,91.54,90.25,95.44,95.87,98.82,99.45,97.98,88.59,100.0,97.92,91.57,93.45,83.32,100.0,86.66,80.52,94.71,92.03,76.24,94.13,89.68,91.75,92.66,95.58,93.3,92.08,90.42,100.0,86.33,96.23,76.25,72.95,73.91,62.97,80.4,77.79,83.46,74.58,73.1,79.05,83.48,67.92,67.81,86.35,75.67,82.24,84.37,82.75,70.29,78.49,77.89,89.89,70.47,83.44,80.71,79.42,84.46,76.73,82.94,91.44,74.82,85.78,86.74,79.35,87.06,81.0,81.22,97.34,81.3,74.41,83.2,79.57,91.57,90.77,84.55,88.84,82.77,80.92,81.46,81.44,87.36,87.91,83.85,78.51,80.47,73.76,82.96,85.49,82.58,76.67,77.43,82.34,93.33,88.63,88.27,76.96,82.55,80.35,72.75,83.79,86.25,77.14,81.48,78.86,91.2,82.6,89.39,88.03,91.44,91.71,98.17,100.0,81.58,84.61,91.06,90.01,98.49,81.76,88.85,84.74,85.14,97.29,80.58,91.39,93.64,84.95,99.14,91.85,89.41,95.67,86.9,87.92,86.43,92.22,89.39,77.97,83.13,78.39,88.14,86.43,82.97,89.16,81.49,98.89,93.37,81.28,77.95,79.04,82.21,81.27,82.41,89.79,86.42,94.36,84.96,89.8,86.38,86.55,88.56,82.07,87.81,80.92,88.66,83.33,83.47,89.53,96.17,96.4,88.3,88.71,98.91,89.85,100.0,89.13,85.71,85.39,77.03,79.23,91.37,92.97,94.42,100.0,93.15,97.47,98.01,83.01,74.46,70.84,78.9,80.51,67.6,84.48,76.19,78.11,75.35,78.67,78.85,88.39,84.27,80.88,79.72,82.08,86.28,86.42,91.68,88.17,90.7,84.99,88.88,90.55,92.6,91.19,89.47,94.7,94.86,84.61,86.95,79.14,77.71,82.38,83.89,90.08,88.46,100.0,96.57,77.31,86.98,100.0
1040500137,Telkom University Jakarta,62.71,65.18,54.29,66.05,62.66,69.28,71.29,62.03,58.33,60.29,58.84,53.78,49.2,56.04,60.16,61.92,47.26,57.52,42.74,64.51,48.41,60.64,53.82,65.4,68.26,58.64,62.94,70.28,59.89,62.89,59.73,56.68,63.58,54.09,53.69,61.18,59.17,57.71,41.77,43.14,59.71,51.48,46.88,62.38,56.53,58.73,56.41,51.3,50.53,55.16,56.07,60.83,56.67,51.19,49.94,59.25,50.44,64.65,61.31,52.0,54.92,57.87,58.11,55.4,55.68,66.05,58.49,74.49,52.29,59.92,58.3,60.97,61.14,59.04,65.06,57.18,50.51,49.89,50.54,56.92,72.47,65.2,50.73,51.86,47.63,60.92,64.94,62.81,63.93,50.77,58.65,51.92,55.22,50.56,63.64,66.41,68.71,74.67,50.51,47.9,45.67,66.41,56.41,56.83,68.83,52.08,57.76,66.21,57.2,61.63,58.53,52.78,56.98,71.48,58.02,65.12,52.99,53.41,54.76,60.64,69.55,56.5,56.76,60.3,70.39,62.33,49.94,61.73,51.45,71.77,47.58,61.26,63.61,57.13,50.24,61.74,60.36,47.74,52.47,55.44,61.0,66.66,65.78,61.44,58.47,65.43,56.4,58.94,50.52,55.64,59.47,71.71,51.9,57.45,46.91,62.56,58.87,60.79,62.65,56.8,46.45,51.12,48.19,51.42,43.3,53.88,67.08,73.85,60.88,65.35,54.14,60.11,51.91,66.43,50.91,68.6,66.74,58.09,57.44,67.28,60.92,63.97,64.41,59.54,53.32,48.07,59.34,61.35,63.19,59.98,55.02,53.02,54.04,49.64,52.3,43.5,61.4,69.12,68.28,43.7,62.47,57.47,56.12,55.76,58.29,53.44,69.92,61.44,62.42,62.37,56.77,69.61,58.5,70.37,55.13,59.53,53.34,48.15,48.94,46.77,51.89,61.33,53.74,44.65,40.69,51.08,40.9,50.42,46.11,49.18,59.11,59.0,56.79,56.17,50.43,56.56,49.7,59.28,46.82,47.97,58.13,58.91,42.99,58.39,53.8,50.25,53.34,40.81,50.98,41.11,57.29,59.3,50.41,55.53,47.67,55.58,51.34,42.81,53.7,55.15,66.99,54.07,73.17,75.97,59.18,66.84,77.86,64.51,66.5,66.2,51.95,41.98,41.83,48.32,41.55,51.47,43.64,47.16,45.39,58.36,59.47,40.28,43.77,47.56,51.96,52.59,69.75,66.18,40.24,49.85,39.8,55.79,51.93,42.78,48.21,54.42,50.87,53.22,48.86,60.13,54.21,53.37,53.37,50.66,54.8,60.03,46.66,52.5,58.89,65.64,60.88,56.32,60.08,58.68,56.54,47.8,46.89,51.99,58.75,69.32,59.46,51.84,54.99,53.24,62.39
1040500138,Telkom University Jakarta,85.82,88.42,89.92,89.14,89.15,83.77,93.11,100.0,91.61,92.86,92.05,91.85,88.85,100.0,75.3,86.6,99.04,85.01,96.82,84.1,92.54,80.27,88.25,73.23,76.17,77.32,80.83,83.7,83.07,75.42,85.77,69.93,84.08,79.55,88.17,81.49,78.34,87.66,83.49,88.12,81.14,76.9,72.1,77.07,76.81,85.15,89.03,87.3,84.46,89.59,86.27,93.74,77.26,80.1,76.66,85.9,85.92,91.56,84.44,90.3,88.49,93.8,79.85,86.82,90.77,85.61,82.37,96.5,83.92,86.8,70.61,96.62,76.23,79.61,83.71,83.98,87.3,76.66,76.45,76.28,70.98,75.95,88.15,90.47,79.62,77.04,87.01,81.66,88.05,84.88,95.14,83.54,93.57,87.67,73.41,64.25,76.45,70.07,68.68,75.66,84.64,91.14,91.71,99.96,100.0,85.94,89.0,92.16,100.0,85.8,86.91,91.84,93.31,92.8,93.21,90.15,84.58,89.09,92.07,97.42,89.79,95.51,88.93,84.73,100.0,88.6,97.0,72.4,76.87,67.41,64.31,75.89,69.35,77.61,70.31,62.12,71.13,72.1,72.1,90.27,93.23,89.6,96.93,88.79,84.78,100.0,92.4,94.39,90.7,81.06,91.19,84.39,93.55,79.75,78.49,83.38,72.22,82.93,88.47,95.18,83.87,90.85,87.86,92.25,79.17,87.28,86.13,73.36,84.5,87.19,81.69,85.0,91.74,92.22,89.73,95.64,89.24,96.07,88.76,89.71,81.86,84.04,83.0,89.77,88.65,90.81,94.41,82.98,92.89,88.92,93.02,80.27,81.56,93.21,79.46,83.5,85.22,79.6,75.97,84.2,74.21,81.61,81.51,78.95,76.87,81.34,75.89,78.21,78.91,77.99,79.76,87.14,84.19,76.41,75.76,76.59,71.6,77.19,70.95,72.96,65.94,62.6,69.37,71.99,68.5,70.36,66.11,64.81,86.98,75.94,100.0,80.9,75.21,85.72,85.23,78.97,88.53,85.9,86.34,72.3,75.14,73.27,77.0,96.61,100.0,96.19,85.37,90.1,84.53,79.67,92.21,89.51,86.66,93.06,88.73,100.0,85.67,83.99,85.37,75.83,77.79,84.18,78.41,86.59,87.13,73.9,82.43,83.99,98.14,88.58,94.6,95.03,91.19,78.31,82.14,89.55,76.54,86.25,83.46,87.32,92.99,84.81,72.32,79.68,75.93,85.93,83.66,76.61,75.73,75.99,80.83,82.16,92.89,99.69,96.15,91.67,76.16,91.32,76.9,82.56,78.52,71.57,86.59,74.09,87.81,85.89,92.81,92.28,99.0,85.35,91.52,90.45,90.56,77.76,92.1,90.95,87.82,91.5,88.34,90.15,100.0,72.57,85.49,79.35,79.42
1040500139,Telkom University Jakarta,78.06,90.64,85.96,90.86,77.47,94.28,85.11,81.56,84.03,93.53,90.3,84.07,90.32,94.21,89.99,83.49,89.08,89.06,84.35,91.39,81.38,88.61,89.03,95.23,91.66,96.68,89.3,86.19,87.36,90.53,77.94,90.34,85.0,90.52,77.61,88.15,77.01,72.05,77.19,87.99,80.47,90.33,78.89,93.06,94.42,90.34,89.29,94.26,88.38,75.1,90.26,82.63,80.9,96.87,88.35,81.73,84.34,82.49,100.0,77.69,73.53,70.17,62.14,58.43,74.71,91.34,78.93,81.2,83.25,90.82,81.71,83.34,91.64,100.0,87.08,91.15,80.77,79.42,85.64,92.83,79.55,99.48,98.27,85.92,63.95,76.55,83.53,70.78,84.07,63.7,90.0,79.96,84.65,83.79,87.02,86.03,83.13,83.57,76.87,75.17,78.51,75.13,73.4,76.52,66.98,66.56,79.69,75.54,87.86,68.21,82.11,72.44,78.86,89.94,76.38,85.8,63.79,85.6,73.54,75.46,79.92,74.93,70.2,72.92,75.4,78.4,80.28,99.05,93.36,98.55,92.91,95.91,93.27,99.14,97.82,90.91,94.92,95.44,85.7,81.8,86.9,85.94,85.21,93.4,87.34,99.45,88.59,81.97,92.07,88.28,88.79,98.6,99.01,92.25,99.82,90.87,89.3,96.01,86.19,77.72,83.25,79.95,74.86,86.97,80.59,73.15,75.75,76.54,77.48,86.5,82.7,79.33,73.05,86.88,77.17,79.07,93.02,86.79,77.46,91.97,84.93,76.69,82.35,92.77,82.92,82.41,74.67,89.7,91.0,97.43,76.87,79.2,68.2,88.59,83.19,97.17,87.94,88.51,97.35,84.24,92.81,82.66,99.68,98.6,88.0,91.1,79.32,94.83,87.99,81.63,84.87,83.33,84.01,95.09,85.51,86.81,90.4,87.2,86.89,98.09,100.0,92.51,89.04,91.75,92.3,75.45,86.77,95.86,76.52,82.08,90.9,72.59,87.03,80.82,81.32,90.76,86.91,83.62,89.1,91.92,88.03,90.77,86.43,79.24,86.13,78.72,90.69,86.55,94.4,91.48,81.19,87.04,75.44,93.88,87.1,85.65,78.34,81.55,85.04,88.87,73.21,82.15,99.23,100.0,90.22,99.53,87.59,96.77,97.84,90.99,85.64,87.78,87.21,91.12,98.3,87.06,95.34,84.37,95.77,77.11,67.07,84.24,95.6,87.03,87.05,85.89,92.01,84.3,89.23,94.19,82.8,93.91,89.5,92.37,93.26,73.01,88.61,82.54,82.99,87.98,96.26,92.58,84.93,88.27,93.54,59.8,61.35,69.62,72.93,66.38,75.74,84.23,78.84,81.67,82.11,89.31,88.66,80.75,87.13,93.47,100.0,88.97,82.16,91.92,85.18
1040500140,Telkom University Jakarta,82.37,93.38,94.95,75.99,96.41,84.09,78.01,91.34,87.94,82.83,85.9,95.29,74.54,86.14,93.62,85.15,88.1,78.86,82.96,88.04,99.06,89.18,84.69,86.66,75.45,85.99,70.89,69.53,85.38,87.34,85.88,74.09,68.63,68.76,84.72,75.46,73.41,88.21,81.36,92.9,89.83,72.95,86.48,94.72,100.0,97.09,93.94,87.66,97.81,96.16,100.0,86.97,95.38,89.82,86.88,78.42,91.51,87.92,100.0,94.94,77.36,75.54,90.4,82.55,90.08,81.35,69.58,73.5,90.6,77.62,85.86,87.86,93.41,94.98,86.59,87.82,87.68,81.97,81.8,78.29,76.92,80.48,77.07,77.58,77.97,83.57,86.14,85.4,82.06,79.34,68.95,82.12,78.35,81.05,87.82,92.13,88.35,94.54,90.62,92.82,94.88,73.74,84.1,75.53,73.1,88.2,73.07,82.52,84.6,79.47,66.0,77.99,79.69,88.69,75.15,74.63,75.77,70.02,92.84,82.74,70.82,80.1,84.2,71.09,84.35,78.0,82.91,71.48,80.81,74.13,73.68,79.85,75.63,91.0,78.49,84.26,71.0,83.49,82.53,88.14,87.38,100.0,97.61,92.2,94.75,87.97,93.2,86.84,93.5,87.32,100.0,84.94,97.53,85.49,94.86,90.04,95.31,93.23,88.6,88.51,82.45,73.57,87.59,84.4,86.29,87.03,83.78,93.05,94.55,88.19,88.14,87.55,84.51,83.42,100.0,94.92,81.09,87.91,89.97,85.85,90.57,90.97,84.26,92.17,87.06,92.04,99.22,87.42,92.25,94.6,90.93,91.09,92.28,94.76,68.42,75.52,75.34,74.36,75.22,91.96,88.76,90.69,83.95,87.13,76.5,84.64,88.67,89.96,75.14,77.39,90.57,88.39,85.74,89.56,86.75,94.54,93.06,98.64,88.42,100.0,86.74,93.05,90.94,89.88,91.18,93.61,88.83,88.01,71.45,84.06,85.96,83.68,80.58,97.41,76.31,82.71,86.52,90.21,85.89,79.32,75.33,75.07,79.51,71.98,82.99,89.68,86.86,79.04,80.45,74.85,87.24,85.71,85.21,86.4,76.59,79.75,75.53,74.6,71.4,85.14,83.45,81.68,100.0,88.98,87.1,98.52,84.07,100.0,81.08,94.18,78.11,87.55,97.25,74.16,87.83,78.94,92.08,83.1,86.04,86.53,86.78,94.11,80.99,73.73,91.21,76.56,82.37,73.2,70.39,80.71,83.6,83.7,71.95,67.91,74.8,81.51,84.57,72.78,94.68,73.89,86.63,81.66,84.51,89.22,87.65,83.57,89.91,80.65,85.38,98.78,90.57,91.58,76.52,84.92,91.14,82.28,85.81,90.34,90.39,93.66,100.0,94.58,89.73,88.25,94.06
1040500141,Telkom University Jakarta,49.72,72.74,62.86,54.1,45.01,64.69,51.71,57.12,58.03,61.17,60.87,70.47,65.14,63.01,54.96,57.32,56.87,67.16,58.09,54.33,64.91,51.8,57.22,68.57,63.58,65.41,73.61,59.82,58.76,61.74,60.56,63.3,52.68,60.56,56.37,62.56,55.85,53.69,53.6,55.46,57.45,56.99,61.41,61.53,59.1,41.17,37.34,45.33,33.49,52.91,44.32,52.16,38.57,50.01,56.08,51.32,58.28,64.08,55.19,45.25,80.46,65.84,58.98,66.12,54.07,61.88,56.56,50.23,45.83,40.92,57.08,50.03,59.76,54.02,55.59,57.29,58.9,57.42,59.98,53.03,53.23,68.58,58.87,57.04,53.57,51.18,64.33,57.7,59.08,66.49,61.39,58.16,62.03,60.72,74.23,68.66,61.19,59.68,55.39,58.49,56.46,51.68,62.96,54.49,50.86,53.07,50.97,50.35,55.11,51.69,53.82,49.44,50.56,53.9,46.34,57.63,45.31,46.65,52.53,49.13,55.83,41.36,43.18,50.61,58.46,51.1,59.76,58.68,62.71,62.19,67.09,64.25,65.65,55.28,62.12,62.87,63.01,71.36,65.63,72.13,61.41,72.06,61.51,67.61,51.75,64.52,69.04,60.06,46.31,45.46,52.34,55.27,51.15,49.92,55.46,47.35,47.9,47.3,53.42,63.87,57.87,60.35,61.94,65.14,64.48,63.15,62.88,77.78,65.31,56.53,60.31,59.5,62.59,61.78,63.7,56.52,59.84,56.14,60.65,61.1,62.44,57.93,60.04,65.06,61.34,61.13,52.83,66.63,51.61,47.86,49.54,58.92,50.85,60.34,59.26,61.28,66.08,75.45,61.41,70.23,59.19,61.97,63.85,53.81,62.2,61.2,60.5,61.2,55.12,53.86,64.1,61.43,60.68,61.12,57.7,70.57,65.72,53.63,62.86,69.55,67.6,62.97,52.49,59.61,79.65,61.86,71.34,68.71,48.61,46.13,49.53,44.66,53.71,42.79,56.78,70.58,61.89,56.81,70.39,59.48,67.77,69.58,55.01,49.88,65.09,50.56,55.81,49.62,61.55,63.99,54.87,69.07,56.52,62.47,50.82,59.78,65.86,50.74,49.37,50.37,60.56,53.81,56.53,62.72,45.49,63.69,74.47,60.4,68.11,57.13,51.9,48.43,50.65,44.14,44.84,44.02,58.84,54.2,47.92,60.61,57.07,53.74,61.31,60.03,61.3,54.53,64.31,62.58,69.85,79.31,66.72,62.63,63.84,50.76,58.64,51.59,57.05,51.23,51.91,57.72,58.69,62.51,71.14,58.68,63.53,55.32,63.86,69.57,66.51,58.93,61.52,66.14,53.37,68.76,51.99,54.69,55.37,55.32,59.38,66.68,62.52,64.29,51.35,57.54,63.5
1040500142,Telkom University Jakarta,81.37,85.28,96.35,96.96,88.77,96.14,87.76,90.27,81.43,76.45,65.67,77.7,86.87,69.76,80.76,71.07,82.05,73.77,76.67,85.86,76.82,76.24,80.39,100.0,92.4,100.0,81.64,83.64,81.95,95.34,75.91,78.82,80.43,86.26,72.97,88.16,83.44,92.47,90.19,99.18,87.11,81.27,88.11,77.05,75.68,73.14,76.67,82.33,82.18,81.9,87.46,69.84,78.44,73.65,83.63,83.71,81.99,86.57,82.06,79.24,87.82,88.0,84.21,84.14,85.72,73.84,86.03,68.39,95.6,93.0,87.69,80.12,89.14,90.46,95.05,92.2,78.23,87.25,76.82,85.95,87.81,91.68,90.87,89.4,89.27,93.08,79.67,79.96,75.53,78.24,99.18,81.25,89.22,81.73,76.84,91.68,82.16,91.66,94.81,89.8,96.07,78.74,90.52,82.09,79.78,77.44,82.27,76.81,69.61,84.22,81.99,61.58,80.73,76.65,73.6,90.14,76.2,93.0,81.7,77.37,65.68,77.22,78.34,75.6,75.34,81.89,78.21,65.64,81.24,89.77,78.75,87.49,76.08,81.22,82.94,86.29,76.01,81.51,79.24,80.53,80.52,75.64,79.73,77.97,76.18,79.3,82.74,71.94,98.01,82.12,85.52,81.78,90.19,85.5,88.07,92.7,87.4,78.91,89.12,69.82,68.46,86.87,70.63,75.71,68.1,78.07,91.08,98.1,79.24,81.01,86.91,80.17,77.37,81.66,77.84,79.06,84.78,69.7,89.57,84.74,86.55,83.86,86.1,75.6,72.93,73.17,86.35,97.87,73.4,71.78,80.72,85.54,84.26,80.28,93.5,100.0,96.65,95.51,95.87,94.13,77.05,85.31,76.41,83.22,87.36,97.38,93.96,90.93,86.84,98.26,100.0,84.32,93.69,88.83,84.24,80.08,75.66,68.64,81.14,89.1,92.14,83.57,64.61,78.01,81.0,84.31,74.02,79.03,78.3,77.75,74.97,72.32,84.32,92.73,87.71,96.72,96.25,82.18,77.33,91.6,92.35,95.55,92.18,100.0,88.99,92.72,91.2,100.0,89.73,93.3,82.73,84.53,88.71,79.32,88.41,92.05,89.48,80.4,90.02,92.35,97.28,91.27,81.73,87.68,79.32,85.24,83.91,86.57,90.93,87.39,80.74,79.81,85.62,83.19,93.72,85.28,90.31,89.03,87.58,77.12,89.06,72.61,67.52,70.6,70.43,68.08,75.7,80.04,83.08,76.45,76.45,95.31,85.68,82.51,77.45,84.66,85.72,96.54,86.24,86.55,75.33,91.99,84.29,76.62,86.47,88.4,77.54,73.27,83.06,85.77,100.0,96.53,93.94,99.13,86.11,90.56,87.33,84.22,86.54,85.69,74.6,87.31,84.91,86.43,81.53
1040500143,Telkom University Jakarta,76.65,83.8,85.99,71.08,73.59,79.47,76.16,79.86,85.74,92.25,89.74,90.24,77.27,79.04,88.71,83.35,89.18,82.91,90.14,85.28,85.43,87.71,89.35,72.02,86.25,79.31,81.9,80.96,89.09,74.98,75.38,81.72,80.58,78.05,86.29,80.02,79.85,100.0,92.03,90.78,85.57,79.93,79.77,97.06,85.7,74.23,71.79,63.21,76.26,77.13,80.34,70.15,68.24,62.23,63.69,60.96,85.69,92.83,91.55,83.67,78.84,82.52,78.36,82.51,85.92,84.18,88.69,99.24,95.28,85.89,93.99,93.1,95.13,78.26,85.02,87.42,75.17,87.95,81.06,85.22,84.64,84.25,82.1,82.47,88.47,74.77,91.45,97.88,97.8,86.33,82.37,88.01,84.51,92.36,87.03,93.12,84.96,81.48,95.18,100.0,90.51,87.65,78.65,79.26,82.64,81.35,81.32,75.75,82.55,82.18,70.66,73.27,85.33,86.9,77.39,83.65,73.55,84.99,83.98,87.5,82.03,89.84,81.06,76.63,85.36,77.26,83.89,82.74,76.11,89.51,73.69,87.48,85.12,92.17,81.7,84.34,87.97,86.99,100.0,76.75,98.56,82.5,89.55,96.73,78.65,92.18,79.51,86.9,87.1,78.54,79.96,83.81,85.43,96.92,78.6,96.19,79.76,81.42,87.15,98.43,98.24,97.31,78.68,99.45,99.68,81.75,77.26,85.17,96.87,87.52,76.81,77.02,76.91,80.68,84.29,80.82,83.27,71.08,83.7,85.45,87.02,75.05,80.14,81.51,82.79,85.27,88.23,81.17,79.9,90.94,100.0,88.6,83.43,99.38,79.83,91.63,83.64,86.44,90.51,83.3,60.42,71.22,67.27,69.72,85.3,84.46,75.17,85.62,87.45,73.88,92.7,84.22,84.28,73.03,83.97,87.05,87.58,80.05,82.26,81.13,82.82,83.62,93.01,88.39,82.77,99.57,95.29,79.06,86.05,90.42,90.17,82.6,73.31,81.74,67.05,90.38,80.49,86.34,92.83,91.96,88.04,98.74,94.84,79.55,78.27,90.66,80.55,85.74,70.32,70.77,82.15,76.62,78.84,79.54,74.98,74.68,80.08,82.48,74.11,78.74,84.27,84.89,91.79,80.7,84.44,100.0,83.02,84.35,82.58,94.41,99.09,87.68,84.11,81.38,81.68,87.0,88.71,81.29,80.38,74.99,91.56,79.61,94.8,92.68,81.63,86.19,96.1,99.65,97.79,88.46,88.19,68.05,75.42,66.02,83.79,86.57,83.48,98.99,88.68,100.0,73.34,77.22,71.59,75.31,77.13,74.88,86.69,92.1,89.38,86.34,87.1,91.25,87.67,97.28,87.0,86.28,86.86,91.34,83.85,91.98,85.97,87.04,84.23,93.37,85.01
1040500144,Telkom University Jakarta,61.75,58.83,51.05,62.9,43.0,61.69,50.08,46.96,53.45,45.4,53.25,61.81,62.59,58.53,59.63,63.13,56.4,53.95,48.46,52.94,63.91,53.56,63.28,68.61,67.01,64.31,54.43,72.17,54.57,69.67,59.39,62.55,69.84,52.77,74.07,60.37,52.78,59.99,62.74,54.59,49.57,69.32,58.24,59.42,60.57,59.7,57.56,68.86,52.15,59.11,62.2,58.98,49.2,55.02,62.36,60.66,44.75,64.01,53.82,55.15,51.22,47.08,72.21,61.84,50.48,48.79,44.32,58.33,65.14,64.64,50.7,61.78,64.19,57.66,61.04,60.06,47.18,49.72,53.21,52.45,57.8,59.37,64.67,67.8,66.4,66.48,44.48,58.93,51.12,60.31,38.63,62.48,49.91,44.33,60.95,56.82,62.49,52.86,58.1,56.38,61.15,66.68,50.57,70.65,64.65,67.98,62.01,62.89,60.59,71.61,61.52,59.02,57.12,63.62,67.87,60.62,66.23,69.95,61.34,71.81,59.58,70.79,62.52,47.78,62.35,67.71,61.33,58.8,66.43,64.82,68.93,51.75,58.33,62.99,56.8,66.24,61.23,63.1,63.81,37.05,45.81,51.93,50.26,49.86,53.77,50.77,55.39,47.33,55.61,59.3,62.06,57.04,59.69,55.07,55.09,45.68,53.18,49.38,56.0,71.86,62.52,59.51,56.21,75.38,67.02,52.09,61.6,59.88,57.37,63.51,57.69,59.79,53.72,57.37,66.84,62.59,59.21,53.8,57.53,58.78,60.79,61.86,66.18,58.57,54.85,56.23,49.85,56.58,58.6,55.46,43.98,38.66,40.3,49.27,52.11,57.05,42.67,58.7,65.67,65.96,73.96,55.37,65.71,61.11,58.98,60.41,73.14,56.97,72.41,58.1,63.9,60.31,45.86,55.28,57.16,58.53,56.57,64.49,59.9,54.22,67.22,68.5,67.49,58.45,55.31,63.23,64.95,75.92,53.39,59.93,57.06,59.59,61.04,57.07,59.51,57.48,49.67,55.39,64.98,46.78,55.7,58.12,46.9,60.32,48.67,60.45,57.79,58.51,58.39,64.42,67.63,63.32,55.13,59.95,56.51,62.15,46.75,48.81,62.01,65.48,66.16,48.84,54.51,47.92,64.03,72.3,51.96,44.47,48.63,61.28,57.18,47.48,49.92,51.72,58.84,40.57,41.75,53.39,57.28,53.71,59.09,62.54,64.08,55.05,46.07,59.09,61.37,58.64,65.73,42.83,51.32,57.63,57.0,60.89,45.82,55.6,56.59,52.5,51.73,45.32,52.03,43.92,54.75,53.22,43.43,55.51,59.9,69.57,58.76,58.37,58.44,72.07,55.8,56.23,58.7,46.9,45.29,60.37,59.92,51.42,55.46,67.02,68.82,67.12,68.33
1040500145,Telkom University Jakarta,95.56,95.9,96.12,87.23,100.0,87.7,100.0,96.81,80.17,77.37,88.32,84.73,74.02,75.11,86.04,86.05,79.85,77.65,82.4,88.56,77.32,81.04,89.33,89.84,79.67,85.56,82.45,84.99,100.0,89.06,100.0,93.41,85.63,82.08,94.67,74.94,82.27,92.97,99.91,95.63,100.0,87.85,88.01,93.56,95.88,89.45,89.68,87.37,89.34,79.85,82.68,84.04,82.59,85.37,97.82,85.44,87.72,80.36,93.41,85.78,83.23,91.5,82.04,95.83,84.47,68.22,81.07,78.86,83.35,72.8,77.85,87.34,78.28,68.04,66.88,68.77,93.72,82.25,90.21,96.41,95.0,97.59,82.59,69.32,82.61,84.88,84.45,84.75,86.03,85.17,87.75,85.11,80.23,80.08,80.71,78.14,81.82,78.26,82.76,76.32,89.42,95.58,90.56,95.33,90.23,98.89,89.01,96.59,86.12,92.6,90.95,86.08,96.2,98.07,87.44,86.86,90.51,93.98,96.72,99.05,100.0,100.0,91.01,97.03,95.02,94.64,95.96,97.19,100.0,95.04,91.63,85.19,94.75,100.0,93.04,85.74,100.0,91.13,96.51,83.08,79.94,85.75,88.36,92.05,85.81,90.78,87.65,83.66,96.27,87.78,99.37,87.03,94.56,86.06,92.28,96.38,96.37,86.23,100.0,92.66,83.25,93.59,72.51,96.27,86.94,78.79,79.11,92.94,83.22,94.56,100.0,88.07,97.79,100.0,98.96,91.64,88.76,96.74,98.93,93.47,87.09,99.61,91.94,94.71,99.85,92.18,100.0,95.84,95.15,90.79,86.54,75.56,76.4,88.06,71.23,83.27,73.35,87.23,81.3,67.67,88.08,76.78,86.55,80.92,78.32,72.09,86.37,75.83,88.92,95.5,75.95,73.97,82.29,69.56,82.76,96.09,93.74,93.69,100.0,100.0,78.93,95.68,98.19,93.73,87.61,99.89,94.65,90.56,79.07,88.63,80.79,78.22,90.65,80.41,71.77,93.11,88.61,84.58,83.32,100.0,94.53,94.75,88.97,97.62,93.18,94.51,92.58,90.48,81.65,87.78,87.27,85.74,88.75,87.67,90.34,96.26,82.41,93.11,84.33,82.05,97.49,83.14,72.91,76.04,68.74,73.51,76.41,72.98,79.73,70.6,98.94,96.15,96.83,99.91,93.76,100.0,92.68,94.52,91.95,87.85,79.41,88.33,89.71,98.89,82.9,91.24,93.99,97.19,99.77,95.27,85.92,79.95,74.16,87.33,72.68,93.5,96.46,84.91,82.97,84.54,78.14,94.36,77.45,84.28,73.95,96.85,79.55,89.58,88.54,89.07,83.19,76.23,92.76,86.19,81.62,77.24,81.88,87.09,83.63,71.31,85.27,90.52,81.32,88.69,85.37
1040500146,Telkom University Jakarta,76.82,90.29,85.79,89.27,96.38,85.79,82.24,89.56,75.13,78.38,85.36,78.94,79.08,86.5,84.79,79.4,68.17,84.94,79.21,76.23,93.94,85.23,79.59,79.11,92.05,99.17,83.12,78.92,85.87,81.32,87.04,81.89,77.11,69.51,92.27,82.63,78.0,69.76,76.76,69.93,72.74,82.83,75.72,81.85,92.92,82.38,63.37,70.68,73.2,70.46,78.96,80.97,85.85,70.87,69.15,71.5,82.87,92.12,93.63,87.43,77.87,86.55,84.17,89.88,84.15,83.43,85.67,84.04,90.36,86.57,91.47,91.5,91.61,97.78,88.66,100.0,75.77,89.02,88.26,96.25,93.99,87.07,87.37,91.88,88.62,94.57,87.26,88.93,86.09,87.38,87.41,93.94,70.06,83.13,75.74,83.64,82.77,74.91,78.39,83.73,74.49,81.74,81.95,82.7,73.38,74.43,89.88,81.25,77.29,78.69,75.26,66.45,76.49,72.91,79.1,74.8,77.51,78.79,67.86,81.55,80.83,79.17,81.34,75.02,76.71,76.01,80.8,86.37,91.33,86.44,85.48,92.34,94.2,79.52,81.14,90.46,92.36,98.3,100.0,73.54,87.79,78.04,77.26,76.57,87.04,76.12,81.15,84.82,100.0,87.13,100.0,91.44,86.49,94.87,83.93,91.39,95.24,79.39,67.78,68.2,58.66,69.99,72.39,67.7,71.41,89.07,87.53,78.22,81.71,77.39,83.88,87.2,65.1,72.71,82.04,76.1,86.67,84.7,69.26,84.65,80.76,89.55,66.71,80.63,75.99,88.49,93.73,78.13,88.25,85.22,100.0,95.25,90.01,87.81,79.75,81.11,85.44,90.27,83.76,91.19,92.49,78.92,85.09,96.96,96.34,90.06,84.78,100.0,95.25,94.57,78.76,80.91,97.49,85.92,85.39,86.06,77.5,83.67,96.17,81.36,78.53,87.8,100.0,85.51,88.58,88.37,86.54,80.4,83.59,72.84,92.0,85.37,76.97,80.52,84.43,91.35,81.97,78.33,87.36,86.96,92.61,95.78,94.49,74.53,75.57,77.3,78.34,73.29,100.0,96.4,100.0,98.16,84.39,89.27,95.2,92.92,95.93,94.46,100.0,96.49,88.01,90.9,96.22,93.78,76.06,92.02,85.86,91.04,81.08,86.44,88.23,91.37,90.93,84.09,91.39,94.69,81.49,74.45,91.39,75.0,73.09,78.01,90.55,85.48,88.21,88.29,80.6,89.66,85.95,74.15,80.71,85.24,87.39,84.1,78.25,83.99,81.11,80.53,89.4,90.85,95.46,78.43,83.44,87.61,79.98,97.65,95.86,100.0,95.55,81.29,70.03,76.8,83.77,85.28,72.3,52.78,84.5,65.39,92.06,81.54,89.64,66.29,91.8,84.33,78.57
1040500147,Telkom University Jakarta,85.83,82.12,76.22,75.7,88.81,80.83,82.93,76.36,88.95,93.31,82.8,84.87,96.53,99.81,85.43,89.19,88.97,97.5,90.18,92.64,86.04,83.04,94.43,84.15,91.38,94.26,89.61,79.59,92.0,87.26,87.81,85.41,98.15,86.6,95.18,99.48,88.35,89.93,95.04,87.57,88.43,90.79,77.05,79.99,95.29,72.88,79.26,70.72,66.28,71.0,72.68,82.39,77.23,79.22,73.21,67.94,99.87,89.99,100.0,91.14,70.35,70.97,87.94,63.34,71.76,67.16,85.44,81.75,95.02,92.4,90.7,87.17,89.0,74.21,85.51,90.09,92.19,92.73,82.82,84.47,85.81,87.53,73.7,95.68,86.71,87.25,90.62,98.23,90.08,88.27,96.34,76.79,88.48,87.34,79.34,82.76,81.17,88.6,75.45,74.37,57.28,93.11,86.85,100.0,97.91,97.66,70.7,95.26,89.86,93.62,95.95,87.42,95.58,92.27,100.0,91.93,96.9,90.78,97.59,82.45,86.23,85.34,84.4,93.47,96.47,84.42,87.04,94.84,83.31,91.58,93.2,87.62,94.47,95.49,84.84,93.18,87.74,95.72,80.33,84.63,81.36,88.18,96.26,87.0,87.12,78.24,88.64,89.48,84.97,80.87,78.88,82.98,83.68,91.17,100.0,89.03,79.77,93.74,75.69,85.2,76.06,76.78,84.42,75.92,75.95,84.73,82.16,81.27,70.07,82.09,75.66,75.8,84.98,81.59,66.73,76.52,73.79,74.28,74.31,70.66,79.29,63.99,80.26,79.4,72.14,63.18,75.91,77.17,69.2,75.24,97.46,90.18,99.82,87.0,86.64,89.34,90.98,88.11,89.95,78.57,77.38,77.48,77.13,74.52,100.0,81.42,100.0,79.66,89.33,88.08,85.71,88.25,78.25,87.97,98.35,94.45,93.07,86.83,82.31,98.21,89.8,82.58,93.45,96.22,84.95,86.8,84.51,87.82,70.41,80.31,69.92,89.85,66.74,63.89,70.51,75.79,67.97,79.09,82.83,98.14,82.26,90.54,91.79,77.99,92.62,87.65,71.39,76.19,77.09,93.36,73.12,92.71,94.41,68.35,90.73,88.44,76.19,88.1,86.54,83.01,89.7,84.8,78.64,88.04,82.72,95.03,83.37,80.91,99.72,83.77,85.61,77.65,92.37,94.95,82.63,78.19,85.72,76.05,82.49,90.53,78.9,90.78,92.44,94.64,86.77,87.82,100.0,93.9,88.94,90.56,77.76,90.33,86.69,91.47,91.73,78.91,73.94,74.52,82.96,75.02,100.0,100.0,90.48,91.03,87.56,84.82,86.78,73.64,86.18,76.53,81.98,77.59,81.34,64.88,100.0,91.64,82.27,93.86,89.31,98.47,88.14,88.52,90.06,89.35,83.71
1040500148,Telkom University Jakarta,72.22,74.01,70.88,83.31,86.17,81.66,64.07,77.22,86.74,82.77,77.19,92.65,79.42,78.38,88.33,86.43,79.93,77.75,77.48,82.39,86.53,74.73,77.98,70.24,65.96,67.52,89.17,69.57,65.39,68.6,71.76,67.43,57.24,54.56,66.51,51.67,68.62,73.66,65.51,77.7,75.39,85.29,86.29,81.78,84.32,74.24,72.07,73.8,76.6,71.47,81.66,69.99,72.17,72.11,73.65,74.42,64.32,71.88,59.53,78.49,72.57,67.94,81.1,70.18,70.44,79.06,81.01,81.6,66.21,64.09,59.18,72.57,71.58,83.15,75.64,83.94,72.46,69.01,84.38,66.88,57.92,87.93,80.18,83.74,80.64,72.08,83.66,76.9,80.15,71.75,63.92,69.13,73.69,73.55,73.03,75.19,83.05,87.2,67.03,69.39,68.95,69.5,65.88,71.5,69.58,69.09,74.89,71.23,69.39,67.1,75.94,71.19,70.71,75.28,61.56,71.58,72.35,66.13,71.75,64.27,65.08,68.13,65.57,63.62,65.13,72.73,64.71,69.02,78.94,69.72,74.13,75.4,71.1,80.2,82.75,81.29,86.95,78.59,74.5,67.67,67.71,62.02,65.52,75.34,62.82,74.83,64.02,72.03,64.9,67.34,83.07,63.31,72.75,72.77,67.62,70.03,73.65,64.24,89.96,90.07,81.05,86.28,89.71,79.66,96.57,70.84,81.57,75.15,74.49,51.06,64.12,68.69,76.08,71.53,58.27,62.85,67.1,62.49,62.62,61.91,74.47,63.86,72.47,82.49,76.22,62.21,73.14,68.79,69.59,67.29,76.28,73.58,77.9,91.06,73.64,63.67,64.18,71.12,82.58,85.82,78.89,70.05,86.04,78.48,72.83,64.17,81.84,69.43,75.64,70.52,79.34,86.95,67.31,76.36,74.73,80.83,72.94,88.77,76.34,79.64,82.25,90.07,73.19,76.54,84.97,83.93,82.95,81.31,50.74,62.55,67.31,69.06,78.13,68.1,66.74,64.66,69.62,71.69,76.53,78.08,73.6,82.8,77.91,80.77,70.33,69.68,84.28,72.59,65.77,63.47,67.5,71.61,66.33,67.9,66.83,71.59,74.61,71.27,63.41,72.98,66.68,74.4,78.48,73.55,77.3,80.71,80.85,76.24,87.27,89.68,71.84,83.5,75.59,78.46,68.66,71.44,70.25,65.86,71.89,88.68,78.79,85.69,76.0,79.84,83.06,73.94,81.02,78.46,82.56,85.12,78.01,77.36,62.75,83.29,89.25,71.35,71.46,61.27,71.26,67.53,83.55,84.03,79.67,83.93,76.1,68.17,78.8,75.08,74.72,86.5,72.16,69.62,72.54,74.28,76.75,77.31,72.6,67.11,87.66,86.83,87.03,75.97,75.15,70.15,75.25
1040500149,Telkom University Jakarta,54.1,49.08,65.85,62.09,60.6,53.61,54.43,61.75,46.23,64.1,52.6,52.86,68.41,59.07,45.59,63.95,53.94,61.37,58.67,54.39,59.16,43.96,53.1,52.06,47.12,66.92,65.69,58.08,59.17,58.63,52.34,53.19,54.83,59.08,50.62,55.4,51.24,55.5,62.29,56.79,45.49,60.71,56.18,50.84,59.31,63.72,57.13,57.37,62.57,61.47,45.06,57.77,49.59,53.08,48.01,54.76,42.58,58.85,48.25,60.26,71.57,66.79,62.96,45.39,65.88,61.45,53.17,66.6,60.77,62.11,74.32,68.07,60.35,64.08,59.54,55.63,59.52,61.1,74.14,50.99,54.28,50.67,42.83,44.39,44.77,44.35,65.2,56.32,61.91,61.9,51.99,56.34,55.69,68.1,71.34,71.42,61.98,60.73,56.89,52.64,50.98,69.57,61.49,64.57,69.23,68.53,66.97,59.64,66.19,64.11,67.03,69.44,62.72,64.15,64.82,58.25,65.82,62.04,72.69,62.77,67.06,67.71,64.62,69.42,72.24,67.92,64.52,46.26,50.62,50.3,59.35,42.32,55.09,53.68,47.94,50.35,61.41,43.1,50.98,49.34,43.75,56.21,62.33,60.62,65.99,58.24,74.37,56.41,45.97,48.65,50.08,50.32,51.1,58.92,59.14,53.8,64.7,45.45,53.1,44.61,50.7,46.79,45.48,53.16,43.36,62.94,57.69,56.32,56.98,43.47,61.92,60.05,50.88,73.67,66.94,62.25,56.3,62.37,57.69,64.38,68.33,58.32,53.12,49.81,47.09,63.95,65.87,60.05,62.32,49.47,61.39,51.47,64.91,61.07,57.73,57.41,64.5,63.62,62.81,58.35,53.2,48.89,50.93,48.96,51.69,59.78,57.82,57.41,68.62,61.58,63.48,54.01,64.93,63.34,53.33,53.27,61.8,64.59,52.42,66.75,59.57,64.59,62.7,61.27,59.83,64.56,70.38,60.5,57.56,72.58,58.46,67.0,62.66,59.23,70.43,54.23,60.72,66.0,46.15,57.48,50.95,55.29,47.34,62.97,50.64,57.65,47.22,54.7,56.12,75.78,65.86,64.35,67.17,64.53,50.08,68.67,58.67,70.48,76.6,63.97,79.08,57.29,51.66,53.27,52.76,55.65,54.82,66.7,57.89,53.18,58.67,52.74,56.41,55.53,43.48,60.47,62.65,59.85,57.14,57.55,62.4,64.11,62.15,55.45,51.83,49.79,52.62,63.18,54.3,56.06,66.31,52.34,51.5,49.45,48.06,62.76,55.6,49.05,54.47,58.01,59.92,50.95,67.17,44.74,52.12,62.28,69.98,56.55,58.43,50.64,38.65,50.19,49.41,57.46,46.22,55.23,62.28,62.21,51.27,55.31,64.56,43.45,56.22,46.46,41.96
1040500150,Telkom University Jakarta,56.85,52.53,56.74,56.98,69.04,51.93,61.83,61.75,49.82,49.23,49.47,47.82,55.51,52.86,56.46,51.39,47.12,55.97,61.05,47.35,48.93,58.75,56.98,54.49,50.06,61.31,58.76,46.67,55.69,70.73,59.54,49.25,57.99,61.32,59.94,67.21,53.79,42.2,60.25,47.94,53.66,60.8,46.85,46.04,56.49,66.55,70.86,64.38,60.71,69.11,65.62,65.13,60.66,72.92,65.58,63.05,46.41,50.14,54.74,47.79,57.75,65.84,62.34,56.54,61.65,67.03,67.67,61.25,56.64,55.14,54.23,58.69,61.62,57.19,64.75,61.99,60.44,57.64,56.74,58.38,67.7,55.62,59.73,57.33,57.31,63.8,46.27,62.2,50.88,67.85,42.14,49.84,51.39,40.86,58.28,41.68,53.72,58.96,73.96,72.56,60.38,70.63,61.36,52.79,58.79,64.79,74.17,60.25,66.57,52.28,56.03,54.4,52.05,53.49,65.08,72.15,59.63,57.36,60.07,58.61,54.66,63.72,68.82,67.34,61.34,73.68,67.58,59.07,57.09,50.22,64.36,44.98,55.57,51.35,54.25,54.71,66.61,59.49,46.76,65.63,58.25,64.82,65.66,58.68,56.29,60.29,73.86,52.9,77.38,72.16,59.07,68.29,70.41,62.38,51.18,57.98,68.47,66.56,54.0,34.65,55.24,55.57,47.49,44.9,42.81,56.23,53.39,47.77,59.62,53.54,63.52,46.35,63.61,58.2,61.19,60.73,62.53,57.81,66.62,60.14,55.75,53.68,53.44,48.37,41.3,58.63,55.94,38.95,53.39,52.87,57.91,53.59,56.08,51.37,69.4,47.51,56.01,64.0,51.47,47.88,57.4,51.9,52.24,53.31,53.93,58.41,66.86,61.79,65.24,62.4,54.19,58.68,56.5,62.14,65.63,52.58,53.93,70.69,56.93,62.59,65.71,59.42,51.01,48.26,56.16,59.03,51.09,61.98,56.07,50.83,55.02,47.79,40.44,51.61,50.14,43.3,51.88,53.53,43.84,45.18,47.92,55.84,50.17,59.71,62.34,56.67,66.66,69.25,48.25,50.41,48.61,57.87,56.0,51.87,51.18,52.33,49.04,53.51,59.65,58.21,45.44,48.34,44.09,52.75,42.64,36.33,40.71,56.02,49.24,45.82,63.19,50.46,49.14,55.97,54.16,55.52,60.65,50.25,56.41,35.64,54.43,51.78,46.49,54.17,50.83,72.53,59.18,60.37,68.4,49.03,65.92,67.14,61.16,58.63,61.01,54.99,49.9,61.89,57.53,52.13,49.5,54.65,52.45,53.46,50.6,60.82,69.52,61.45,67.92,60.5,59.15,67.08,62.42,55.15,51.0,52.98,56.93,52.98,45.45,47.97,41.85,56.33,71.22,63.78,51.19
