mata_kuliah,clo_parent,clo_id,clo_key,deskripsi,skill_domain_str,onet_reference,sub_clo_text,tipe,sub_clo_id_raw
ADOPSI TEKNOLOGI INFORMASI,CLO 1,CLO1-01,ADOPSI_TEKNOLOGI_INFORMASI__CLO1-01,Mampu menguraikan konsep difusi inovasi,Innovation & Digital Business,"Administration and Management (Knowledge, O*NET 30.3)",Mampu menguraikan konsep difusi inovasi,sub_clo,CLO1-1.1
ADOPSI TEKNOLOGI INFORMASI,CLO 1,CLO1-02,ADOPSI_TEKNOLOGI_INFORMASI__CLO1-02,Mampu menguraikan proses pengembangan dan penentuan inovasi,Innovation & Digital Business,"Administration and Management (Knowledge, O*NET 30.3)",Mampu menguraikan proses pengembangan dan penentuan inovasi,sub_clo,CLO1-2
ADOPSI TEKNOLOGI INFORMASI,CLO 1,CLO1-03,ADOPSI_TEKNOLOGI_INFORMASI__CLO1-03,Mampu menentukan kategorisasi adopter teknologi informasi,Innovation & Digital Business,"Administration and Management (Knowledge, O*NET 30.3)",Mampu menentukan kategorisasi adopter teknologi informasi,sub_clo,CLO1-3
ADOPSI TEKNOLOGI INFORMASI,CLO 1,CLO1-04,ADOPSI_TEKNOLOGI_INFORMASI__CLO1-04,Mampu menguraikan inovasi di organisasi,Innovation & Digital Business,"Administration and Management (Knowledge, O*NET 30.3)",Mampu menguraikan inovasi di organisasi,sub_clo,CLO1-4
ADOPSI TEKNOLOGI INFORMASI,CLO 2,CLO2-01,ADOPSI_TEKNOLOGI_INFORMASI__CLO2-01,Mampu menjabarkan atribut inovasi dan tingkat adopsi,Innovation & Digital Business,"Administration and Management (Knowledge, O*NET 30.3)",Mampu menjabarkan atribut inovasi dan tingkat adopsi,sub_clo,CLO2-1
ADOPSI TEKNOLOGI INFORMASI,CLO 2,CLO2-02,ADOPSI_TEKNOLOGI_INFORMASI__CLO2-02,Mampu menguraikan model-model difusi dan adopsi teknologi informasi,Innovation & Digital Business,"Administration and Management (Knowledge, O*NET 30.3)",Mampu menguraikan model-model difusi dan adopsi teknologi informasi,sub_clo,CLO2-2
ADOPSI TEKNOLOGI INFORMASI,CLO 3,CLO3-01,ADOPSI_TEKNOLOGI_INFORMASI__CLO3-01,Mampu menganalisis tingkat adopsi dari suatu studi kasus,Innovation & Digital Business,"Administration and Management (Knowledge, O*NET 30.3)",Mampu menganalisis tingkat adopsi dari suatu studi kasus,sub_clo,CLO3-1
ADOPSI TEKNOLOGI INFORMASI,CLO 3,CLO3-02,ADOPSI_TEKNOLOGI_INFORMASI__CLO3-02,Menganalisis strategi penerimaan teknologi informasi,Innovation & Digital Business,"Administration and Management (Knowledge, O*NET 30.3)",Menganalisis strategi penerimaan teknologi informasi,sub_clo,CLO3-2
ALGORITMA DAN PEMROGRAMAN,CLO 1,CLO1-01,ALGORITMA_DAN_PEMROGRAMAN__CLO1-01,"Mampu memahami sejarah, cara kerja dan perkembangan pemrograman komputer",Programming & Algorithm,"Computers and Electronics (Knowledge, O*NET 30.3)","Mampu memahami sejarah, cara kerja dan perkembangan pemrograman komputer",sub_clo,CLO1-01
ALGORITMA DAN PEMROGRAMAN,CLO 1,CLO1-02,ALGORITMA_DAN_PEMROGRAMAN__CLO1-02,Mampu memahami flowchart dan pseudocode,Programming & Algorithm,"Computers and Electronics (Knowledge, O*NET 30.3)",Mampu memahami flowchart dan pseudocode,sub_clo,CLO1-02
ALGORITMA DAN PEMROGRAMAN,CLO 1,CLO1-03,ALGORITMA_DAN_PEMROGRAMAN__CLO1-03,"Mampu memahami konsep variabel, tipe data, type casting, output dan comment pada pemrograman",Programming & Algorithm,"Computers and Electronics (Knowledge, O*NET 30.3)","Mampu memahami konsep variabel, tipe data, type casting, output dan comment pada pemrograman",sub_clo,CLO1-03
ALGORITMA DAN PEMROGRAMAN,CLO 1,CLO1-04,ALGORITMA_DAN_PEMROGRAMAN__CLO1-04,Mampu memahami konsep user input dan operator,Programming & Algorithm,"Computers and Electronics (Knowledge, O*NET 30.3)",Mampu memahami konsep user input dan operator,sub_clo,CLO1-04
ALGORITMA DAN PEMROGRAMAN,CLO 1,CLO1-05,ALGORITMA_DAN_PEMROGRAMAN__CLO1-05,Mampu memahami penggunaan konstruksi percabangan if-then- else,Programming & Algorithm,"Computers and Electronics (Knowledge, O*NET 30.3)",Mampu memahami penggunaan konstruksi percabangan if-then- else,sub_clo,CLO1-05
ALGORITMA DAN PEMROGRAMAN,CLO 1,CLO1-06,ALGORITMA_DAN_PEMROGRAMAN__CLO1-06,Mampu memahami penggunaan konstruksi percabangan switch case,Programming & Algorithm,"Computers and Electronics (Knowledge, O*NET 30.3)",Mampu memahami penggunaan konstruksi percabangan switch case,sub_clo,CLO1-06
ALGORITMA DAN PEMROGRAMAN,CLO 1,CLO1-07,ALGORITMA_DAN_PEMROGRAMAN__CLO1-07,Mampu memahami penggunaan kontruksi perulangan for dan while,Programming & Algorithm,"Computers and Electronics (Knowledge, O*NET 30.3)",Mampu memahami penggunaan kontruksi perulangan for dan while,sub_clo,CLO1-07
ALGORITMA DAN PEMROGRAMAN,CLO 1,CLO1-08,ALGORITMA_DAN_PEMROGRAMAN__CLO1-08,Mampu memahami penggunaan kontruksi perulangan bersarang,Programming & Algorithm,"Computers and Electronics (Knowledge, O*NET 30.3)",Mampu memahami penggunaan kontruksi perulangan bersarang,sub_clo,CLO1-08
ALGORITMA DAN PEMROGRAMAN,CLO 1,CLO1-09,ALGORITMA_DAN_PEMROGRAMAN__CLO1-09,"Mampu memahami konsep penggunaan variabel,tipe data, type casting, output, comment, user input, operator, percabangan dan perulangan dalam berbagai bahasa pemrograman",Programming & Algorithm,"Computers and Electronics (Knowledge, O*NET 30.3)","Mampu memahami konsep penggunaan variabel,tipe data, type casting, output, comment, user input, operator, percabangan dan perulangan dalam berbagai bahasa pemrograman",sub_clo,CLO1-09
ALGORITMA DAN PEMROGRAMAN,CLO 1,CLO1-10,ALGORITMA_DAN_PEMROGRAMAN__CLO1-10,Mampu memahami konsep penggunaan function,Programming & Algorithm,"Computers and Electronics (Knowledge, O*NET 30.3)",Mampu memahami konsep penggunaan function,sub_clo,CLO1-10
ALGORITMA DAN PEMROGRAMAN,CLO 1,CLO1-11,ALGORITMA_DAN_PEMROGRAMAN__CLO1-11,Mampu memahami konsep penggunaan array,Programming & Algorithm,"Computers and Electronics (Knowledge, O*NET 30.3)",Mampu memahami konsep penggunaan array,sub_clo,CLO1-11
ALGORITMA DAN PEMROGRAMAN,CLO 1,CLO1-12,ALGORITMA_DAN_PEMROGRAMAN__CLO1-12,Mampu memahami konsep dasar algoritma,Programming & Algorithm,"Computers and Electronics (Knowledge, O*NET 30.3)",Mampu memahami konsep dasar algoritma,sub_clo,CLO1-12
ALGORITMA DAN PEMROGRAMAN,CLO 1,CLO1-13,ALGORITMA_DAN_PEMROGRAMAN__CLO1-13,Mampu memahami konsep penggunaan debugging dan exception,Programming & Algorithm,"Computers and Electronics (Knowledge, O*NET 30.3)",Mampu memahami konsep penggunaan debugging dan exception,sub_clo,CLO1-13
ALGORITMA DAN PEMROGRAMAN,CLO 2,CLO2-01,ALGORITMA_DAN_PEMROGRAMAN__CLO2-01,Mampu memahami bagaimana merancang algoritma,Programming & Algorithm,"Computers and Electronics (Knowledge, O*NET 30.3)",Mampu memahami bagaimana merancang algoritma,sub_clo,CLO2-01
ALGORITMA DAN PEMROGRAMAN,CLO 3,CLO3-01,ALGORITMA_DAN_PEMROGRAMAN__CLO3-01,Mampu mengimplementasikan algoritma sederhana,Programming & Algorithm,"Computers and Electronics (Knowledge, O*NET 30.3)",Mampu mengimplementasikan algoritma sederhana,sub_clo,CLO3-01
ANALISIS DAN PERANCANGAN SISTEM INFORMASI,CLO 1,CLO1,ANALISIS_DAN_PERANCANGAN_SISTEM_INFORMASI__CLO1,"Mampu menjelaskan dasar-dasar konsep pengembangan sistem informasi, Mampu mengidentifikasi kebutuhan sistem informasi dalam konteks enterprise atau masyarakat, serta Mampu mengidentifikasi kebutuhan sistem informasi dalam konteks enterprise atau masyarakat",Enterprise Architecture & Integration | Business Process & Information Systems,"Administration and Management (Knowledge, O*NET 30.3) | Engineering and Technology (Knowledge, O*NET 30.3)","Mampu mengidentifikasi kebutuhan sistem informasi dalam konteks enterprise atau masyarakat, Mampu membuat perancangan sistem informasi untuk memenuhi kebutuhan organisasi menuju data- driven organization, Mampu menerapkan sikap adaptif dalam berbagai konteks profesional untuk mencapai tujuan bersama, serta Mampu menggunakan teknik, keahlian, dan perangkat dalam pengembangan aplikasi dan integrasinya dalam konteks kasus nyata",clo_level,CLO1
ANALISIS DAN PERANCANGAN SISTEM INFORMASI,CLO 1,CLO1-01,ANALISIS_DAN_PERANCANGAN_SISTEM_INFORMASI__CLO1-01,Mahasiswa mampu menjelaskan dasar-dasar konsep pengembangan sistem informasi Mampu mengidentifikasi kebutuhan sistem informasi dalam konteks enterprise atau masyarakat Mampu mengidentifikasi kebutuhan sistem informasi dalam konteks enterprise atau masyarakat,Enterprise Architecture & Integration | Business Process & Information Systems,"Administration and Management (Knowledge, O*NET 30.3) | Engineering and Technology (Knowledge, O*NET 30.3)",Mahasiswa mampu menjelaskan dasar-dasar konsep pengembangan sistem informasi Mampu mengidentifikasi kebutuhan sistem informasi dalam konteks enterprise atau masyarakat Mampu mengidentifikasi kebutuhan sistem informasi dalam konteks enterprise atau masyarakat,sub_clo,CLO1-01
ANALISIS DAN PERANCANGAN SISTEM INFORMASI,CLO 2,CLO2,ANALISIS_DAN_PERANCANGAN_SISTEM_INFORMASI__CLO2,Mampu membuat perancangan sistem informasi untuk memenuhi kebutuhan organisasi menuju data- driven organization,Software Engineering | Business Process & Information Systems | Human Resource Management,"Administration and Management (Knowledge, O*NET 30.3) | Engineering and Technology (Knowledge, O*NET 30.3) | Personnel and Human Resources (Knowledge, O*NET 30.3)","Mampu mengidentifikasi kebutuhan sistem informasi dalam konteks enterprise atau masyarakat, Mampu membuat perancangan sistem informasi untuk memenuhi kebutuhan organisasi menuju data- driven organization, Mampu menerapkan sikap adaptif dalam berbagai konteks profesional untuk mencapai tujuan bersama, serta Mampu menggunakan teknik, keahlian, dan perangkat dalam pengembangan aplikasi dan integrasinya dalam konteks kasus nyata",clo_level,CLO2
ANALISIS DAN PERANCANGAN SISTEM INFORMASI,CLO 3,CLO3,ANALISIS_DAN_PERANCANGAN_SISTEM_INFORMASI__CLO3,"Mampu mengidentifikasi kebutuhan sistem informasi dalam konteks enterprise atau masyarakat, Mampu membuat perancangan sistem informasi untuk memenuhi kebutuhan organisasi menuju data- driven organization, Mampu menerapkan sikap adaptif dalam berbagai konteks profesional untuk mencapai tujuan bersama, serta Mampu menggunakan teknik, keahlian, dan perangkat dalam pengembangan aplikasi dan integrasinya dalam konteks kasus nyata",Web Development | Data Mining & Analytics | Software Engineering | Enterprise Architecture & Integration | Business Process & Information Systems | Human Resource Management | Professional & Soft Skills,"Active Listening + Speaking (Essential Skills, O*NET 30.3) | Administration and Management (Knowledge, O*NET 30.3) | Computers and Electronics (Knowledge, O*NET 30.3) | Computers and Electronics + Mathematics (Knowledge, O*NET 30.3) | Engineering and Technology (Knowledge, O*NET 30.3) | Personnel and Human Resources (Knowledge, O*NET 30.3)","Mampu mengidentifikasi kebutuhan sistem informasi dalam konteks enterprise atau masyarakat, Mampu membuat perancangan sistem informasi untuk memenuhi kebutuhan organisasi menuju data- driven organization, Mampu menerapkan sikap adaptif dalam berbagai konteks profesional untuk mencapai tujuan bersama, serta Mampu menggunakan teknik, keahlian, dan perangkat dalam pengembangan aplikasi dan integrasinya dalam konteks kasus nyata",clo_level,CLO3
ANALISIS DAN PERANCANGAN SISTEM INFORMASI,CLO 4,CLO4,ANALISIS_DAN_PERANCANGAN_SISTEM_INFORMASI__CLO4,"Mampu menggunakan teknik, keahlian, dan perangkat dalam pengembangan aplikasi dan integrasinya dalam konteks kasus nyata",Web Development | Data Mining & Analytics | Professional & Soft Skills,"Active Listening + Speaking (Essential Skills, O*NET 30.3) | Computers and Electronics (Knowledge, O*NET 30.3) | Computers and Electronics + Mathematics (Knowledge, O*NET 30.3)","Mampu mengidentifikasi kebutuhan sistem informasi dalam konteks enterprise atau masyarakat, Mampu membuat perancangan sistem informasi untuk memenuhi kebutuhan organisasi menuju data- driven organization, Mampu menerapkan sikap adaptif dalam berbagai konteks profesional untuk mencapai tujuan bersama, serta Mampu menggunakan teknik, keahlian, dan perangkat dalam pengembangan aplikasi dan integrasinya dalam konteks kasus nyata",clo_level,CLO4
ARSITEKTUR DAN PENGEMBANGAN BACKEND,CLO 1,CLO1-01,ARSITEKTUR_DAN_PENGEMBANGAN_BACKEND__CLO1-01,"Mahasiswa mampu menjelaskan dasar-dasar tentang jenis- jenis arsitektur backend dan juga konsep web service, REST serta microservice. Mahasiswa mampu menjelaskan tentang berbagai jenis format response untuk web service seperti JSON, XML, dsb",Web Development,"Computers and Electronics (Knowledge, O*NET 30.3)","Mahasiswa mampu menjelaskan dasar-dasar tentang jenis- jenis arsitektur backend dan juga konsep web service, REST serta microservice. Mahasiswa mampu menjelaskan tentang berbagai jenis format response untuk web service seperti JSON, XML, dsb",sub_clo,CLO1-1
ARSITEKTUR DAN PENGEMBANGAN BACKEND,CLO 1,CLO1-02,ARSITEKTUR_DAN_PENGEMBANGAN_BACKEND__CLO1-02,Mampu mengembangkan sistem web service untuk kasus komprehensif,Web Development,"Computers and Electronics (Knowledge, O*NET 30.3)",Mampu mengembangkan sistem web service untuk kasus komprehensif,sub_clo,CLO1-2
ARSITEKTUR DAN PENGEMBANGAN BACKEND,CLO 2,CLO2-02,ARSITEKTUR_DAN_PENGEMBANGAN_BACKEND__CLO2-02,Mahasiswa mampu menjelaskan tentang konsep microservice,Web Development,"Computers and Electronics (Knowledge, O*NET 30.3)",Mahasiswa mampu menjelaskan tentang konsep microservice,sub_clo,CLO2-2
ARSITEKTUR DAN PENGEMBANGAN BACKEND,CLO 2,CLO2-03,ARSITEKTUR_DAN_PENGEMBANGAN_BACKEND__CLO2-03,Mampu menggunakan kakas atau perangkat lunak terkini untuk mengembangkan microservice sederhana yang terhubung ke database,Web Development | Database & Data Management | Software Engineering,"Computers and Electronics (Knowledge, O*NET 30.3) | Engineering and Technology (Knowledge, O*NET 30.3)",Mampu menggunakan kakas atau perangkat lunak terkini untuk mengembangkan microservice sederhana yang terhubung ke database,sub_clo,CLO2-3
ARSITEKTUR DAN PENGEMBANGAN BACKEND,CLO 2,CLO2-05,ARSITEKTUR_DAN_PENGEMBANGAN_BACKEND__CLO2-05,Mampu mengembangkan deployment web service. Mampu melakukan evaluasi dan studi kasus terhadap beberapa sistem backed yang sudah pernah dikembangkan,Web Development,"Computers and Electronics (Knowledge, O*NET 30.3)",Mampu mengembangkan deployment web service. Mampu melakukan evaluasi dan studi kasus terhadap beberapa sistem backed yang sudah pernah dikembangkan,sub_clo,CLO2-5
ARSITEKTUR DAN PENGEMBANGAN BACKEND,CLO 3,CLO3-01,ARSITEKTUR_DAN_PENGEMBANGAN_BACKEND__CLO3-01,Mampu menggunakan kakas atau perangkat lunak terkini untuk digunakan sebagai bahasa dasar pemrograman dalam mengembangkan web service,Programming & Algorithm | Web Development | Software Engineering,"Computers and Electronics (Knowledge, O*NET 30.3) | Engineering and Technology (Knowledge, O*NET 30.3)",Mampu menggunakan kakas atau perangkat lunak terkini untuk digunakan sebagai bahasa dasar pemrograman dalam mengembangkan web service,sub_clo,CLO3-1
ARSITEKTUR DAN PENGEMBANGAN BACKEND,CLO 3,CLO3-03,ARSITEKTUR_DAN_PENGEMBANGAN_BACKEND__CLO3-03,Mampu menggunakan kakas atau perangkat lunak terkini untuk mengembangkan web service yang memiliki kemampuan untuk membaca data (READ) dari database dan mengembalikan response dengan format tertentu,Web Development | Database & Data Management | Software Engineering,"Computers and Electronics (Knowledge, O*NET 30.3) | Engineering and Technology (Knowledge, O*NET 30.3)",Mampu menggunakan kakas atau perangkat lunak terkini untuk mengembangkan web service yang memiliki kemampuan untuk membaca data (READ) dari database dan mengembalikan response dengan format tertentu,sub_clo,CLO3-3
ARSITEKTUR DAN PENGEMBANGAN BACKEND,CLO 3,CLO3-04,ARSITEKTUR_DAN_PENGEMBANGAN_BACKEND__CLO3-04,Mampu menggunakan kakas atau perangkat lunak terkini untuk autentifikasi dan fitur token pada web service,Web Development | Software Engineering,"Computers and Electronics (Knowledge, O*NET 30.3) | Engineering and Technology (Knowledge, O*NET 30.3)",Mampu menggunakan kakas atau perangkat lunak terkini untuk autentifikasi dan fitur token pada web service,sub_clo,CLO3-4
ARSITEKTUR DAN PENGEMBANGAN BACKEND,CLO 3,CLO3-05,ARSITEKTUR_DAN_PENGEMBANGAN_BACKEND__CLO3-05,Introducation to ugas Besar,Umum,Umum,Introducation to Tugas Besar,sub_clo,CLO3-5
ARSITEKTUR ENTERPRISE,CLO 1,CLO1-01,ARSITEKTUR_ENTERPRISE__CLO1-01,Mampu menganalisis kebutuhan arsitektur enterprise pada suatu organisasi,Enterprise Architecture & Integration,"Engineering and Technology (Knowledge, O*NET 30.3)",Mampu menganalisis kebutuhan arsitektur enterprise pada suatu organisasi,sub_clo,CLO1-01
ARSITEKTUR ENTERPRISE,CLO 2,CLO2-02,ARSITEKTUR_ENTERPRISE__CLO2-02,Mampu menggunakan teknik dan kakas dalam menyusun arsitektur enterprise,Enterprise Architecture & Integration,"Engineering and Technology (Knowledge, O*NET 30.3)",Mampu menggunakan teknik dan kakas dalam menyusun arsitektur enterprise,sub_clo,CLO2-02
ARSITEKTUR ENTERPRISE,CLO 3,CLO3-03,ARSITEKTUR_ENTERPRISE__CLO3-03,Mampu merancang arsitektur enteprise berdasarkan framework dan bahasa pemodelan yang terstandardisasi pada suatu studi kasus,Enterprise Architecture & Integration,"Engineering and Technology (Knowledge, O*NET 30.3)",Mampu merancang arsitektur enteprise berdasarkan framework dan bahasa pemodelan yang terstandardisasi pada suatu studi kasus,sub_clo,CLO3-03
ARSITEKTUR ENTERPRISE,CLO 3,CLO3-04,ARSITEKTUR_ENTERPRISE__CLO3-04,Mampu merancang arsitektur enterprise usulan yang sesuai dengan hasil identifikasi kebutuhan dan memiliki justifikasi yang tepat,Enterprise Architecture & Integration,"Engineering and Technology (Knowledge, O*NET 30.3)",Mampu merancang arsitektur enterprise usulan yang sesuai dengan hasil identifikasi kebutuhan dan memiliki justifikasi yang tepat,sub_clo,CLO3-04
BAHASA INGGRIS II,CLO 1,CLO1,BAHASA_INGGRIS_II__CLO1,"Mampu CLO-1 mampu menggunakan kalimat sederhana dan majemuk dalam present tense, present continuous, dan present perfect tense untuk menyajikan fakta- fakta menarik tentang keahlian yang mereka miliki dalam satu paragraf dengan tingkat kefasihan menulis ""intermediate-mid"" serta CLO-1 mampu menggunakan kalimat sederhana dan majemuk dalam present tense, present continuous, dan present perfect tense untuk menyajikan fakta- fakta menarik tentang keahlian yang mereka miliki dalam satu paragraf dengan tingkat kefasihan menulis ""intermediate-mid""",Statistics & Mathematics | Professional & Soft Skills,"Active Listening + Speaking (Essential Skills, O*NET 30.3) | Mathematics (Knowledge, O*NET 30.3)","Mampu CLO-1 mampu menggunakan kalimat sederhana dan majemuk dalam present tense, present continuous, dan present perfect tense untuk menyajikan fakta- fakta menarik tentang keahlian yang mereka miliki dalam satu paragraf dengan tingkat kefasihan menulis ""intermediate-mid"" serta CLO-1 mampu menggunakan kalimat sederhana dan majemuk dalam present tense, present continuous, dan present perfect tense untuk menyajikan fakta- fakta menarik tentang keahlian yang mereka miliki dalam satu paragraf dengan tingkat kefasihan menulis ""intermediate-mid""",clo_level,CLO1
BAHASA INGGRIS II,CLO 2,CLO2,BAHASA_INGGRIS_II__CLO2,"Mampu CLO-2 mampu menyatakan sudut pandang dengan bukti yang mendukung dan menarik terkait kreasi ciptaan teknologi mereka dalam 3-5 paragraf menggunakan present tense, present continous tense, present perfect tense dan past tense dengan tingkat kefasihan menulis intermediet-mid, CLO-2 mampu menyatakan sudut pandang dengan bukti yang mendukung dan menarik terkait kreasi ciptaan teknologi mereka dalam 3-5 paragraf menggunakan present tense, present continous tense, present perfect tense dan past tense dengan tingkat kefasihan menulis intermediet-mid, serta CLO-2 mampu menyatakan sudut pandang dengan bukti yang mendukung dan menarik terkait kreasi ciptaan teknologi mereka dalam 3-5 paragraf menggunakan present tense, present continous tense, present perfect tense dan past tense dengan tingkat kefasihan menulis intermediet-mid",Statistics & Mathematics | Professional & Soft Skills,"Active Listening + Speaking (Essential Skills, O*NET 30.3) | Mathematics (Knowledge, O*NET 30.3)","CLO-2 mampu menyatakan sudut pandang dengan bukti yang mendukung dan menarik terkait kreasi ciptaan teknologi mereka dalam 3-5 paragraf menggunakan present tense, present continous tense, present perfect tense dan past tense dengan tingkat kefasihan menulis intermediet-mid",clo_level,CLO2
BAHASA INGGRIS II,CLO 3,CLO3,BAHASA_INGGRIS_II__CLO3,"Mampu CLO-3 mampu mengungkapkan secara lisan kalimat sederhana, majemuk, dan kompleks dalam present tense, present continous tense, dan present perfect tense untuk menjelaskan fakta-fakta menarik tentang peran sistem informasi dalam kehidupan saat ini dalam bentuk presentasi. serta CLO-3 mampu mengungkapkan secara lisan kalimat sederhana, majemuk, dan kompleks dalam present tense, present continous tense, dan present perfect tense untuk menjelaskan fakta-fakta menarik tentang peran sistem informasi dalam kehidupan saat ini dalam bentuk presentasi",Business Process & Information Systems | Professional & Soft Skills,"Active Listening + Speaking (Essential Skills, O*NET 30.3) | Administration and Management (Knowledge, O*NET 30.3)","Mampu CLO-3 mampu mengungkapkan secara lisan kalimat sederhana, majemuk, dan kompleks dalam present tense, present continous tense, dan present perfect tense untuk menjelaskan fakta-fakta menarik tentang peran sistem informasi dalam kehidupan saat ini dalam bentuk presentasi. serta CLO-3 mampu mengungkapkan secara lisan kalimat sederhana, majemuk, dan kompleks dalam present tense, present continous tense, dan present perfect tense untuk menjelaskan fakta-fakta menarik tentang peran sistem informasi dalam kehidupan saat ini dalam bentuk presentasi",clo_level,CLO3
BAHASA INGGRIS II,CLO 4,CLO4,BAHASA_INGGRIS_II__CLO4,"Mampu CLO-4 mampu mengungkapkan secara lisan kalimat sederhana, majemuk, dan kompleks dalam present tense, past tense, present perfect dan past present perfect tense untuk menjelaskan fakta- fakta menarik tentang keahlian serta pengalaman yang mereka miliki dalam menjawab pertanyaan interview dengan baik., CLO-4 mampu mengungkapkan secara lisan kalimat sederhana, majemuk, dan kompleks dalam present tense, past tense, present perfect dan past present perfect tense untuk menjelaskan fakta- fakta menarik tentang keahlian serta pengalaman yang mereka miliki dalam menjawab pertanyaan interview dengan baik., serta CLO-4 mampu mengungkapkan secara lisan kalimat sederhana, majemuk, dan kompleks dalam present tense, past tense, present perfect dan past present perfect tense untuk menjelaskan fakta- fakta menarik tentang keahlian serta pengalaman yang mereka miliki dalam menjawab pertanyaan interview dengan baik",Professional & Soft Skills,"Active Listening + Speaking (Essential Skills, O*NET 30.3)","CLO-4 mampu mengungkapkan secara lisan kalimat sederhana, majemuk, dan kompleks dalam present tense, past tense, present perfect dan past present perfect tense untuk menjelaskan fakta- fakta menarik tentang keahlian serta pengalaman yang mereka miliki dalam menjawab pertanyaan interview dengan baik",clo_level,CLO4
CAPSTONE DESIGN AND PROJECT,CLO 1,CLO1-01,CAPSTONE_DESIGN_AND_PROJECT__CLO1-01,Mampu mengumpulkan data dan informasi yang relevan untuk mengidentifikasi permasalahan,Business Process & Information Systems | Research & Academic Writing,"Administration and Management (Knowledge, O*NET 30.3) | Critical Thinking + Writing (Essential Skills, O*NET 30.3)",Mampu mengumpulkan data dan informasi yang relevan untuk mengidentifikasi permasalahan,sub_clo,CLO1-01
CAPSTONE DESIGN AND PROJECT,CLO 1,CLO1-02,CAPSTONE_DESIGN_AND_PROJECT__CLO1-02,Mampu menganalisis dan memformulasikan permasalahan utama yang dihadapi,Research & Academic Writing,"Critical Thinking + Writing (Essential Skills, O*NET 30.3)",Mampu menganalisis dan memformulasikan permasalahan utama yang dihadapi,sub_clo,CLO1-02
CAPSTONE DESIGN AND PROJECT,CLO 2,CLO2-01,CAPSTONE_DESIGN_AND_PROJECT__CLO2-01,Mampu mengidentifikasi alternatif solusi berdasarkan analisis permasalahan,Research & Academic Writing,"Critical Thinking + Writing (Essential Skills, O*NET 30.3)",Mampu mengidentifikasi alternatif solusi berdasarkan analisis permasalahan,sub_clo,CLO2-01
CAPSTONE DESIGN AND PROJECT,CLO 2,CLO2-02,CAPSTONE_DESIGN_AND_PROJECT__CLO2-02,Mampu menyusun proposal proyek yang komprehensif dan terstruktur,Project Management,"Administration and Management (Knowledge, O*NET 30.3)",Mampu menyusun proposal proyek yang komprehensif dan terstruktur,sub_clo,CLO2-2
CAPSTONE DESIGN AND PROJECT,CLO 2,CLO2-03,CAPSTONE_DESIGN_AND_PROJECT__CLO2-03,Mampu merancang solusi sistem berdasarkan body of knowledge keilmuan dan standar keteknikan,Software Engineering,"Engineering and Technology (Knowledge, O*NET 30.3)",Mampu merancang solusi sistem berdasarkan body of knowledge keilmuan dan standar keteknikan,sub_clo,CLO2-03
CAPSTONE DESIGN AND PROJECT,CLO 2,CLO2-04,CAPSTONE_DESIGN_AND_PROJECT__CLO2-04,Mampu mengimplementasikan rancangan sistem sesuai dengan perencanaan yang telah disusun,Software Engineering,"Engineering and Technology (Knowledge, O*NET 30.3)",Mampu mengimplementasikan rancangan sistem sesuai dengan perencanaan yang telah disusun,sub_clo,CLO2-04
CAPSTONE DESIGN AND PROJECT,CLO 3,CLO3-01,CAPSTONE_DESIGN_AND_PROJECT__CLO3-01,Mampu memverifikasi dan memvalidasi hasil rancangan sistem sesuai standar yang berlaku,Software Engineering,"Engineering and Technology (Knowledge, O*NET 30.3)",Mampu memverifikasi dan memvalidasi hasil rancangan sistem sesuai standar yang berlaku,sub_clo,CLO3-01
CAPSTONE DESIGN AND PROJECT,CLO 4,CLO4-01,CAPSTONE_DESIGN_AND_PROJECT__CLO4-01,Mampu memanfaatkan teknologi informasi dalam menyelesaikan permasalahan yang dihadapi,Research & Academic Writing,"Critical Thinking + Writing (Essential Skills, O*NET 30.3)",Mampu memanfaatkan teknologi informasi dalam menyelesaikan permasalahan yang dihadapi,sub_clo,CLO4-01
CAPSTONE DESIGN AND PROJECT,CLO 5,CLO5-01,CAPSTONE_DESIGN_AND_PROJECT__CLO5-01,Mampu bekerja sama secara efektif dalam tim multidisiplin,Professional & Soft Skills,"Active Listening + Speaking (Essential Skills, O*NET 30.3)",Mampu bekerja sama secara efektif dalam tim multidisiplin,sub_clo,CLO5-01
CAPSTONE DESIGN AND PROJECT,CLO 6,CLO6-01,CAPSTONE_DESIGN_AND_PROJECT__CLO6-01,Mampu melakukan komunikasi hasil rancangan secara efektif baik secara lisan maupun tertulis,Professional & Soft Skills,"Active Listening + Speaking (Essential Skills, O*NET 30.3)",Mampu melakukan komunikasi hasil rancangan secara efektif baik secara lisan maupun tertulis,sub_clo,CLO6-01
CAPSTONE DESIGN AND PROJECT,CLO 6,CLO6-02,CAPSTONE_DESIGN_AND_PROJECT__CLO6-02,Mampu berkomunikasi secara efektif dalam mempresentasikan hasil proyek kepada khalayak yang lebih luas,Professional & Soft Skills,"Active Listening + Speaking (Essential Skills, O*NET 30.3)",Mampu berkomunikasi secara efektif dalam mempresentasikan hasil proyek kepada khalayak yang lebih luas,sub_clo,CLO6-02
DASAR KEUANGAN SISTEM INFORMASI,CLO 1,CLO1,DASAR_KEUANGAN_SISTEM_INFORMASI__CLO1,Mahasiswa mampu memahami konsep dasar layanan keuangan berbasis sistem informasi dan financial technology,Business Process & Information Systems | Financial Technology,"Administration and Management (Knowledge, O*NET 30.3) | Economics and Accounting (Knowledge, O*NET 30.3)",Mahasiswa mampu memahami konsep dasar layanan keuangan berbasis sistem informasi dan financial technology,clo_level,CLO1
DASAR KEUANGAN SISTEM INFORMASI,CLO 2,CLO2,DASAR_KEUANGAN_SISTEM_INFORMASI__CLO2,Mahasiswa mampu memahami konsep layanan keuangan yang dibutuhkan ke depan serta menganalisis permasalahan terkait berbasis sistem informasi dan financial technology,Business Process & Information Systems | Financial Technology,"Administration and Management (Knowledge, O*NET 30.3) | Economics and Accounting (Knowledge, O*NET 30.3)",Mahasiswa mampu memahami konsep layanan keuangan yang dibutuhkan ke depan serta menganalisis permasalahan terkait berbasis sistem informasi dan financial technology,clo_level,CLO2
DASAR KEUANGAN SISTEM INFORMASI,CLO 3,CLO3,DASAR_KEUANGAN_SISTEM_INFORMASI__CLO3,Mahasiswa mampu menganalisis secara mandiri mengenai state of the art layanan keuangan berbasis sistem informasi dan financial technology,Business Process & Information Systems | Financial Technology,"Administration and Management (Knowledge, O*NET 30.3) | Economics and Accounting (Knowledge, O*NET 30.3)",Mahasiswa mampu menganalisis secara mandiri mengenai state of the art layanan keuangan berbasis sistem informasi dan financial technology,clo_level,CLO3
DASAR KEUANGAN SISTEM INFORMASI,CLO 4,CLO4,DASAR_KEUANGAN_SISTEM_INFORMASI__CLO4,"Mahasiswa mampu berkolaborasi untuk menganalisis layanan keuangan berbasis sistem informasi dan financial technology saat ini, menilai tingkat kematangan serta menyusun rekomendasi peningkatannya",Business Process & Information Systems | Financial Technology,"Administration and Management (Knowledge, O*NET 30.3) | Economics and Accounting (Knowledge, O*NET 30.3)","Mahasiswa mampu berkolaborasi untuk menganalisis layanan keuangan berbasis sistem informasi dan financial technology saat ini, menilai tingkat kematangan serta menyusun rekomendasi peningkatannya",clo_level,CLO4
DATA WAREHOUSE DAN BUSINESS INTELLIGENCE,CLO 1,CLO1,DATA_WAREHOUSE_DAN_BUSINESS_INTELLIGENCE__CLO1,Mampu memodelkan kebutuhan infokom dalam konteks enterprise atau masyarakat,Enterprise Architecture & Integration | Business Process & Information Systems,"Administration and Management (Knowledge, O*NET 30.3) | Engineering and Technology (Knowledge, O*NET 30.3)",Mampu memodelkan kebutuhan infokom dalam konteks enterprise atau masyarakat. serta Mampu membuat perancangan sistem informasi untuk memenuhi kebutuhan organisasi menuju data- driven organization,clo_level,CLO1
DATA WAREHOUSE DAN BUSINESS INTELLIGENCE,CLO 2,CLO2,DATA_WAREHOUSE_DAN_BUSINESS_INTELLIGENCE__CLO2,Mampu memahami konsep dasar bidang infokom yang digunakan dalam lingkup disiplin ilmu sistem informasi,Business Process & Information Systems,"Administration and Management (Knowledge, O*NET 30.3)",Mampu memahami konsep dasar bidang infokom yang digunakan dalam lingkup disiplin ilmu sistem informasi,clo_level,CLO2
DATA WAREHOUSE DAN BUSINESS INTELLIGENCE,CLO 3,CLO3,DATA_WAREHOUSE_DAN_BUSINESS_INTELLIGENCE__CLO3,"Mampu membuat perancangan sistem informasi untuk memenuhi kebutuhan organisasi menuju data- driven organization., Mampu mengembangkan solusi berbasis sistem informasi menggunakan metodologi pengembangan yang tepat., Mampu membuat perancangan sistem informasi untuk memenuhi kebutuhan organisasi menuju data- driven organization., serta Mampu membuat perancangan sistem informasi untuk memenuhi kebutuhan organisasi menuju data- driven organization",Software Engineering | Business Process & Information Systems | Human Resource Management,"Administration and Management (Knowledge, O*NET 30.3) | Engineering and Technology (Knowledge, O*NET 30.3) | Personnel and Human Resources (Knowledge, O*NET 30.3)","Mampu membuat perancangan sistem informasi untuk memenuhi kebutuhan organisasi menuju data- driven organization., Mampu mengembangkan solusi berbasis sistem informasi menggunakan metodologi pengembangan yang tepat., Mampu membuat perancangan sistem informasi untuk memenuhi kebutuhan organisasi menuju data- driven organization., serta Mampu membuat perancangan sistem informasi untuk memenuhi kebutuhan organisasi menuju data- driven organization",clo_level,CLO3
DATA WAREHOUSE DAN BUSINESS INTELLIGENCE,CLO 4,CLO4,DATA_WAREHOUSE_DAN_BUSINESS_INTELLIGENCE__CLO4,Mampu mengembangkan solusi berbasis sistem informasi menggunakan metodologi pengembangan yang tepat,Business Process & Information Systems,"Administration and Management (Knowledge, O*NET 30.3)","Mampu membuat perancangan sistem informasi untuk memenuhi kebutuhan organisasi menuju data- driven organization., Mampu mengembangkan solusi berbasis sistem informasi menggunakan metodologi pengembangan yang tepat., Mampu membuat perancangan sistem informasi untuk memenuhi kebutuhan organisasi menuju data- driven organization., serta Mampu membuat perancangan sistem informasi untuk memenuhi kebutuhan organisasi menuju data- driven organization",clo_level,CLO4
DESIGN THINKING,CLO 1,CLO1-01,DESIGN_THINKING__CLO1-01,Mampu menganalisis peluang model bisnis digital,Software Engineering | Statistics & Mathematics | Innovation & Digital Business,"Administration and Management (Knowledge, O*NET 30.3) | Engineering and Technology (Knowledge, O*NET 30.3) | Mathematics (Knowledge, O*NET 30.3)",Mampu menganalisis peluang model bisnis digital,sub_clo,CLO1-1
DESIGN THINKING,CLO 1,CLO1-02,DESIGN_THINKING__CLO1-02,Mampu menyusun rencana kebutuhan sumber daya untuk menjalankan bisnis digital,Software Engineering,"Engineering and Technology (Knowledge, O*NET 30.3)",Mampu menyusun rencana kebutuhan sumber daya untuk menjalankan bisnis digital,sub_clo,CLO1-2
DESIGN THINKING,CLO 2,CLO2-01,DESIGN_THINKING__CLO2-01,Mampu mengembangkan rencana bisnis digital,Software Engineering,"Engineering and Technology (Knowledge, O*NET 30.3)",Mampu mengembangkan rencana bisnis digital,sub_clo,CLO2-1
DESIGN THINKING,CLO 3,CLO3-01,DESIGN_THINKING__CLO3-01,Mampu mengkomunikasikan ide bisnis kepada stakeholder,Project Management | Professional & Soft Skills,"Active Listening + Speaking (Essential Skills, O*NET 30.3) | Administration and Management (Knowledge, O*NET 30.3)",Mampu mengkomunikasikan ide bisnis kepada stakeholder,sub_clo,CLO3-1
"ETIKA PROFESI, REGULASI TEKNOLOGI INFORMASI DAN PROPERTI INTELEKTUAL",CLO 1,CLO1-01,ETIKA_PROFESI_REGULASI_TEKNOLOGI_INFORMASI_DAN_PROPERTI_INTELEKTUAL__CLO1-01,Memahami etika yang harus dipenuhi dalam bidang eknologi Informasi dan prinsip etika,Professional & Soft Skills,"Active Listening + Speaking (Essential Skills, O*NET 30.3)",Memahami etika yang harus dipenuhi dalam bidang eknologi Informasi dan prinsip etika,sub_clo,CLO1-1
"ETIKA PROFESI, REGULASI TEKNOLOGI INFORMASI DAN PROPERTI INTELEKTUAL",CLO 1,CLO1-02,ETIKA_PROFESI_REGULASI_TEKNOLOGI_INFORMASI_DAN_PROPERTI_INTELEKTUAL__CLO1-02,Memahami etika sebagai profesional dalam bidang eknologi Informasi,Professional & Soft Skills,"Active Listening + Speaking (Essential Skills, O*NET 30.3)",Memahami etika sebagai profesional dalam bidang eknologi Informasi,sub_clo,CLO1-2
"ETIKA PROFESI, REGULASI TEKNOLOGI INFORMASI DAN PROPERTI INTELEKTUAL",CLO 2,CLO2-03,ETIKA_PROFESI_REGULASI_TEKNOLOGI_INFORMASI_DAN_PROPERTI_INTELEKTUAL__CLO2-03,Memahami kode etik terkait dengan penggunaan teknologi informasi dan data,Professional & Soft Skills,"Active Listening + Speaking (Essential Skills, O*NET 30.3)",Memahami kode etik terkait dengan penggunaan teknologi informasi dan data,sub_clo,CLO2-3
"ETIKA PROFESI, REGULASI TEKNOLOGI INFORMASI DAN PROPERTI INTELEKTUAL",CLO 2,CLO2-04,ETIKA_PROFESI_REGULASI_TEKNOLOGI_INFORMASI_DAN_PROPERTI_INTELEKTUAL__CLO2-04,Mampu menganalisis dampak teknologi digital di masyarakat,Software Engineering,"Engineering and Technology (Knowledge, O*NET 30.3)",Mampu menganalisis dampak teknologi digital di masyarakat,sub_clo,CLO2-4
"ETIKA PROFESI, REGULASI TEKNOLOGI INFORMASI DAN PROPERTI INTELEKTUAL",CLO 2,CLO2-05,ETIKA_PROFESI_REGULASI_TEKNOLOGI_INFORMASI_DAN_PROPERTI_INTELEKTUAL__CLO2-05,Mampu memahami dan menjelaskan etika dalam penggunaan teknologi informasi di konteks organisasi dan masyarakat,Professional & Soft Skills,"Active Listening + Speaking (Essential Skills, O*NET 30.3)",Mampu memahami dan menjelaskan etika dalam penggunaan teknologi informasi di konteks organisasi dan masyarakat,sub_clo,CLO2-5
IMPLEMENTASI ARSITEKTUR ENTERPRISE,CLO 1,CLO1,IMPLEMENTASI_ARSITEKTUR_ENTERPRISE__CLO1,Mampu menganalisis permasalahan dalam bidang infokom dalam konteks enterprise atau masyarakat serta Mampu menganalisis permasalahan dalam bidang infokom dalam konteks enterprise atau masyarakat,Enterprise Architecture & Integration | Business Process & Information Systems,"Administration and Management (Knowledge, O*NET 30.3) | Engineering and Technology (Knowledge, O*NET 30.3)",Mampu menganalisis permasalahan dalam bidang infokom dalam konteks enterprise atau masyarakat serta Mampu menganalisis permasalahan dalam bidang infokom dalam konteks enterprise atau masyarakat,clo_level,CLO1
IMPLEMENTASI ARSITEKTUR ENTERPRISE,CLO 2,CLO2,IMPLEMENTASI_ARSITEKTUR_ENTERPRISE__CLO2,"Mampu menggunakan teknik, metode, perangkat lunak terkini untuk menghasilkan solusi di bidang pengelolaan fungsi dan bisnis organisasi dalam konteks kasus nyata",Data Mining & Analytics | Software Engineering | Professional & Soft Skills,"Active Listening + Speaking (Essential Skills, O*NET 30.3) | Computers and Electronics + Mathematics (Knowledge, O*NET 30.3) | Engineering and Technology (Knowledge, O*NET 30.3)","Mampu menggunakan teknik, metode, perangkat lunak terkini untuk menghasilkan solusi di bidang pengelolaan fungsi dan bisnis organisasi dalam konteks kasus nyata",clo_level,CLO2
IMPLEMENTASI ARSITEKTUR ENTERPRISE,CLO 3,CLO3,IMPLEMENTASI_ARSITEKTUR_ENTERPRISE__CLO3,"Mampu menyusun perencanaan dalam konteks sistem informasi menggunakan ilmu dan praktek yang relevan, Mampu menyusun perencanaan dalam konteks sistem informasi menggunakan ilmu dan praktek yang relevan, serta Mampu menyusun perencanaan dalam konteks sistem informasi menggunakan ilmu dan praktek yang relevan",Business Process & Information Systems,"Administration and Management (Knowledge, O*NET 30.3)","Mampu menyusun perencanaan dalam konteks sistem informasi menggunakan ilmu dan praktek yang relevan, Mampu menyusun perencanaan dalam konteks sistem informasi menggunakan ilmu dan praktek yang relevan, serta Mampu menyusun perencanaan dalam konteks sistem informasi menggunakan ilmu dan praktek yang relevan",clo_level,CLO3
INTEGRASI APLIKASI ENTERPRISE,CLO 1,CLO1-01,INTEGRASI_APLIKASI_ENTERPRISE__CLO1-01,Mampu mengidentifikasi kebutuhan integrasi aplikasi enterprise,Web Development | Enterprise Architecture & Integration,"Computers and Electronics (Knowledge, O*NET 30.3) | Engineering and Technology (Knowledge, O*NET 30.3)",Mampu mengidentifikasi kebutuhan integrasi aplikasi enterprise,sub_clo,CLO1-01
INTEGRASI APLIKASI ENTERPRISE,CLO 2,CLO2-02,INTEGRASI_APLIKASI_ENTERPRISE__CLO2-02,Mampu mengimplementasikan teknologi integrasi yang paling sesuai dengan kebutuhan sistem informasi enterprise,Enterprise Architecture & Integration | Business Process & Information Systems,"Administration and Management (Knowledge, O*NET 30.3) | Engineering and Technology (Knowledge, O*NET 30.3)",Mampu mengimplementasikan teknologi integrasi yang paling sesuai dengan kebutuhan sistem informasi enterprise,sub_clo,CLO2-02
INTEGRASI APLIKASI ENTERPRISE,CLO 2,CLO2-03,INTEGRASI_APLIKASI_ENTERPRISE__CLO2-03,Mampu menggunakan kakas atau teknologi terbaru yang berkaitan dengan integrasi aplikasi enterprise untuk menghasilkan solusi efektif,Web Development | Enterprise Architecture & Integration,"Computers and Electronics (Knowledge, O*NET 30.3) | Engineering and Technology (Knowledge, O*NET 30.3)",Mampu menggunakan kakas atau teknologi terbaru yang berkaitan dengan integrasi aplikasi enterprise untuk menghasilkan solusi efektif,sub_clo,CLO2-03
JARINGAN KOMPUTER,CLO 1,CLO1-01,JARINGAN_KOMPUTER__CLO1-01,"Memahami dasar Komunikasi Jaringan Komputer serta Ketersediaan ,Keterpercayaan dan Keamanan Jaringan Komputer",Enterprise Architecture & Integration | Computer Networking | Professional & Soft Skills,"Active Listening + Speaking (Essential Skills, O*NET 30.3) | Engineering and Technology (Knowledge, O*NET 30.3) | Telecommunications (Knowledge, O*NET 30.3)","Memahami dasar Komunikasi Jaringan Komputer serta Ketersediaan ,Keterpercayaan dan Keamanan Jaringan Komputer",sub_clo,CLO1-01
JARINGAN KOMPUTER,CLO 2,CLO2-02,JARINGAN_KOMPUTER__CLO2-02,Mampu menerapkan pengalamatan dan konfigurasi perangkat jaringan komputer,Computer Networking,"Telecommunications (Knowledge, O*NET 30.3)",Mampu menerapkan pengalamatan dan konfigurasi perangkat jaringan komputer,sub_clo,CLO2-02
JARINGAN KOMPUTER,CLO 3,CLO3-03,JARINGAN_KOMPUTER__CLO3-03,Mampu merancang jaringan komputer dalam sebuah institusi,Computer Networking,"Telecommunications (Knowledge, O*NET 30.3)",Mampu merancang jaringan komputer dalam sebuah institusi,sub_clo,CLO3-03
KEAMANAN SISTEM INFORMASI,CLO 1,CLO1,KEAMANAN_SISTEM_INFORMASI__CLO1,Mampu mengidentifikasi kebutuhan sistem informasi dalam konteks enterprise atau masyarakat,Enterprise Architecture & Integration | Business Process & Information Systems,"Administration and Management (Knowledge, O*NET 30.3) | Engineering and Technology (Knowledge, O*NET 30.3)",Mampu mengidentifikasi kebutuhan sistem informasi dalam konteks enterprise atau masyarakat,clo_level,CLO1
KEAMANAN SISTEM INFORMASI,CLO 2,CLO2,KEAMANAN_SISTEM_INFORMASI__CLO2,Mampu memahami konsep dasar bidang infokom yang digunakan dalam lingkup disiplin ilmu sistem informasi,Business Process & Information Systems,"Administration and Management (Knowledge, O*NET 30.3)",Mampu memahami konsep dasar bidang infokom yang digunakan dalam lingkup disiplin ilmu sistem informasi,clo_level,CLO2
KEAMANAN SISTEM INFORMASI,CLO 3,CLO3,KEAMANAN_SISTEM_INFORMASI__CLO3,Mampu menggunakan metode dan perangkat lunak terkini untuk menghasilkan solusi di bidang data dalam konteks kasus nyata,Data Mining & Analytics | Software Engineering | Professional & Soft Skills,"Active Listening + Speaking (Essential Skills, O*NET 30.3) | Computers and Electronics + Mathematics (Knowledge, O*NET 30.3) | Engineering and Technology (Knowledge, O*NET 30.3)",Mampu menggunakan metode dan perangkat lunak terkini untuk menghasilkan solusi di bidang data dalam konteks kasus nyata,clo_level,CLO3
KEAMANAN SISTEM INFORMASI,CLO 4,CLO4,KEAMANAN_SISTEM_INFORMASI__CLO4,Mampu menggunakan teknik atau perangkat dalam bidang infrastruktur teknologi informasi untuk organisasi,Information Security & Risk Management,"Public Safety and Security (Knowledge, O*NET 30.3)",Mampu menggunakan teknik atau perangkat dalam bidang infrastruktur teknologi informasi untuk organisasi,clo_level,CLO4
KEPEMIMPINAN DAN KOMUNIKASI INTERPERSONAL,CLO 1,CLO1,KEPEMIMPINAN_DAN_KOMUNIKASI_INTERPERSONAL__CLO1,Mampu beradaptasi dengan lingkungan baru,Professional & Soft Skills,"Active Listening + Speaking (Essential Skills, O*NET 30.3)",Mampu beradaptasi dengan lingkungan baru,clo_level,CLO1
KEPEMIMPINAN DAN KOMUNIKASI INTERPERSONAL,CLO 2,CLO2,KEPEMIMPINAN_DAN_KOMUNIKASI_INTERPERSONAL__CLO2,Mampu bekerja sama dalam tim baik sebagai pemimpin maupun yang dipimpin,Professional & Soft Skills,"Active Listening + Speaking (Essential Skills, O*NET 30.3)",Mampu bekerja sama dalam tim baik sebagai pemimpin maupun yang dipimpin,clo_level,CLO2
KEPEMIMPINAN DAN KOMUNIKASI INTERPERSONAL,CLO 3,CLO3,KEPEMIMPINAN_DAN_KOMUNIKASI_INTERPERSONAL__CLO3,Mampu menyusun dan mengkomunikasikan ide dan pemikiran dalam berbagai bentuk media informasi,Professional & Soft Skills,"Active Listening + Speaking (Essential Skills, O*NET 30.3)",Mampu menyusun dan mengkomunikasikan ide dan pemikiran dalam berbagai bentuk media informasi,clo_level,CLO3
KEPEMIMPINAN DAN KOMUNIKASI INTERPERSONAL,CLO 4,CLO4,KEPEMIMPINAN_DAN_KOMUNIKASI_INTERPERSONAL__CLO4,Mampu menyajikan beberapa alternatif solusi rancangan dan membuat keputusan berdasarkan hasil dari berpikir kreatif,Enterprise Architecture & Integration | Research & Academic Writing,"Critical Thinking + Writing (Essential Skills, O*NET 30.3) | Engineering and Technology (Knowledge, O*NET 30.3)",Mampu menyajikan beberapa alternatif solusi rancangan dan membuat keputusan berdasarkan hasil dari berpikir kreatif,clo_level,CLO4
KERJA PRAKTEK DAN PENGABDIAN MASYARAKAT,CLO 1,CLO1-01,KERJA_PRAKTEK_DAN_PENGABDIAN_MASYARAKAT__CLO1-01,Mahasiswa mampu menunjukkan etos kerja yang baik dan bersikap profesional dalam melaksanakan tugas-tugas atau pekerjaan selama KP,Professional & Soft Skills,"Active Listening + Speaking (Essential Skills, O*NET 30.3)",Mahasiswa mampu menunjukkan etos kerja yang baik dan bersikap profesional dalam melaksanakan tugas-tugas atau pekerjaan selama KP,sub_clo,CLO1-1
KERJA PRAKTEK DAN PENGABDIAN MASYARAKAT,CLO 2,CLO2-01,KERJA_PRAKTEK_DAN_PENGABDIAN_MASYARAKAT__CLO2-01,"Mahasiswa mampu meErencanakan penyelesaian tugas atau pekerjaan, bekerja efektif, mandiri dan bekerja sama di dalam tim organisasi perusahaan selama KP",Professional & Soft Skills,"Active Listening + Speaking (Essential Skills, O*NET 30.3)","Mahasiswa mampu meErencanakan penyelesaian tugas atau pekerjaan, bekerja efektif, mandiri dan bekerja sama di dalam tim organisasi perusahaan selama KP",sub_clo,CLO2-1
KERJA PRAKTEK DAN PENGABDIAN MASYARAKAT,CLO 3,CLO3-01,KERJA_PRAKTEK_DAN_PENGABDIAN_MASYARAKAT__CLO3-01,Mahasiswa mampu mengkomunikasikan hasil tugas atau pekerjaan selama KP secara lisan dan tulisan dalam bentuk laporan KP yang terstruktur,Professional & Soft Skills,"Active Listening + Speaking (Essential Skills, O*NET 30.3)",Mahasiswa mampu mengkomunikasikan hasil tugas atau pekerjaan selama KP secara lisan dan tulisan dalam bentuk laporan KP yang terstruktur,sub_clo,CLO3-1
KERJA PRAKTEK DAN PENGABDIAN MASYARAKAT,CLO 4,CLO4-01,KERJA_PRAKTEK_DAN_PENGABDIAN_MASYARAKAT__CLO4-01,Mahasiswa mampu mengindentifikasi dan memformulasikan masalah dengan baik yang didukung oleh data-data sebagai sebuah pengetahuan baru untuk mahasiswa yang diperoleh selama KP,Research & Academic Writing,"Critical Thinking + Writing (Essential Skills, O*NET 30.3)",Mahasiswa mampu mengindentifikasi dan memformulasikan masalah dengan baik yang didukung oleh data-data sebagai sebuah pengetahuan baru untuk mahasiswa yang diperoleh selama KP,sub_clo,CLO4-1
KOMPUTASI AWAN,CLO 1,CLO1,KOMPUTASI_AWAN__CLO1,"Mahasiswa mampu memahami konsep utama, teknologi utama, kekuatan, keterbatasan komputasi awan., Mahasiswa mampu memahami konsep utama, teknologi utama, kekuatan, keterbatasan komputasi awan., serta Mahasiswa mampu memahami konsep utama, teknologi utama, kekuatan, keterbatasan komputasi awan",Cloud Computing,"Engineering and Technology (Knowledge, O*NET 30.3)","Mahasiswa mampu memahami konsep utama, teknologi utama, kekuatan, keterbatasan komputasi awan., Mahasiswa mampu memahami konsep utama, teknologi utama, kekuatan, keterbatasan komputasi awan., serta Mahasiswa mampu memahami konsep utama, teknologi utama, kekuatan, keterbatasan komputasi awan",clo_level,CLO1
KOMPUTASI AWAN,CLO 2,CLO2,KOMPUTASI_AWAN__CLO2,"Mahasiswa mampu mengidentifikasi arsitektur dan infrastruktur komputasi awan, termasuk pengiriman awan dan model penerapannya serta Mahasiswa mampu mengidentifikasi arsitektur dan infrastruktur komputasi awan, termasuk pengiriman awan dan model penerapannya",Cloud Computing,"Engineering and Technology (Knowledge, O*NET 30.3)","Mahasiswa mampu mengidentifikasi arsitektur dan infrastruktur komputasi awan, termasuk pengiriman awan dan model penerapannya serta Mahasiswa mampu mengidentifikasi arsitektur dan infrastruktur komputasi awan, termasuk pengiriman awan dan model penerapannya",clo_level,CLO2
KOMPUTASI AWAN,CLO 3,CLO3,KOMPUTASI_AWAN__CLO3,"Mahasiswa mampu menganalisis masalah inti dari komputasi awan mulai dari infrastrukturnya, layanannya dan keamanannya",Cloud Computing,"Engineering and Technology (Knowledge, O*NET 30.3)","Mahasiswa mampu menganalisis masalah inti dari komputasi awan mulai dari infrastrukturnya, layanannya dan keamanannya",clo_level,CLO3
KOMPUTASI AWAN,CLO 4,CLO4,KOMPUTASI_AWAN__CLO4,"Mahasiswa mampu mengdentifikasi solusi dan rekomendasi dari permasalahan komputasi awan yang tepat sesuai dengan hasil analisis, dan evaluasi dari aplikasi yang digunakan serta Mahasiswa mampu mengdentifikasi solusi dan rekomendasi dari permasalahan komputasi awan yang tepat sesuai dengan hasil analisis, dan evaluasi dari aplikasi yang digunakan",Cloud Computing,"Engineering and Technology (Knowledge, O*NET 30.3)","Mahasiswa mampu mengdentifikasi solusi dan rekomendasi dari permasalahan komputasi awan yang tepat sesuai dengan hasil analisis, dan evaluasi dari aplikasi yang digunakan serta Mahasiswa mampu mengdentifikasi solusi dan rekomendasi dari permasalahan komputasi awan yang tepat sesuai dengan hasil analisis, dan evaluasi dari aplikasi yang digunakan",clo_level,CLO4
MANAJEMEN DATA ENTERPRISE,CLO 1,CLO1-01,MANAJEMEN_DATA_ENTERPRISE__CLO1-01,"Mahasiswa mampu mendapatkan pengetahuan yang memadai mengenai best practices dalam tata kelola dan manajemen data Mampu memahami prinsip- prinsip infokom yang mencakup komputasi, matematika, statistika, teknologi informasi dan komunikasi, dan desain yang terkait dalam bidang sistem informasi",Database & Data Management | Statistics & Mathematics | Business Process & Information Systems | Professional & Soft Skills,"Active Listening + Speaking (Essential Skills, O*NET 30.3) | Administration and Management (Knowledge, O*NET 30.3) | Computers and Electronics (Knowledge, O*NET 30.3) | Mathematics (Knowledge, O*NET 30.3)","Mahasiswa mampu mendapatkan pengetahuan yang memadai mengenai best practices dalam tata kelola dan manajemen data Mampu memahami prinsip- prinsip infokom yang mencakup komputasi, matematika, statistika, teknologi informasi dan komunikasi, dan desain yang terkait dalam bidang sistem informasi",sub_clo,CLO1-1
MANAJEMEN DATA ENTERPRISE,CLO 3,CLO3-01,MANAJEMEN_DATA_ENTERPRISE__CLO3-01,Mahasiswa mampu melakukan asesmen dan analisis kesenjangan implementasi tata kelola dan manajemen data,Database & Data Management,"Computers and Electronics (Knowledge, O*NET 30.3)",Mahasiswa mampu melakukan asesmen dan analisis kesenjangan implementasi tata kelola dan manajemen data,sub_clo,CLO3-1
MANAJEMEN DATA ENTERPRISE,CLO 5,CLO5-01,MANAJEMEN_DATA_ENTERPRISE__CLO5-01,"Mahasiswa mampu merancang solusi kontrol personil, proses dan teknologi tata kelola dan manajemen data untuk diterapkan pada suatu obyek organisasi serta merekomendasikan tingkat prioritas implementasinya",Database & Data Management,"Computers and Electronics (Knowledge, O*NET 30.3)","Mahasiswa mampu merancang solusi kontrol personil, proses dan teknologi tata kelola dan manajemen data untuk diterapkan pada suatu obyek organisasi serta merekomendasikan tingkat prioritas implementasinya",sub_clo,CLO5-1
MANAJEMEN PROYEK SISTEM INFORMASI,CLO 1,CLO1,MANAJEMEN_PROYEK_SISTEM_INFORMASI__CLO1,"Mampu berinisiatif dan bertanggungjawab untuk menyelesaikan berbagai tugas dalam tim, Mampu menulis dokumen profesional sesuai dengan konteks profesional, Mampu menggunakan metode atau perangkat lunak tertentu dalam keilmuan sistem informasi dalam konteks penelitian atau proyek nyata, serta Mampu menyusun perencanaan dalam konteks sistem informasi menggunakan ilmu dan praktek yang relevan",Software Engineering | Business Process & Information Systems | Research & Academic Writing | Professional & Soft Skills,"Active Listening + Speaking (Essential Skills, O*NET 30.3) | Administration and Management (Knowledge, O*NET 30.3) | Critical Thinking + Writing (Essential Skills, O*NET 30.3) | Engineering and Technology (Knowledge, O*NET 30.3)","Mampu berinisiatif dan bertanggungjawab untuk menyelesaikan berbagai tugas dalam tim, Mampu menulis dokumen profesional sesuai dengan konteks profesional, Mampu menggunakan metode atau perangkat lunak tertentu dalam keilmuan sistem informasi dalam konteks penelitian atau proyek nyata, serta Mampu menyusun perencanaan dalam konteks sistem informasi menggunakan ilmu dan praktek yang relevan",clo_level,CLO1
MANAJEMEN PROYEK SISTEM INFORMASI,CLO 2,CLO2,MANAJEMEN_PROYEK_SISTEM_INFORMASI__CLO2,"Mampu berinisiatif dan bertanggungjawab untuk menyelesaikan berbagai tugas dalam tim, Mampu menulis dokumen profesional sesuai dengan konteks profesional, Mampu menggunakan metode atau perangkat lunak tertentu dalam keilmuan sistem informasi dalam konteks penelitian atau proyek nyata, serta Mampu menyusun perencanaan dalam konteks sistem informasi menggunakan ilmu dan praktek yang relevan",Software Engineering | Business Process & Information Systems | Research & Academic Writing | Professional & Soft Skills,"Active Listening + Speaking (Essential Skills, O*NET 30.3) | Administration and Management (Knowledge, O*NET 30.3) | Critical Thinking + Writing (Essential Skills, O*NET 30.3) | Engineering and Technology (Knowledge, O*NET 30.3)","Mampu berinisiatif dan bertanggungjawab untuk menyelesaikan berbagai tugas dalam tim, Mampu menulis dokumen profesional sesuai dengan konteks profesional, Mampu menggunakan metode atau perangkat lunak tertentu dalam keilmuan sistem informasi dalam konteks penelitian atau proyek nyata, serta Mampu menyusun perencanaan dalam konteks sistem informasi menggunakan ilmu dan praktek yang relevan",clo_level,CLO2
MANAJEMEN PROYEK SISTEM INFORMASI,CLO 3,CLO3,MANAJEMEN_PROYEK_SISTEM_INFORMASI__CLO3,"Mampu berinisiatif dan bertanggungjawab untuk menyelesaikan berbagai tugas dalam tim, Mampu menulis dokumen profesional sesuai dengan konteks profesional, Mampu menggunakan metode atau perangkat lunak tertentu dalam keilmuan sistem informasi dalam konteks penelitian atau proyek nyata, serta Mampu menyusun perencanaan dalam konteks sistem informasi menggunakan ilmu dan praktek yang relevan",Software Engineering | Business Process & Information Systems | Research & Academic Writing | Professional & Soft Skills,"Active Listening + Speaking (Essential Skills, O*NET 30.3) | Administration and Management (Knowledge, O*NET 30.3) | Critical Thinking + Writing (Essential Skills, O*NET 30.3) | Engineering and Technology (Knowledge, O*NET 30.3)","Mampu berinisiatif dan bertanggungjawab untuk menyelesaikan berbagai tugas dalam tim, Mampu menulis dokumen profesional sesuai dengan konteks profesional, Mampu menggunakan metode atau perangkat lunak tertentu dalam keilmuan sistem informasi dalam konteks penelitian atau proyek nyata, serta Mampu menyusun perencanaan dalam konteks sistem informasi menggunakan ilmu dan praktek yang relevan",clo_level,CLO3
MANAJEMEN PROYEK SISTEM INFORMASI,CLO 3,CLO3-01,MANAJEMEN_PROYEK_SISTEM_INFORMASI__CLO3-01,Mampu menggunakan perangkat lunak untuk merencanakan proyek sistem informasi pada knowledge area Scope Management,Software Engineering | Project Management | Business Process & Information Systems,"Administration and Management (Knowledge, O*NET 30.3) | Engineering and Technology (Knowledge, O*NET 30.3)",Mampu menggunakan perangkat lunak untuk merencanakan proyek sistem informasi pada knowledge area Scope Management,sub_clo,CLO3-1
MANAJEMEN PROYEK SISTEM INFORMASI,CLO 3,CLO3-02,MANAJEMEN_PROYEK_SISTEM_INFORMASI__CLO3-02,Mampu menggunakan perangkat lunak untuk merencanakan proyek sistem informasi pada knowledge area Schedule Management,Software Engineering | Project Management | Business Process & Information Systems,"Administration and Management (Knowledge, O*NET 30.3) | Engineering and Technology (Knowledge, O*NET 30.3)",Mampu menggunakan perangkat lunak untuk merencanakan proyek sistem informasi pada knowledge area Schedule Management,sub_clo,CLO3-2
MANAJEMEN PROYEK SISTEM INFORMASI,CLO 3,CLO3-03,MANAJEMEN_PROYEK_SISTEM_INFORMASI__CLO3-03,Mampu menggunakan perangkat lunak untuk merencanakan proyek sistem informasi pada knowledge area Resources Management,Software Engineering | Project Management | Business Process & Information Systems,"Administration and Management (Knowledge, O*NET 30.3) | Engineering and Technology (Knowledge, O*NET 30.3)",Mampu menggunakan perangkat lunak untuk merencanakan proyek sistem informasi pada knowledge area Resources Management,sub_clo,CLO3-03
MANAJEMEN PROYEK SISTEM INFORMASI,CLO 3,CLO3-04,MANAJEMEN_PROYEK_SISTEM_INFORMASI__CLO3-04,Mampu menggunakan perangkat lunak untuk merencanakan proyek sistem informasi pada knowledge area Cost Management,Software Engineering | Project Management | Business Process & Information Systems,"Administration and Management (Knowledge, O*NET 30.3) | Engineering and Technology (Knowledge, O*NET 30.3)",Mampu menggunakan perangkat lunak untuk merencanakan proyek sistem informasi pada knowledge area Cost Management,sub_clo,CLO3-04
MANAJEMEN PROYEK SISTEM INFORMASI,CLO 3,CLO3-05,MANAJEMEN_PROYEK_SISTEM_INFORMASI__CLO3-05,Mampu menggunakan perangkat lunak untuk merencanakan proyek sistem informasi pada knowledge area Risk Management,Software Engineering | Project Management | Business Process & Information Systems,"Administration and Management (Knowledge, O*NET 30.3) | Engineering and Technology (Knowledge, O*NET 30.3)",Mampu menggunakan perangkat lunak untuk merencanakan proyek sistem informasi pada knowledge area Risk Management,sub_clo,CLO3-05
MANAJEMEN PROYEK SISTEM INFORMASI,CLO 3,CLO3-06,MANAJEMEN_PROYEK_SISTEM_INFORMASI__CLO3-06,Mampu menggunakan perangkat lunak untuk merencanakan proyek sistem informasi pada knowledge area Communication Management,Software Engineering | Project Management | Business Process & Information Systems,"Administration and Management (Knowledge, O*NET 30.3) | Engineering and Technology (Knowledge, O*NET 30.3)",Mampu menggunakan perangkat lunak untuk merencanakan proyek sistem informasi pada knowledge area Communication Management,sub_clo,CLO3-06
MANAJEMEN PROYEK SISTEM INFORMASI,CLO 3,CLO3-07,MANAJEMEN_PROYEK_SISTEM_INFORMASI__CLO3-07,Mampu menggunakan perangkat lunak untuk merencanakan proyek sistem informasi pada knowledge area Stakeholder Management,Software Engineering | Project Management | Business Process & Information Systems,"Administration and Management (Knowledge, O*NET 30.3) | Engineering and Technology (Knowledge, O*NET 30.3)",Mampu menggunakan perangkat lunak untuk merencanakan proyek sistem informasi pada knowledge area Stakeholder Management,sub_clo,CLO3-07
MANAJEMEN PROYEK SISTEM INFORMASI,CLO 4,CLO4-01,MANAJEMEN_PROYEK_SISTEM_INFORMASI__CLO4-01,"Mampu mendeskripsikan proses manajemen proyek, level aktivitas, interaksi antar proses, hubungan antara proses dan area pengetahuan, serta pengembangan metodologi pengelolaan proyek IT oleh organisasi. Mampu memahami prinsip-prinsip manajemen sistem informasi dalam konteks organisasi",Project Management | Business Process & Information Systems,"Administration and Management (Knowledge, O*NET 30.3)","Mampu mendeskripsikan proses manajemen proyek, level aktivitas, interaksi antar proses, hubungan antara proses dan area pengetahuan, serta pengembangan metodologi pengelolaan proyek IT oleh organisasi. Mampu memahami prinsip-prinsip manajemen sistem informasi dalam konteks organisasi",sub_clo,CLO4-1
MANAJEMEN PROYEK SISTEM INFORMASI,CLO 4,CLO4-02,MANAJEMEN_PROYEK_SISTEM_INFORMASI__CLO4-02,"Mampu menjelaskan pentingnya proses-proses scope management, termasuk input, alat dan teknik, serta keluaran, serta pentingnya validasi dan pengendalian dalam manajemen ruang lingkup proyek",Project Management,"Administration and Management (Knowledge, O*NET 30.3)","Mampu menjelaskan pentingnya proses-proses scope management, termasuk input, alat dan teknik, serta keluaran, serta pentingnya validasi dan pengendalian dalam manajemen ruang lingkup proyek",sub_clo,CLO4-2
MANAJEMEN PROYEK SISTEM INFORMASI,CLO 4,CLO4-03,MANAJEMEN_PROYEK_SISTEM_INFORMASI__CLO4-03,"Mampu menjelaskan pentingnya schedule management, mendefinisikan aktivitas untuk jadwal proyek, dan menghubungkan perkiraan sumber daya dengan penjadwalan",Project Management,"Administration and Management (Knowledge, O*NET 30.3)","Mampu menjelaskan pentingnya schedule management, mendefinisikan aktivitas untuk jadwal proyek, dan menghubungkan perkiraan sumber daya dengan penjadwalan",sub_clo,CLO4-3
MANAJEMEN PROYEK SISTEM INFORMASI,CLO 4,CLO4-04,MANAJEMEN_PROYEK_SISTEM_INFORMASI__CLO4-04,"Mampu menjelaskan pentingnya cost management, prinsip dasar manajemen biaya, proses perencanaan biaya, penentuan anggaran dan perkiraan biaya proyek TI",Project Management,"Administration and Management (Knowledge, O*NET 30.3)","Mampu menjelaskan pentingnya cost management, prinsip dasar manajemen biaya, proses perencanaan biaya, penentuan anggaran dan perkiraan biaya proyek TI",sub_clo,CLO4-04
MANAJEMEN PROYEK SISTEM INFORMASI,CLO 4,CLO4-05,MANAJEMEN_PROYEK_SISTEM_INFORMASI__CLO4-05,"Mampu menjelaskan pentingnya resources management dalam proyek TI, proses dan konsep manajemen SDM, serta penggunaan alat dan teknik untuk mengelola tim proyek",Project Management | Human Resource Management,"Administration and Management (Knowledge, O*NET 30.3) | Personnel and Human Resources (Knowledge, O*NET 30.3)","Mampu menjelaskan pentingnya resources management dalam proyek TI, proses dan konsep manajemen SDM, serta penggunaan alat dan teknik untuk mengelola tim proyek",sub_clo,CLO4-05
MANAJEMEN PROYEK SISTEM INFORMASI,CLO 4,CLO4-06,MANAJEMEN_PROYEK_SISTEM_INFORMASI__CLO4-06,"Mampu menjelaskan pentingnya communication management dalam proyek, konsep dan perencanaan komunikasi, serta pembuatan rencana komunikasi",Project Management | Professional & Soft Skills,"Active Listening + Speaking (Essential Skills, O*NET 30.3) | Administration and Management (Knowledge, O*NET 30.3)","Mampu menjelaskan pentingnya communication management dalam proyek, konsep dan perencanaan komunikasi, serta pembuatan rencana komunikasi",sub_clo,CLO4-06
MANAJEMEN PROYEK SISTEM INFORMASI,CLO 4,CLO4-07,MANAJEMEN_PROYEK_SISTEM_INFORMASI__CLO4-07,Mampu menjelaskan pentingnya stakeholder management dan cara pemetaan pemangku kepentingan,Project Management,"Administration and Management (Knowledge, O*NET 30.3)",Mampu menjelaskan pentingnya stakeholder management dan cara pemetaan pemangku kepentingan,sub_clo,CLO4-07
MANAJEMEN PROYEK SISTEM INFORMASI,CLO 4,CLO4-08,MANAJEMEN_PROYEK_SISTEM_INFORMASI__CLO4-08,"Mampu menjelaskan pentingnya risk management, cara mengidentifikasi risiko dan membuat risk register, strategi penanggulangan risiko, serta metode pengelolaan risiko dalam proyek",Information Security & Risk Management,"Public Safety and Security (Knowledge, O*NET 30.3)","Mampu menjelaskan pentingnya risk management, cara mengidentifikasi risiko dan membuat risk register, strategi penanggulangan risiko, serta metode pengelolaan risiko dalam proyek",sub_clo,CLO4-08
MANAJEMEN PROYEK SISTEM INFORMASI,CLO 5,CLO5,MANAJEMEN_PROYEK_SISTEM_INFORMASI__CLO5,"Mampu berinisiatif dan bertanggungjawab untuk menyelesaikan berbagai tugas dalam tim, Mampu menulis dokumen profesional sesuai dengan konteks profesional, Mampu menggunakan metode atau perangkat lunak tertentu dalam keilmuan sistem informasi dalam konteks penelitian atau proyek nyata, serta Mampu menyusun perencanaan dalam konteks sistem informasi menggunakan ilmu dan praktek yang relevan",Software Engineering | Business Process & Information Systems | Research & Academic Writing | Professional & Soft Skills,"Active Listening + Speaking (Essential Skills, O*NET 30.3) | Administration and Management (Knowledge, O*NET 30.3) | Critical Thinking + Writing (Essential Skills, O*NET 30.3) | Engineering and Technology (Knowledge, O*NET 30.3)","Mampu berinisiatif dan bertanggungjawab untuk menyelesaikan berbagai tugas dalam tim, Mampu menulis dokumen profesional sesuai dengan konteks profesional, Mampu menggunakan metode atau perangkat lunak tertentu dalam keilmuan sistem informasi dalam konteks penelitian atau proyek nyata, serta Mampu menyusun perencanaan dalam konteks sistem informasi menggunakan ilmu dan praktek yang relevan",clo_level,CLO5
MANAJEMEN PROYEK SISTEM INFORMASI,CLO 5,CLO5-01,MANAJEMEN_PROYEK_SISTEM_INFORMASI__CLO5-01,Mampu menyusun Project Charter yang mencakup elemen- elemen utama dalam proyek sistem informasi,Project Management | Business Process & Information Systems,"Administration and Management (Knowledge, O*NET 30.3)",Mampu menyusun Project Charter yang mencakup elemen- elemen utama dalam proyek sistem informasi,sub_clo,CLO5-1
MANAJEMEN PROYEK SISTEM INFORMASI,CLO 5,CLO5-02,MANAJEMEN_PROYEK_SISTEM_INFORMASI__CLO5-02,Mampu merencanakan proyek sistem informasi pada knowledge area Scope Management,Project Management | Business Process & Information Systems,"Administration and Management (Knowledge, O*NET 30.3)",Mampu merencanakan proyek sistem informasi pada knowledge area Scope Management,sub_clo,CLO5-2
MANAJEMEN PROYEK SISTEM INFORMASI,CLO 5,CLO5-03,MANAJEMEN_PROYEK_SISTEM_INFORMASI__CLO5-03,Mampu merencanakan proyek sistem informasi pada knowledge area Schedule Management,Project Management | Business Process & Information Systems,"Administration and Management (Knowledge, O*NET 30.3)",Mampu merencanakan proyek sistem informasi pada knowledge area Schedule Management,sub_clo,CLO5-3
MANAJEMEN PROYEK SISTEM INFORMASI,CLO 5,CLO5-04,MANAJEMEN_PROYEK_SISTEM_INFORMASI__CLO5-04,Mampu merencanakan proyek sistem informasi pada knowledge area Resources Management,Project Management | Business Process & Information Systems,"Administration and Management (Knowledge, O*NET 30.3)",Mampu merencanakan proyek sistem informasi pada knowledge area Resources Management,sub_clo,CLO5-04
MANAJEMEN PROYEK SISTEM INFORMASI,CLO 5,CLO5-05,MANAJEMEN_PROYEK_SISTEM_INFORMASI__CLO5-05,Mampu merencanakan proyek sistem informasi pada knowledge area Cost Management Mampu menggunakan metode atau perangkat lunak tertentu dalam keilmuan sistem informasi dalam konteks penelitian atau proyek nyata Mampu menyusun perencanaan dalam konteks sistem informasi menggunakan ilmu dan praktek yang relevan Mampu menggunakan metode atau perangkat lunak tertentu dalam keilmuan sistem informasi dalam konteks penelitian atau proyek nyata Mampu menyusun perencanaan dalam konteks sistem informasi menggunakan ilmu dan praktek yang relevan,Software Engineering | Project Management | Business Process & Information Systems | Research & Academic Writing,"Administration and Management (Knowledge, O*NET 30.3) | Critical Thinking + Writing (Essential Skills, O*NET 30.3) | Engineering and Technology (Knowledge, O*NET 30.3)",Mampu merencanakan proyek sistem informasi pada knowledge area Cost Management Mampu menggunakan metode atau perangkat lunak tertentu dalam keilmuan sistem informasi dalam konteks penelitian atau proyek nyata Mampu menyusun perencanaan dalam konteks sistem informasi menggunakan ilmu dan praktek yang relevan Mampu menggunakan metode atau perangkat lunak tertentu dalam keilmuan sistem informasi dalam konteks penelitian atau proyek nyata Mampu menyusun perencanaan dalam konteks sistem informasi menggunakan ilmu dan praktek yang relevan,sub_clo,CLO5-05
MANAJEMEN PROYEK SISTEM INFORMASI,CLO 5,CLO5-06,MANAJEMEN_PROYEK_SISTEM_INFORMASI__CLO5-06,Mampu merencanakan proyek sistem informasi pada knowledge area Risk Management,Project Management | Business Process & Information Systems,"Administration and Management (Knowledge, O*NET 30.3)",Mampu merencanakan proyek sistem informasi pada knowledge area Risk Management,sub_clo,CLO5-06
MANAJEMEN PROYEK SISTEM INFORMASI,CLO 5,CLO5-07,MANAJEMEN_PROYEK_SISTEM_INFORMASI__CLO5-07,Mampu merencanakan proyek sistem informasi pada knowledge area Communication Management,Project Management | Business Process & Information Systems,"Administration and Management (Knowledge, O*NET 30.3)",Mampu merencanakan proyek sistem informasi pada knowledge area Communication Management,sub_clo,CLO5-07
MANAJEMEN RANTAI PASOK,CLO 02,CLO2-01a,MANAJEMEN_RANTAI_PASOK__CLO2-01a,"Mampu memahami, menjelaskan dan menyatakan pendapat mengenai prinsip dasar Operasi dan Manajemen Rantai Pasok",Supply Chain & CRM,"Economics and Accounting (Knowledge, O*NET 30.3)","Mampu memahami, menjelaskan dan menyatakan pendapat mengenai prinsip dasar Operasi dan Manajemen Rantai Pasok",sub_clo,CLO02-01
MANAJEMEN RANTAI PASOK,CLO 02,CLO2-02,MANAJEMEN_RANTAI_PASOK__CLO2-02,Mampu mengidentifikasi dan menjelaskan komponen-komponen utama yang mempengaruhi dan digunakan untuk merancang Jaringan Rantai Pasok,Computer Networking | Supply Chain & CRM,"Economics and Accounting (Knowledge, O*NET 30.3) | Telecommunications (Knowledge, O*NET 30.3)",Mampu mengidentifikasi dan menjelaskan komponen-komponen utama yang mempengaruhi dan digunakan untuk merancang Jaringan Rantai Pasok,sub_clo,CLO02-02
MANAJEMEN RANTAI PASOK,CLO 02,CLO2-03,MANAJEMEN_RANTAI_PASOK__CLO2-03,"Mampu mengidentifikasi dan menjelaskan perencanaan dalam Rantai Pasok, perencanaan dalam mengelola permintaan dan penawaran untuk mendapatkan keuntungan yang maksimal",Supply Chain & CRM,"Economics and Accounting (Knowledge, O*NET 30.3)","Mampu mengidentifikasi dan menjelaskan perencanaan dalam Rantai Pasok, perencanaan dalam mengelola permintaan dan penawaran untuk mendapatkan keuntungan yang maksimal",sub_clo,CLO02-03
MANAJEMEN RANTAI PASOK,CLO 02,CLO2-04,MANAJEMEN_RANTAI_PASOK__CLO2-04,Mampu mendeskripsikan peranan persediaan dalam rantai pasok dan menjelaskan kegiatan yang dapat dilakukan manajer untuk mengurangi persediaan tanpa meningkatkan biaya,Supply Chain & CRM,"Economics and Accounting (Knowledge, O*NET 30.3)",Mampu mendeskripsikan peranan persediaan dalam rantai pasok dan menjelaskan kegiatan yang dapat dilakukan manajer untuk mengurangi persediaan tanpa meningkatkan biaya,sub_clo,CLO02-04
MANAJEMEN RANTAI PASOK,CLO 06,CLO6-01,MANAJEMEN_RANTAI_PASOK__CLO6-01,Mampu menerapkan Manajemen Rantai Pasok dalam Sistem ERP,Enterprise Architecture & Integration | Supply Chain & CRM,"Economics and Accounting (Knowledge, O*NET 30.3) | Engineering and Technology (Knowledge, O*NET 30.3)",Mampu menerapkan Manajemen Rantai Pasok dalam Sistem ERP,sub_clo,CLO06-01
MANAJEMEN RANTAI PASOK,CLO 1,CLO1,MANAJEMEN_RANTAI_PASOK__CLO1,"Mampu memahami, menjelaskan dan menyatakan pendapat mengenai prinsip dasar Operasi dan Manajemen Rantai Pasok., mengidentifikasi dan menjelaskan komponen-komponen utama yang mempengaruhi dan digunakan untuk merancang Jaringan Rantai Pasok., mengidentifikasi dan menjelaskan perencanaan dalam Rantai Pasok, perencanaan dalam mengelola permintaan dan penawaran untuk mendapatkan keuntungan yang maksimal., mendeskripsikan peranan persediaan dalam rantai pasok dan menjelaskan kegiatan yang dapat dilakukan manajer untuk mengurangi persediaan tanpa meningkatkan biaya., mengidentifikasi dan menjelaskan perencanaan dalam Rantai Pasok, perencanaan dalam mengelola permintaan dan penawaran untuk mendapatkan keuntungan yang maksimal., serta Mampu menganalisis prinsip dan fungsi manajemen sistem informasi untuk mendukung strategi bisnis",Business Process & Information Systems | Computer Networking | Supply Chain & CRM,"Administration and Management (Knowledge, O*NET 30.3) | Economics and Accounting (Knowledge, O*NET 30.3) | Telecommunications (Knowledge, O*NET 30.3)",Mampu menganalisis prinsip dan fungsi manajemen sistem informasi untuk mendukung strategi bisnis. serta Mampu menggunakan perangkat lunak dalam pengelolaan sistem informasi perusahaan berbasis ERP,clo_level,CLO1
MANAJEMEN RANTAI PASOK,CLO 1,CLO1-01,MANAJEMEN_RANTAI_PASOK__CLO1-01,"Mampu memahami, menjelaskan dan menyatakan pendapat mengenai prinsip dasar Operasi dan Manajemen Rantai Pasok",Supply Chain & CRM,"Economics and Accounting (Knowledge, O*NET 30.3)","Mampu memahami, menjelaskan dan menyatakan pendapat mengenai prinsip dasar Operasi dan Manajemen Rantai Pasok",sub_clo,CLO1-1
MANAJEMEN RANTAI PASOK,CLO 1,CLO1-02,MANAJEMEN_RANTAI_PASOK__CLO1-02,Mampu mengidentifikasi dan menjelaskan komponen-komponen utama yang mempengaruhi dan digunakan untuk merancang Jaringan Rantai Pasok,Computer Networking | Supply Chain & CRM,"Economics and Accounting (Knowledge, O*NET 30.3) | Telecommunications (Knowledge, O*NET 30.3)",Mampu mengidentifikasi dan menjelaskan komponen-komponen utama yang mempengaruhi dan digunakan untuk merancang Jaringan Rantai Pasok,sub_clo,CLO1-2
MANAJEMEN RANTAI PASOK,CLO 1,CLO1-03,MANAJEMEN_RANTAI_PASOK__CLO1-03,"Mampu mengidentifikasi dan menjelaskan perencanaan dalam Rantai Pasok, perencanaan dalam mengelola permintaan dan penawaran untuk mendapatkan keuntungan yang maksimal",Supply Chain & CRM,"Economics and Accounting (Knowledge, O*NET 30.3)","Mampu mengidentifikasi dan menjelaskan perencanaan dalam Rantai Pasok, perencanaan dalam mengelola permintaan dan penawaran untuk mendapatkan keuntungan yang maksimal",sub_clo,CLO1-3
MANAJEMEN RANTAI PASOK,CLO 1,CLO1-04,MANAJEMEN_RANTAI_PASOK__CLO1-04,Mampu mendeskripsikan peranan persediaan dalam rantai pasok dan menjelaskan kegiatan yang dapat dilakukan manajer untuk mengurangi persediaan tanpa meningkatkan biaya,Supply Chain & CRM,"Economics and Accounting (Knowledge, O*NET 30.3)",Mampu mendeskripsikan peranan persediaan dalam rantai pasok dan menjelaskan kegiatan yang dapat dilakukan manajer untuk mengurangi persediaan tanpa meningkatkan biaya,sub_clo,CLO1-4
MANAJEMEN RANTAI PASOK,CLO 2,CLO2,MANAJEMEN_RANTAI_PASOK__CLO2,Mampu menerapkan Manajemen Rantai Pasok dalam Sistem ERP,Enterprise Architecture & Integration | Supply Chain & CRM,"Economics and Accounting (Knowledge, O*NET 30.3) | Engineering and Technology (Knowledge, O*NET 30.3)",Mampu menganalisis prinsip dan fungsi manajemen sistem informasi untuk mendukung strategi bisnis. serta Mampu menggunakan perangkat lunak dalam pengelolaan sistem informasi perusahaan berbasis ERP,clo_level,CLO2
MANAJEMEN RANTAI PASOK,CLO 2,CLO2-01b,MANAJEMEN_RANTAI_PASOK__CLO2-01b,"Mampu memahami, menjelaskan dan menyatakan pendapat mengenai prinsip dasar Operasi dan Manajemen Rantai Pasok",Supply Chain & CRM,"Economics and Accounting (Knowledge, O*NET 30.3)","Mampu memahami, menjelaskan dan menyatakan pendapat mengenai prinsip dasar Operasi dan Manajemen Rantai Pasok",sub_clo,CLO2-1
MANAJEMEN RISIKO TEKNOLOGI INFORMASI,CLO 1,CLO1-01,MANAJEMEN_RISIKO_TEKNOLOGI_INFORMASI__CLO1-01,Mampu menggunakan teknik pengelolaan risiko dalam era teknologi informasi,Information Security & Risk Management,"Public Safety and Security (Knowledge, O*NET 30.3)",Mampu menggunakan teknik pengelolaan risiko dalam era teknologi informasi,sub_clo,CLO1-1
MANAJEMEN RISIKO TEKNOLOGI INFORMASI,CLO 1,CLO1-02,MANAJEMEN_RISIKO_TEKNOLOGI_INFORMASI__CLO1-02,Mampu menggunakan teknik analisis manajemen risiko teknologi informasi dan penerapannya dalam organisasi,Information Security & Risk Management,"Public Safety and Security (Knowledge, O*NET 30.3)",Mampu menggunakan teknik analisis manajemen risiko teknologi informasi dan penerapannya dalam organisasi,sub_clo,CLO1-2
MANAJEMEN RISIKO TEKNOLOGI INFORMASI,CLO 2,CLO2-01,MANAJEMEN_RISIKO_TEKNOLOGI_INFORMASI__CLO2-01,Mampu menggunakan teknik pengelolaan risiko dalam era teknologi informasi,Information Security & Risk Management,"Public Safety and Security (Knowledge, O*NET 30.3)",Mampu menggunakan teknik pengelolaan risiko dalam era teknologi informasi,sub_clo,CLO2-1
MANAJEMEN RISIKO TEKNOLOGI INFORMASI,CLO 2,CLO2-02,MANAJEMEN_RISIKO_TEKNOLOGI_INFORMASI__CLO2-02,Mampu menggunakan teknik analisis manajemen risiko teknologi informasi untuk melindungi diri dari ancaman keamanan teknologi informasi,Information Security & Risk Management,"Public Safety and Security (Knowledge, O*NET 30.3)",Mampu menggunakan teknik analisis manajemen risiko teknologi informasi untuk melindungi diri dari ancaman keamanan teknologi informasi,sub_clo,CLO2-2
MANAJEMEN RISIKO TEKNOLOGI INFORMASI,CLO 2,CLO2-03,MANAJEMEN_RISIKO_TEKNOLOGI_INFORMASI__CLO2-03,Mampu menggunakan teknik dan kakas dalam menyusun kategori risiko eknologi Informasi,Information Security & Risk Management,"Public Safety and Security (Knowledge, O*NET 30.3)",Mampu menggunakan teknik dan kakas dalam menyusun kategori risiko eknologi Informasi,sub_clo,CLO2-3
MANAJEMEN RISIKO TEKNOLOGI INFORMASI,CLO 2,CLO2-04,MANAJEMEN_RISIKO_TEKNOLOGI_INFORMASI__CLO2-04,Mampu menggunakan teknik dan kakas dalam menyusun mitigasi risiko teknologi informasi,Information Security & Risk Management,"Public Safety and Security (Knowledge, O*NET 30.3)",Mampu menggunakan teknik dan kakas dalam menyusun mitigasi risiko teknologi informasi,sub_clo,CLO2-4
MANAJEMEN RISIKO TEKNOLOGI INFORMASI,CLO 3,CLO3-01,MANAJEMEN_RISIKO_TEKNOLOGI_INFORMASI__CLO3-01,Mampu merancang prinsip pengelolaan manajemen risiko teknologi informasi,Information Security & Risk Management,"Public Safety and Security (Knowledge, O*NET 30.3)",Mampu merancang prinsip pengelolaan manajemen risiko teknologi informasi,sub_clo,CLO3-1
MANAJEMEN RISIKO TEKNOLOGI INFORMASI,CLO 3,CLO3-02,MANAJEMEN_RISIKO_TEKNOLOGI_INFORMASI__CLO3-02,Mampu memahami dan merancang Penilaian Risiko eknologi Informasi,Information Security & Risk Management,"Public Safety and Security (Knowledge, O*NET 30.3)",Mampu memahami dan merancang Penilaian Risiko eknologi Informasi,sub_clo,CLO3-2
MANAJEMEN RISIKO TEKNOLOGI INFORMASI,CLO 3,CLO3-03,MANAJEMEN_RISIKO_TEKNOLOGI_INFORMASI__CLO3-03,Mampu merancang risiko teknologi informasi berdasarkan ISO 31000:2018,Information Security & Risk Management,"Public Safety and Security (Knowledge, O*NET 30.3)",Mampu merancang risiko teknologi informasi berdasarkan ISO 31000:2018,sub_clo,CLO3-3
MANAJEMEN SUMBER DAYA MANUSIA,CLO 1,CLO1-01,MANAJEMEN_SUMBER_DAYA_MANUSIA__CLO1-01,Mampu mengidentifikasi peran manajemen sumber daya manusia,Human Resource Management,"Personnel and Human Resources (Knowledge, O*NET 30.3)",Mampu mengidentifikasi peran manajemen sumber daya manusia,sub_clo,CLO1-1
MANAJEMEN SUMBER DAYA MANUSIA,CLO 2,CLO2-01,MANAJEMEN_SUMBER_DAYA_MANUSIA__CLO2-01,Mampu menjelaskan proses perencanaan sumberdaya manusia yang sesuai dengan strategi organisasi,Human Resource Management,"Personnel and Human Resources (Knowledge, O*NET 30.3)",Mampu menjelaskan proses perencanaan sumberdaya manusia yang sesuai dengan strategi organisasi,sub_clo,CLO2-1
MANAJEMEN SUMBER DAYA MANUSIA,CLO 2,CLO2-02,MANAJEMEN_SUMBER_DAYA_MANUSIA__CLO2-02,Mampu menjelaskan dan menghubungkan program pelatihan dengan kebutuhan organisasi,Human Resource Management,"Personnel and Human Resources (Knowledge, O*NET 30.3)",Mampu menjelaskan dan menghubungkan program pelatihan dengan kebutuhan organisasi,sub_clo,CLO2-2
MANAJEMEN SUMBER DAYA MANUSIA,CLO 2,CLO2-03,MANAJEMEN_SUMBER_DAYA_MANUSIA__CLO2-03,Mampu mengidentifikasi bagaimana pengembangan keahlian meliputi pelatihan dan pengembangan karyawan,Human Resource Management,"Personnel and Human Resources (Knowledge, O*NET 30.3)",Mampu mengidentifikasi bagaimana pengembangan keahlian meliputi pelatihan dan pengembangan karyawan,sub_clo,CLO2-3
MANAJEMEN SUMBER DAYA MANUSIA,CLO 3,CLO3-01,MANAJEMEN_SUMBER_DAYA_MANUSIA__CLO3-01,Mampu mengidentifikasi aktivitas pengukuran kinerja pegawai sesuai tujuan perusahaan,Human Resource Management,"Personnel and Human Resources (Knowledge, O*NET 30.3)",Mampu mengidentifikasi aktivitas pengukuran kinerja pegawai sesuai tujuan perusahaan,sub_clo,CLO3-1
MANAJEMEN SUMBER DAYA MANUSIA,CLO 3,CLO3-02,MANAJEMEN_SUMBER_DAYA_MANUSIA__CLO3-02,Mampu mengidentifikasi dan mendiskusikan jenis- jenis kompensasi karyawan,Human Resource Management,"Personnel and Human Resources (Knowledge, O*NET 30.3)",Mampu mengidentifikasi dan mendiskusikan jenis- jenis kompensasi karyawan,sub_clo,CLO3-2
MANAJEMEN SUMBER DAYA MANUSIA,CLO 4,CLO4-01,MANAJEMEN_SUMBER_DAYA_MANUSIA__CLO4-01,Mampu menyusun dan mengelola kualifikasi karyawan dengan mengimplementasi sistem enterprise terintegrasi,Software Engineering | Enterprise Architecture & Integration,"Engineering and Technology (Knowledge, O*NET 30.3)",Mampu menyusun dan mengelola kualifikasi karyawan dengan mengimplementasi sistem enterprise terintegrasi,sub_clo,CLO4-1
MANAJEMEN SUMBER DAYA MANUSIA,CLO 4,CLO4-02,MANAJEMEN_SUMBER_DAYA_MANUSIA__CLO4-02,Mampu mengaplikasikan dan mengelola personnel infotype berbasis sistem enterprise terintegrasi,Enterprise Architecture & Integration,"Engineering and Technology (Knowledge, O*NET 30.3)",Mampu mengaplikasikan dan mengelola personnel infotype berbasis sistem enterprise terintegrasi,sub_clo,CLO4-2
MANAJEMEN SUMBER DAYA MANUSIA,CLO 5,CLO5-01,MANAJEMEN_SUMBER_DAYA_MANUSIA__CLO5-01,Mampu mengaplikasikan dan mengevaluasi manajemen waktu dan penjadwalan karyawan dengan pengimplementasian sistem enterprise terintegrasi,Enterprise Architecture & Integration | Human Resource Management,"Engineering and Technology (Knowledge, O*NET 30.3) | Personnel and Human Resources (Knowledge, O*NET 30.3)",Mampu mengaplikasikan dan mengevaluasi manajemen waktu dan penjadwalan karyawan dengan pengimplementasian sistem enterprise terintegrasi,sub_clo,CLO5-1
MANAJEMEN SUMBER DAYA MANUSIA,CLO 5,CLO5-02,MANAJEMEN_SUMBER_DAYA_MANUSIA__CLO5-02,Mampu mengaplikasikan dan mengevaluasi proses rekrutmen dan on- boarding karyawan dengan mengimplementasi sistem enterprise terintegrasi,Software Engineering | Enterprise Architecture & Integration | Human Resource Management,"Engineering and Technology (Knowledge, O*NET 30.3) | Personnel and Human Resources (Knowledge, O*NET 30.3)",Mampu mengaplikasikan dan mengevaluasi proses rekrutmen dan on- boarding karyawan dengan mengimplementasi sistem enterprise terintegrasi,sub_clo,CLO5-2
MATEMATIKA DISKRIT,CLO 1,CLO1-01,MATEMATIKA_DISKRIT__CLO1-01,"Mampu menerapkan prinsip permutasi, combinassi, pigeon hole, dan peluang diskrit untuk menyelesaikan masalah kombinatorial",Statistics & Mathematics,"Mathematics (Knowledge, O*NET 30.3)","Mampu menerapkan prinsip permutasi, combinassi, pigeon hole, dan peluang diskrit untuk menyelesaikan masalah kombinatorial",sub_clo,CLO1-1.1
MATEMATIKA DISKRIT,CLO 1,CLO1-02,MATEMATIKA_DISKRIT__CLO1-02,"Mampu menggunakan tabel kebenaran, prinsip implikasi dan biimplikasi untuk menyimpulkan kesahihan argumen",Statistics & Mathematics,"Mathematics (Knowledge, O*NET 30.3)","Mampu menggunakan tabel kebenaran, prinsip implikasi dan biimplikasi untuk menyimpulkan kesahihan argumen",sub_clo,CLO1-2
MATEMATIKA DISKRIT,CLO 1,CLO1-03,MATEMATIKA_DISKRIT__CLO1-03,"Mampu menjelaskan teori, operasi, dan hukum- hukum serca prinsip yang berkailan dengan himpunan",Statistics & Mathematics,"Mathematics (Knowledge, O*NET 30.3)","Mampu menjelaskan teori, operasi, dan hukum- hukum serca prinsip yang berkailan dengan himpunan",sub_clo,CLO1-3
MATEMATIKA DISKRIT,CLO 1,CLO1-04,MATEMATIKA_DISKRIT__CLO1-04,"Mampu menjelaskan definisi, representasi, serta prinsip- prinsip matriks, relasi, dan fungsi",Statistics & Mathematics | Professional & Soft Skills,"Active Listening + Speaking (Essential Skills, O*NET 30.3) | Mathematics (Knowledge, O*NET 30.3)","Mampu menjelaskan definisi, representasi, serta prinsip- prinsip matriks, relasi, dan fungsi",sub_clo,CLO1-4
MATEMATIKA DISKRIT,CLO 1,CLO1-05,MATEMATIKA_DISKRIT__CLO1-05,"Mampu menerapkan prinsip permutasi, combinassi, pigeon hole, dan peluang diskrit untuk menyelesaikan masalah kombinatorial",Statistics & Mathematics,"Mathematics (Knowledge, O*NET 30.3)","Mampu menerapkan prinsip permutasi, combinassi, pigeon hole, dan peluang diskrit untuk menyelesaikan masalah kombinatorial",sub_clo,CLO1-5
MATEMATIKA DISKRIT,CLO 2,CLO2-03,MATEMATIKA_DISKRIT__CLO2-03,Mampu menerapkan prinsip graf untuk menyelesaikan masalah tertentu dalam pemodelan jaringan,Statistics & Mathematics,"Mathematics (Knowledge, O*NET 30.3)",Mampu menerapkan prinsip graf untuk menyelesaikan masalah tertentu dalam pemodelan jaringan,sub_clo,CLO2-3
MATEMATIKA DISKRIT,CLO 2,CLO2-04,MATEMATIKA_DISKRIT__CLO2-04,Mampu menerapkan prinsip tree (pohon) untuk menyelesaikan masalah tertentu,Statistics & Mathematics,"Mathematics (Knowledge, O*NET 30.3)",Mampu menerapkan prinsip tree (pohon) untuk menyelesaikan masalah tertentu,sub_clo,CLO2-4
MATEMATIKA UNTUK SISTEM INFORMASI,CLO 1,CLO1-01,MATEMATIKA_UNTUK_SISTEM_INFORMASI__CLO1-01,Mampu menerapkan sifat-sifat pada himpunan bilangan real untuk menyelesaikan persoalan pada pertidaksamaan dan fungsi,Statistics & Mathematics,"Mathematics (Knowledge, O*NET 30.3)",Mampu menerapkan sifat-sifat pada himpunan bilangan real untuk menyelesaikan persoalan pada pertidaksamaan dan fungsi,sub_clo,CLO1-01
MATEMATIKA UNTUK SISTEM INFORMASI,CLO 1,CLO1-02,MATEMATIKA_UNTUK_SISTEM_INFORMASI__CLO1-02,Mampu memahami konsep turunan dan integral dalam masalah optimasi pemodelan sistem informasi,Statistics & Mathematics | Business Process & Information Systems,"Administration and Management (Knowledge, O*NET 30.3) | Mathematics (Knowledge, O*NET 30.3)",Mampu memahami konsep turunan dan integral dalam masalah optimasi pemodelan sistem informasi,sub_clo,CLO1-02
MATEMATIKA UNTUK SISTEM INFORMASI,CLO 2,CLO2-03,MATEMATIKA_UNTUK_SISTEM_INFORMASI__CLO2-03,Mampu menerapkan konsep matriks dan vektor dalam permasalahan bidang sistem informasi,Statistics & Mathematics | Business Process & Information Systems,"Administration and Management (Knowledge, O*NET 30.3) | Mathematics (Knowledge, O*NET 30.3)",Mampu menerapkan konsep matriks dan vektor dalam permasalahan bidang sistem informasi,sub_clo,CLO2-03
METODE PENELITIAN DAN PENYUSUNAN KARYA ILMIAH,CLO 1,CLO1,METODE_PENELITIAN_DAN_PENYUSUNAN_KARYA_ILMIAH__CLO1,"Mampu mahasiswa menganalisis lingkup penelitian dalam bidang Sistem Informasi, mahasiswa menjelaskan framework penelitian untuk Sistem informasi, mencari literatur yang tepat untuk menyelesaikan tujuan TA, serta membuat mindmap secara terstruktur mengenai literatur yang berkaitan untuk membangun produk TA secara tepat dan sesuai",Business Process & Information Systems | Research & Academic Writing,"Administration and Management (Knowledge, O*NET 30.3) | Critical Thinking + Writing (Essential Skills, O*NET 30.3)","Mampu mengidentifikasi kebutuhan sistem informasi dalam konteks enterprise atau masyarakat, Mampu menganalisis permasalahan dalam bidang infokom dalam konteks enterprise atau masyarakat, Mahasiswa mampu menulis dokumen profesional sesuai dengan konteks profesional, serta Mampu menggunakan metode tertentu dalam keilmuan sistem informasi dalam konteks penelitian atau proyek nyata",clo_level,CLO1
METODE PENELITIAN DAN PENYUSUNAN KARYA ILMIAH,CLO 1,CLO1-01,METODE_PENELITIAN_DAN_PENYUSUNAN_KARYA_ILMIAH__CLO1-01,Mahasiswa menganalisis lingkup penelitian dalam bidang Sistem Informasi,Business Process & Information Systems | Research & Academic Writing,"Administration and Management (Knowledge, O*NET 30.3) | Critical Thinking + Writing (Essential Skills, O*NET 30.3)",Mahasiswa menganalisis lingkup penelitian dalam bidang Sistem Informasi,sub_clo,CLO1-1
METODE PENELITIAN DAN PENYUSUNAN KARYA ILMIAH,CLO 1,CLO1-02,METODE_PENELITIAN_DAN_PENYUSUNAN_KARYA_ILMIAH__CLO1-02,Mahasiswa menjelaskan framework penelitian untuk Sistem informasi,Business Process & Information Systems | Research & Academic Writing,"Administration and Management (Knowledge, O*NET 30.3) | Critical Thinking + Writing (Essential Skills, O*NET 30.3)",Mahasiswa menjelaskan framework penelitian untuk Sistem informasi,sub_clo,CLO1-2
METODE PENELITIAN DAN PENYUSUNAN KARYA ILMIAH,CLO 1,CLO1-03,METODE_PENELITIAN_DAN_PENYUSUNAN_KARYA_ILMIAH__CLO1-03,Mahasiswa mampu mencari literatur yang tepat untuk menyelesaikan tujuan TA,Research & Academic Writing,"Critical Thinking + Writing (Essential Skills, O*NET 30.3)",Mahasiswa mampu mencari literatur yang tepat untuk menyelesaikan tujuan TA,sub_clo,CLO1-3
METODE PENELITIAN DAN PENYUSUNAN KARYA ILMIAH,CLO 1,CLO1-04,METODE_PENELITIAN_DAN_PENYUSUNAN_KARYA_ILMIAH__CLO1-04,Mahasiswa mampu membuat mindmap secara terstruktur mengenai literatur yang berkaitan untuk membangun produk TA secara tepat dan sesuai,Research & Academic Writing,"Critical Thinking + Writing (Essential Skills, O*NET 30.3)",Mahasiswa mampu membuat mindmap secara terstruktur mengenai literatur yang berkaitan untuk membangun produk TA secara tepat dan sesuai,sub_clo,CLO1-4
METODE PENELITIAN DAN PENYUSUNAN KARYA ILMIAH,CLO 2,CLO2,METODE_PENELITIAN_DAN_PENYUSUNAN_KARYA_ILMIAH__CLO2,"Mampu memberikan solusi terhadap permasalahan TA sesuai dengan domain SI, mengidentifikasikan permasalahan TA, mahassiwa mampu menentukan pentingnya permasalahan dan hasil TA yang akan dihasilkan berdasar data dari sumber yang akurat, serta mencari dan menyusun dasar literatur sesuai dengan permasalahan dan solusi TA",Research & Academic Writing,"Critical Thinking + Writing (Essential Skills, O*NET 30.3)","Mampu mengidentifikasi kebutuhan sistem informasi dalam konteks enterprise atau masyarakat, Mampu menganalisis permasalahan dalam bidang infokom dalam konteks enterprise atau masyarakat, Mahasiswa mampu menulis dokumen profesional sesuai dengan konteks profesional, serta Mampu menggunakan metode tertentu dalam keilmuan sistem informasi dalam konteks penelitian atau proyek nyata",clo_level,CLO2
METODE PENELITIAN DAN PENYUSUNAN KARYA ILMIAH,CLO 2,CLO2-01,METODE_PENELITIAN_DAN_PENYUSUNAN_KARYA_ILMIAH__CLO2-01,Mahasiswa mampu mengidentifikasikan permasalahan TA,Research & Academic Writing,"Critical Thinking + Writing (Essential Skills, O*NET 30.3)",Mahasiswa mampu mengidentifikasikan permasalahan TA,sub_clo,CLO2-1
METODE PENELITIAN DAN PENYUSUNAN KARYA ILMIAH,CLO 2,CLO2-02,METODE_PENELITIAN_DAN_PENYUSUNAN_KARYA_ILMIAH__CLO2-02,Mahasiswa mampu memberikan solusi terhadap permasalahan TA sesuai dengan domain SI,Research & Academic Writing,"Critical Thinking + Writing (Essential Skills, O*NET 30.3)",Mahasiswa mampu memberikan solusi terhadap permasalahan TA sesuai dengan domain SI,sub_clo,CLO2-2
METODE PENELITIAN DAN PENYUSUNAN KARYA ILMIAH,CLO 2,CLO2-03,METODE_PENELITIAN_DAN_PENYUSUNAN_KARYA_ILMIAH__CLO2-03,Mahassiwa mampu menentukan pentingnya permasalahan dan hasil TA yang akan dihasilkan berdasar data dari sumber yang akurat,Research & Academic Writing,"Critical Thinking + Writing (Essential Skills, O*NET 30.3)",Mahassiwa mampu menentukan pentingnya permasalahan dan hasil TA yang akan dihasilkan berdasar data dari sumber yang akurat,sub_clo,CLO2-3
METODE PENELITIAN DAN PENYUSUNAN KARYA ILMIAH,CLO 2,CLO2-04,METODE_PENELITIAN_DAN_PENYUSUNAN_KARYA_ILMIAH__CLO2-04,Mahasiswa mampu mencari dan menyusun dasar literatur sesuai dengan permasalahan dan solusi TA,Research & Academic Writing,"Critical Thinking + Writing (Essential Skills, O*NET 30.3)",Mahasiswa mampu mencari dan menyusun dasar literatur sesuai dengan permasalahan dan solusi TA,sub_clo,CLO2-4
METODE PENELITIAN DAN PENYUSUNAN KARYA ILMIAH,CLO 3,CLO3,METODE_PENELITIAN_DAN_PENYUSUNAN_KARYA_ILMIAH__CLO3,"Mampu menulis laporan dan proposal TA sesuai secara terstruktur dan sesuai dengan aturan dan template penulisan laporan atau proposal TA, mencantumkan sumber literatur pada laporan atau proposal TA sesuai dengan ketentuan aturan (standar) yang ditetapkan dengan benar, memahami struktur pembuatan makalah dan mekanisme publikasi karya ilmiah, mengidentikasikan bagian-bagian makalah, menulis laporan karya ilmiah, serta menggunakan bahasa Inggris untuk mencari dan memahami referensi TA",Research & Academic Writing | Professional & Soft Skills,"Active Listening + Speaking (Essential Skills, O*NET 30.3) | Critical Thinking + Writing (Essential Skills, O*NET 30.3)","Mampu mengidentifikasi kebutuhan sistem informasi dalam konteks enterprise atau masyarakat, Mampu menganalisis permasalahan dalam bidang infokom dalam konteks enterprise atau masyarakat, Mahasiswa mampu menulis dokumen profesional sesuai dengan konteks profesional, serta Mampu menggunakan metode tertentu dalam keilmuan sistem informasi dalam konteks penelitian atau proyek nyata",clo_level,CLO3
METODE PENELITIAN DAN PENYUSUNAN KARYA ILMIAH,CLO 3,CLO3-01,METODE_PENELITIAN_DAN_PENYUSUNAN_KARYA_ILMIAH__CLO3-01,Mahasiswa mampu menulis laporan dan proposal TA sesuai secara terstruktur dan sesuai dengan aturan dan template penulisan laporan atau proposal TA,Research & Academic Writing,"Critical Thinking + Writing (Essential Skills, O*NET 30.3)",Mahasiswa mampu menulis laporan dan proposal TA sesuai secara terstruktur dan sesuai dengan aturan dan template penulisan laporan atau proposal TA,sub_clo,CLO3-1
METODE PENELITIAN DAN PENYUSUNAN KARYA ILMIAH,CLO 3,CLO3-02,METODE_PENELITIAN_DAN_PENYUSUNAN_KARYA_ILMIAH__CLO3-02,Mahasiswa mampu mencantumkan sumber literatur pada laporan atau proposal TA sesuai dengan ketentuan aturan (standar) yang ditetapkan dengan benar,Research & Academic Writing,"Critical Thinking + Writing (Essential Skills, O*NET 30.3)",Mahasiswa mampu mencantumkan sumber literatur pada laporan atau proposal TA sesuai dengan ketentuan aturan (standar) yang ditetapkan dengan benar,sub_clo,CLO3-2
METODE PENELITIAN DAN PENYUSUNAN KARYA ILMIAH,CLO 3,CLO3-03,METODE_PENELITIAN_DAN_PENYUSUNAN_KARYA_ILMIAH__CLO3-03,Mahasiswa mampu memahami struktur pembuatan makalah dan mekanisme publikasi karya ilmiah,Research & Academic Writing,"Critical Thinking + Writing (Essential Skills, O*NET 30.3)",Mahasiswa mampu memahami struktur pembuatan makalah dan mekanisme publikasi karya ilmiah,sub_clo,CLO3-3
METODE PENELITIAN DAN PENYUSUNAN KARYA ILMIAH,CLO 3,CLO3-04,METODE_PENELITIAN_DAN_PENYUSUNAN_KARYA_ILMIAH__CLO3-04,Mahasiswa mampu mengidentikasikan bagian-bagian makalah,Research & Academic Writing,"Critical Thinking + Writing (Essential Skills, O*NET 30.3)",Mahasiswa mampu mengidentikasikan bagian-bagian makalah,sub_clo,CLO3-4
METODE PENELITIAN DAN PENYUSUNAN KARYA ILMIAH,CLO 3,CLO3-05,METODE_PENELITIAN_DAN_PENYUSUNAN_KARYA_ILMIAH__CLO3-05,Mahasiswa mampu menulis laporan karya ilmiah,Research & Academic Writing,"Critical Thinking + Writing (Essential Skills, O*NET 30.3)",Mahasiswa mampu menulis laporan karya ilmiah,sub_clo,CLO3-5
METODE PENELITIAN DAN PENYUSUNAN KARYA ILMIAH,CLO 3,CLO3-06,METODE_PENELITIAN_DAN_PENYUSUNAN_KARYA_ILMIAH__CLO3-06,Mahasiswa mampu menggunakan bahasa Inggris untuk mencari dan memahami referensi TA,Professional & Soft Skills,"Active Listening + Speaking (Essential Skills, O*NET 30.3)",Mahasiswa mampu menggunakan bahasa Inggris untuk mencari dan memahami referensi TA,sub_clo,CLO3-6
METODE PENELITIAN DAN PENYUSUNAN KARYA ILMIAH,CLO 4,CLO4,METODE_PENELITIAN_DAN_PENYUSUNAN_KARYA_ILMIAH__CLO4,"Mampu mencari metode- metode penelitian yang sesuai dari berbagai literatur untuk digunakan dalam penyelesaian TA, menentukan satu metode yang sesuai dengan TA dan mampu menjelaskan alasannya, menentukan langkah-langkah konkret berdasarkan metode yang dipilih untuk menyelesaian tujuan TA serta memvalidasi hasil TA, serta menentukan metode untuk membuat produk dari TA dan cara evaluasi dari hasil TA",Software Engineering | Research & Academic Writing,"Critical Thinking + Writing (Essential Skills, O*NET 30.3) | Engineering and Technology (Knowledge, O*NET 30.3)","Mampu mengidentifikasi kebutuhan sistem informasi dalam konteks enterprise atau masyarakat, Mampu menganalisis permasalahan dalam bidang infokom dalam konteks enterprise atau masyarakat, Mahasiswa mampu menulis dokumen profesional sesuai dengan konteks profesional, serta Mampu menggunakan metode tertentu dalam keilmuan sistem informasi dalam konteks penelitian atau proyek nyata",clo_level,CLO4
METODE PENELITIAN DAN PENYUSUNAN KARYA ILMIAH,CLO 4,CLO4-01,METODE_PENELITIAN_DAN_PENYUSUNAN_KARYA_ILMIAH__CLO4-01,Mahasiswa mampu mencari metode- metode penelitian yang sesuai dari berbagai literatur untuk digunakan dalam penyelesaian TA,Research & Academic Writing,"Critical Thinking + Writing (Essential Skills, O*NET 30.3)",Mahasiswa mampu mencari metode- metode penelitian yang sesuai dari berbagai literatur untuk digunakan dalam penyelesaian TA,sub_clo,CLO4-1
METODE PENELITIAN DAN PENYUSUNAN KARYA ILMIAH,CLO 4,CLO4-02,METODE_PENELITIAN_DAN_PENYUSUNAN_KARYA_ILMIAH__CLO4-02,Mahasiswa mampu menentukan satu metode yang sesuai dengan TA dan mampu menjelaskan alasannya,Research & Academic Writing,"Critical Thinking + Writing (Essential Skills, O*NET 30.3)",Mahasiswa mampu menentukan satu metode yang sesuai dengan TA dan mampu menjelaskan alasannya,sub_clo,CLO4-2
METODE PENELITIAN DAN PENYUSUNAN KARYA ILMIAH,CLO 4,CLO4-03,METODE_PENELITIAN_DAN_PENYUSUNAN_KARYA_ILMIAH__CLO4-03,Mahasiswa mampu menentukan langkah-langkah konkret berdasarkan metode yang dipilih untuk menyelesaian tujuan TA serta memvalidasi hasil TA,Software Engineering | Research & Academic Writing,"Critical Thinking + Writing (Essential Skills, O*NET 30.3) | Engineering and Technology (Knowledge, O*NET 30.3)",Mahasiswa mampu menentukan langkah-langkah konkret berdasarkan metode yang dipilih untuk menyelesaian tujuan TA serta memvalidasi hasil TA,sub_clo,CLO4-3
METODE PENELITIAN DAN PENYUSUNAN KARYA ILMIAH,CLO 4,CLO4-04,METODE_PENELITIAN_DAN_PENYUSUNAN_KARYA_ILMIAH__CLO4-04,Mahasiswa mampu menentukan metode untuk membuat produk dari TA dan cara evaluasi dari hasil TA,Research & Academic Writing,"Critical Thinking + Writing (Essential Skills, O*NET 30.3)",Mahasiswa mampu menentukan metode untuk membuat produk dari TA dan cara evaluasi dari hasil TA,sub_clo,CLO4-4
PEMERINTAHAN ELEKTRONIK DAN KOTA CERDAS,CLO 1,CLO1-01,PEMERINTAHAN_ELEKTRONIK_DAN_KOTA_CERDAS__CLO1-01,Mahasiswa mampu memahami domain smart city,Smart City & E-Government,"Engineering and Technology (Knowledge, O*NET 30.3)",Mahasiswa mampu memahami domain smart city,sub_clo,CLO1-1
PEMERINTAHAN ELEKTRONIK DAN KOTA CERDAS,CLO 1,CLO1-02,PEMERINTAHAN_ELEKTRONIK_DAN_KOTA_CERDAS__CLO1-02,Mahasiswa mampu memberikan keilmuan sistem informasi untuk analisa implementasi di lingkungan pemerintah,Business Process & Information Systems,"Administration and Management (Knowledge, O*NET 30.3)",Mahasiswa mampu memberikan keilmuan sistem informasi untuk analisa implementasi di lingkungan pemerintah,sub_clo,CLO1-2
PEMERINTAHAN ELEKTRONIK DAN KOTA CERDAS,CLO 3,CLO3-01,PEMERINTAHAN_ELEKTRONIK_DAN_KOTA_CERDAS__CLO3-01,Mahasiswa bisa menerapkan dan merekayasa solusi untuk smart city,Smart City & E-Government,"Engineering and Technology (Knowledge, O*NET 30.3)",Mahasiswa bisa menerapkan dan merekayasa solusi untuk smart city,sub_clo,CLO3-1
PEMERINTAHAN ELEKTRONIK DAN KOTA CERDAS,CLO 4,CLO4-01,PEMERINTAHAN_ELEKTRONIK_DAN_KOTA_CERDAS__CLO4-01,"Mahasiswa mampu memberikan solusi inovasi, ide dan gagasan untuk smart city",Smart City & E-Government,"Engineering and Technology (Knowledge, O*NET 30.3)","Mahasiswa mampu memberikan solusi inovasi, ide dan gagasan untuk smart city",sub_clo,CLO4-1
PEMODELAN PROSES BISNIS,CLO 1,CLO1-01,PEMODELAN_PROSES_BISNIS__CLO1-01,Mampu mengaplikasikan kemampuan berkomunikasi yang efektif untuk menggali kebutuhan,Professional & Soft Skills,"Active Listening + Speaking (Essential Skills, O*NET 30.3)",Mampu mengaplikasikan kemampuan berkomunikasi yang efektif untuk menggali kebutuhan,sub_clo,CLO1-1
PEMODELAN PROSES BISNIS,CLO 1,CLO1-02,PEMODELAN_PROSES_BISNIS__CLO1-02,"Mampu mengaplikasikan kemampuan berkomunikasi yang efektif untuk menyampaikan hasil pekerjaannya, menerima saran & masukan terkait hasil pekerjaannya, dan menunjukkan pemahaman melalui diskusi atau pertanyaan lanjutan",Professional & Soft Skills,"Active Listening + Speaking (Essential Skills, O*NET 30.3)","Mampu mengaplikasikan kemampuan berkomunikasi yang efektif untuk menyampaikan hasil pekerjaannya, menerima saran & masukan terkait hasil pekerjaannya, dan menunjukkan pemahaman melalui diskusi atau pertanyaan lanjutan",sub_clo,CLO1-2
PEMODELAN PROSES BISNIS,CLO 2,CLO2-01,PEMODELAN_PROSES_BISNIS__CLO2-01,Mampu menggunakan teknik dan kakas Pemodelan proses bisnis,Business Process & Information Systems,"Administration and Management (Knowledge, O*NET 30.3)",Mampu menggunakan teknik dan kakas Pemodelan proses bisnis,sub_clo,CLO2-1
PEMODELAN PROSES BISNIS,CLO 3,CLO3-01,PEMODELAN_PROSES_BISNIS__CLO3-01,Mampu mamahami penerapan proses bisnis pada tingkat organisasi yang berbeda,Business Process & Information Systems,"Administration and Management (Knowledge, O*NET 30.3)",Mampu mamahami penerapan proses bisnis pada tingkat organisasi yang berbeda,sub_clo,CLO3-1
PEMODELAN PROSES BISNIS,CLO 4,CLO4-01,PEMODELAN_PROSES_BISNIS__CLO4-01,Mampu membuat model proses bisnis (tingkat dasar dan tingkat lanjut),Business Process & Information Systems,"Administration and Management (Knowledge, O*NET 30.3)",Mampu membuat model proses bisnis (tingkat dasar dan tingkat lanjut),sub_clo,CLO4-1
PEMROGRAMAN BERORIENTASI OBJEK,CLO 1,CLO1-01,PEMROGRAMAN_BERORIENTASI_OBJEK__CLO1-01,Mampu menjelaskan prinsip- prinsip pemrograman berorientasi objek,Programming & Algorithm,"Computers and Electronics (Knowledge, O*NET 30.3)",Mampu menjelaskan prinsip- prinsip pemrograman berorientasi objek,sub_clo,CLO1-01
PEMROGRAMAN BERORIENTASI OBJEK,CLO 2,CLO2-02,PEMROGRAMAN_BERORIENTASI_OBJEK__CLO2-02,Mampu mengidentifikasi class dan objek kedalam bentuk koding program,Programming & Algorithm,"Computers and Electronics (Knowledge, O*NET 30.3)",Mampu mengidentifikasi class dan objek kedalam bentuk koding program,sub_clo,CLO2-02
PEMROGRAMAN BERORIENTASI OBJEK,CLO 2,CLO2-03,PEMROGRAMAN_BERORIENTASI_OBJEK__CLO2-03,Mampu mengidentifikasi konsep konsep-konsep objek oriented yang tepat untuk menyelesaikan permasalahan(aplikasi/sistem) yang sedang diselesaikan,Programming & Algorithm,"Computers and Electronics (Knowledge, O*NET 30.3)",Mampu mengidentifikasi konsep konsep-konsep objek oriented yang tepat untuk menyelesaikan permasalahan(aplikasi/sistem) yang sedang diselesaikan,sub_clo,CLO2-03
PEMROGRAMAN BERORIENTASI OBJEK,CLO 3,CLO3-04,PEMROGRAMAN_BERORIENTASI_OBJEK__CLO3-04,Mampu menggunakan konsep-konsep objek oriented untuk menyelesaikan persoalan (aplikias/sistem)dalam bentuk koding program,Programming & Algorithm,"Computers and Electronics (Knowledge, O*NET 30.3)",Mampu menggunakan konsep-konsep objek oriented untuk menyelesaikan persoalan (aplikias/sistem)dalam bentuk koding program,sub_clo,CLO3-04
PEMROGRAMAN BERORIENTASI OBJEK,CLO 3,CLO3-05,PEMROGRAMAN_BERORIENTASI_OBJEK__CLO3-05,Mampu mengidentifikasi dan mengimplementasikan class dan objek kedalam bentuk koding program,Programming & Algorithm,"Computers and Electronics (Knowledge, O*NET 30.3)",Mampu mengidentifikasi dan mengimplementasikan class dan objek kedalam bentuk koding program,sub_clo,CLO3-05
PEMROSESAN BAHASA ALAMI,CLO 1,CLO1-01,PEMROSESAN_BAHASA_ALAMI__CLO1-01,Mampu menjelaskan konsep Natural Language Processing (NLP),Natural Language Processing,"Computers and Electronics (Knowledge, O*NET 30.3)",Mampu menjelaskan konsep Natural Language Processing (NLP),sub_clo,CLO1-1
PEMROSESAN BAHASA ALAMI,CLO 1,CLO1-02,PEMROSESAN_BAHASA_ALAMI__CLO1-02,Mampu menjelaskan konsep sentimen analisis,Natural Language Processing,"Computers and Electronics (Knowledge, O*NET 30.3)",Mampu menjelaskan konsep sentimen analisis,sub_clo,CLO1-2
PEMROSESAN BAHASA ALAMI,CLO 1,CLO1-03,PEMROSESAN_BAHASA_ALAMI__CLO1-03,Mampu memahami cara kerja mesin pencari sebagai implementasi text Processing dalam Information Retrieval (IR),Natural Language Processing,"Computers and Electronics (Knowledge, O*NET 30.3)",Mampu memahami cara kerja mesin pencari sebagai implementasi text Processing dalam Information Retrieval (IR),sub_clo,CLO1-3
PEMROSESAN BAHASA ALAMI,CLO 2,CLO2-01,PEMROSESAN_BAHASA_ALAMI__CLO2-01,Mampu melakukan Scraping data dari beberapa sumber,Natural Language Processing,"Computers and Electronics (Knowledge, O*NET 30.3)",Mampu melakukan Scraping data dari beberapa sumber,sub_clo,CLO2-1
PEMROSESAN BAHASA ALAMI,CLO 2,CLO2-02,PEMROSESAN_BAHASA_ALAMI__CLO2-02,Mampu melakukan tahapan preprocessing dokumen,Natural Language Processing | Data Mining & Analytics,"Computers and Electronics (Knowledge, O*NET 30.3) | Computers and Electronics + Mathematics (Knowledge, O*NET 30.3)",Mampu melakukan tahapan preprocessing dokumen,sub_clo,CLO2-2
PEMROSESAN BAHASA ALAMI,CLO 2,CLO2-03,PEMROSESAN_BAHASA_ALAMI__CLO2-03,Memahami konsep pembobotan kata,Natural Language Processing,"Computers and Electronics (Knowledge, O*NET 30.3)",Memahami konsep pembobotan kata,sub_clo,CLO2-3
PEMROSESAN BAHASA ALAMI,CLO 2,CLO2-04,PEMROSESAN_BAHASA_ALAMI__CLO2-04,Memahami konsep rule-based dalam tex processing dan implementasi text processing sederhana,Natural Language Processing,"Computers and Electronics (Knowledge, O*NET 30.3)",Memahami konsep rule-based dalam tex processing dan implementasi text processing sederhana,sub_clo,CLO2-4
PEMROSESAN BAHASA ALAMI,CLO 3,CLO3-01,PEMROSESAN_BAHASA_ALAMI__CLO3-01,Mengimplementasikan sentimen analisis,Natural Language Processing,"Computers and Electronics (Knowledge, O*NET 30.3)",Mengimplementasikan sentimen analisis,sub_clo,CLO3-1
PEMROSESAN BAHASA ALAMI,CLO 3,CLO3-02,PEMROSESAN_BAHASA_ALAMI__CLO3-02,Mampu mengimplementasikan teknik topic modelling,Natural Language Processing,"Computers and Electronics (Knowledge, O*NET 30.3)",Mampu mengimplementasikan teknik topic modelling,sub_clo,CLO3-2
PEMROSESAN BAHASA ALAMI,CLO 3,CLO3-03,PEMROSESAN_BAHASA_ALAMI__CLO3-03,Mampu mengimplementasikan klasifikasi dan teknik teks mining lainnya,Artificial Intelligence | Natural Language Processing,"Computers and Electronics (Knowledge, O*NET 30.3)",Mampu mengimplementasikan klasifikasi dan teknik teks mining lainnya,sub_clo,CLO3-3
PEMROSESAN BAHASA ALAMI,CLO 3,CLO3-04,PEMROSESAN_BAHASA_ALAMI__CLO3-04,Menyelsaikan pemaslahan dengan teknik pemrosesan bahasa alami,Natural Language Processing,"Computers and Electronics (Knowledge, O*NET 30.3)",Menyelsaikan pemaslahan dengan teknik pemrosesan bahasa alami,sub_clo,CLO3-4
PENAMBANGAN DATA,CLO 1,CLO1,PENAMBANGAN_DATA__CLO1,Mampu menjelaskan tentang dasar-dasar data mining serta membuat pemodelan yang berasal dari kasus nyata yang dapat dijadikan sebagai bahan pengambilan keputusan/ kebijakan,Data Mining & Analytics,"Computers and Electronics + Mathematics (Knowledge, O*NET 30.3)",Mampu memodelkan kebutuhan infokom dalam konteks enterprise atau masyarakat Mampu menerapkan pengetahuan statistika fundamental dalam lingkup ilmu sistem Informasi Mampu mengembangkan solusi berbasis sistem informasi menggunakan metodologi pengembangan yang tepat. Mampu menggunakan metode dan perangkat lunak terkini untuk menghasilkan solusi di bidang data dalam konteks kasus nyata,clo_level,CLO1
PENAMBANGAN DATA,CLO 1,CLO1-01,PENAMBANGAN_DATA__CLO1-01,Mahasiswa mampu menjelaskan tentang dasar-dasar data mining,Data Mining & Analytics,"Computers and Electronics + Mathematics (Knowledge, O*NET 30.3)",Mahasiswa mampu menjelaskan tentang dasar-dasar data mining,sub_clo,CLO1-1
PENAMBANGAN DATA,CLO 1,CLO1-02,PENAMBANGAN_DATA__CLO1-02,Mahasiswa mampu membuat pemodelan data yang sesuai dengan jenis data yang digunakan sehingga menghasilkan informasi yang dapat dimanfaatkan dalam pengambilan keputusan/ kebijakan,Database & Data Management | Data Mining & Analytics,"Computers and Electronics (Knowledge, O*NET 30.3) | Computers and Electronics + Mathematics (Knowledge, O*NET 30.3)",Mahasiswa mampu membuat pemodelan data yang sesuai dengan jenis data yang digunakan sehingga menghasilkan informasi yang dapat dimanfaatkan dalam pengambilan keputusan/ kebijakan,sub_clo,CLO1-2
PENAMBANGAN DATA,CLO 1,CLO1-03,PENAMBANGAN_DATA__CLO1-03,Mahasiswa mampu membuat pemodelan yang berasal dari kasus nyata yang dapat dijadikan sebagai bahan pengambilan keputusan/ kebijakan,Data Mining & Analytics,"Computers and Electronics + Mathematics (Knowledge, O*NET 30.3)",Mahasiswa mampu membuat pemodelan yang berasal dari kasus nyata yang dapat dijadikan sebagai bahan pengambilan keputusan/ kebijakan,sub_clo,CLO1-3
PENAMBANGAN DATA,CLO 2,CLO2,PENAMBANGAN_DATA__CLO2,"Mampu melakukan eksplorasi data sesuai dengan jenis data dan kebutuhan informasi, menerapkan metode statistika dalam pemodelan data mining untuk mendapatkan informasi yang bermanfaat, serta menginterpretasikan data dalam bentuk statistika deskriptif, baik dalam bentuk statistik data maupun visualisasi data",Database & Data Management | Data Mining & Analytics | Enterprise Architecture & Integration | Statistics & Mathematics,"Computers and Electronics (Knowledge, O*NET 30.3) | Computers and Electronics + Mathematics (Knowledge, O*NET 30.3) | Engineering and Technology (Knowledge, O*NET 30.3) | Mathematics (Knowledge, O*NET 30.3)",Mampu memodelkan kebutuhan infokom dalam konteks enterprise atau masyarakat Mampu menerapkan pengetahuan statistika fundamental dalam lingkup ilmu sistem Informasi Mampu mengembangkan solusi berbasis sistem informasi menggunakan metodologi pengembangan yang tepat. Mampu menggunakan metode dan perangkat lunak terkini untuk menghasilkan solusi di bidang data dalam konteks kasus nyata,clo_level,CLO2
PENAMBANGAN DATA,CLO 2,CLO2-01,PENAMBANGAN_DATA__CLO2-01,Mahasiswa mampu melakukan eksplorasi data sesuai dengan jenis data dan kebutuhan informasi,Database & Data Management | Data Mining & Analytics,"Computers and Electronics (Knowledge, O*NET 30.3) | Computers and Electronics + Mathematics (Knowledge, O*NET 30.3)",Mahasiswa mampu melakukan eksplorasi data sesuai dengan jenis data dan kebutuhan informasi,sub_clo,CLO2-1
PENAMBANGAN DATA,CLO 2,CLO2-02,PENAMBANGAN_DATA__CLO2-02,Mahasiswa mampu menerapkan metode statistika dalam pemodelan data mining untuk mendapatkan informasi yang bermanfaat,Database & Data Management | Data Mining & Analytics | Statistics & Mathematics,"Computers and Electronics (Knowledge, O*NET 30.3) | Computers and Electronics + Mathematics (Knowledge, O*NET 30.3) | Mathematics (Knowledge, O*NET 30.3)",Mahasiswa mampu menerapkan metode statistika dalam pemodelan data mining untuk mendapatkan informasi yang bermanfaat,sub_clo,CLO2-2
PENAMBANGAN DATA,CLO 2,CLO2-03,PENAMBANGAN_DATA__CLO2-03,"Mahasiswa mampu menginterpretasikan data dalam bentuk statistika deskriptif, baik dalam bentuk statistik data maupun visualisasi data",Enterprise Architecture & Integration | Statistics & Mathematics,"Engineering and Technology (Knowledge, O*NET 30.3) | Mathematics (Knowledge, O*NET 30.3)","Mahasiswa mampu menginterpretasikan data dalam bentuk statistika deskriptif, baik dalam bentuk statistik data maupun visualisasi data",sub_clo,CLO2-3
PENAMBANGAN DATA,CLO 3,CLO3,PENAMBANGAN_DATA__CLO3,Mampu menjelaskan jenis- jenis metodologi yang dapat digunakan dalam data mining serta Mampu mengembangkan solusi berbasis sistem informasi menggunakan metodologi pengembangan yang tepat,Data Mining & Analytics | Business Process & Information Systems,"Administration and Management (Knowledge, O*NET 30.3) | Computers and Electronics + Mathematics (Knowledge, O*NET 30.3)",Mampu memodelkan kebutuhan infokom dalam konteks enterprise atau masyarakat Mampu menerapkan pengetahuan statistika fundamental dalam lingkup ilmu sistem Informasi Mampu mengembangkan solusi berbasis sistem informasi menggunakan metodologi pengembangan yang tepat. Mampu menggunakan metode dan perangkat lunak terkini untuk menghasilkan solusi di bidang data dalam konteks kasus nyata,clo_level,CLO3
PENAMBANGAN DATA,CLO 3,CLO3-01,PENAMBANGAN_DATA__CLO3-01,Mahasiswa mampu menjelaskan jenis- jenis metodologi yang dapat digunakan dalam data mining Mampu mengembangkan solusi berbasis sistem informasi menggunakan metodologi pengembangan yang tepat,Data Mining & Analytics | Business Process & Information Systems,"Administration and Management (Knowledge, O*NET 30.3) | Computers and Electronics + Mathematics (Knowledge, O*NET 30.3)",Mahasiswa mampu menjelaskan jenis- jenis metodologi yang dapat digunakan dalam data mining Mampu mengembangkan solusi berbasis sistem informasi menggunakan metodologi pengembangan yang tepat,sub_clo,CLO3-1
PENAMBANGAN DATA,CLO 3,CLO3-02,PENAMBANGAN_DATA__CLO3-02,Mahasiswa mampu mengaplikasikan tahapan data preprocessing dengan menggunakan data riil,Data Mining & Analytics,"Computers and Electronics + Mathematics (Knowledge, O*NET 30.3)",Mahasiswa mampu mengaplikasikan tahapan data preprocessing dengan menggunakan data riil,sub_clo,CLO3-2
PENAMBANGAN DATA,CLO 4,CLO4,PENAMBANGAN_DATA__CLO4,Mampu menggunakan metode dan perangkat lunak terkini untuk menghasilkan solusi di bidang data dalam konteks kasus nyata,Data Mining & Analytics | Software Engineering | Professional & Soft Skills,"Active Listening + Speaking (Essential Skills, O*NET 30.3) | Computers and Electronics + Mathematics (Knowledge, O*NET 30.3) | Engineering and Technology (Knowledge, O*NET 30.3)",Mampu memodelkan kebutuhan infokom dalam konteks enterprise atau masyarakat Mampu menerapkan pengetahuan statistika fundamental dalam lingkup ilmu sistem Informasi Mampu mengembangkan solusi berbasis sistem informasi menggunakan metodologi pengembangan yang tepat. Mampu menggunakan metode dan perangkat lunak terkini untuk menghasilkan solusi di bidang data dalam konteks kasus nyata,clo_level,CLO4
PENAMBANGAN DATA,CLO 4,CLO4-01,PENAMBANGAN_DATA__CLO4-01,Mahasiswa mampu menggunakan metode dalam data mining dan Python/ R untuk menghasilkan solusi di bidang data dalam konteks kasus nyata,Programming & Algorithm | Data Mining & Analytics | Professional & Soft Skills,"Active Listening + Speaking (Essential Skills, O*NET 30.3) | Computers and Electronics (Knowledge, O*NET 30.3) | Computers and Electronics + Mathematics (Knowledge, O*NET 30.3)",Mahasiswa mampu menggunakan metode dalam data mining dan Python/ R untuk menghasilkan solusi di bidang data dalam konteks kasus nyata,sub_clo,CLO4-1
PENGANTAR SISTEM INFORMASI,CLO 1,CLO1-02,PENGANTAR_SISTEM_INFORMASI__CLO1-02,Mampu menjelaskan profesi dalam bidang sistem informasi,Business Process & Information Systems,"Administration and Management (Knowledge, O*NET 30.3)",Mampu menjelaskan profesi dalam bidang sistem informasi,sub_clo,CLO1-2
PENGANTAR SISTEM INFORMASI,CLO 2,CLO2-01,PENGANTAR_SISTEM_INFORMASI__CLO2-01,Mampu menjelaskan sistem dan teknologi informasi yang sedang berkembang dan menyesuaikan diri terhadap teknologi yang mendukung,Business Process & Information Systems,"Administration and Management (Knowledge, O*NET 30.3)",Mampu menjelaskan sistem dan teknologi informasi yang sedang berkembang dan menyesuaikan diri terhadap teknologi yang mendukung,sub_clo,CLO2-1
PENGANTAR SISTEM INFORMASI,CLO 2,CLO2-04,PENGANTAR_SISTEM_INFORMASI__CLO2-04,"Mampu menjelaskan nilai dan risiko dari data, informasi, dan knowledge di suatu konteks bisnis atau organisasi",Business Process & Information Systems,"Administration and Management (Knowledge, O*NET 30.3)","Mampu menjelaskan nilai dan risiko dari data, informasi, dan knowledge di suatu konteks bisnis atau organisasi",sub_clo,CLO2-4
PENGANTAR SISTEM INFORMASI,CLO 3,CLO3-03,PENGANTAR_SISTEM_INFORMASI__CLO3-03,Mampu menganalisis profesi dalam bidang sistem informasi,Business Process & Information Systems,"Administration and Management (Knowledge, O*NET 30.3)",Mampu menganalisis profesi dalam bidang sistem informasi,sub_clo,CLO3-3
PENGEMBANGAN APLIKASI BERGERAK,CLO 1,CLO1-01,PENGEMBANGAN_APLIKASI_BERGERAK__CLO1-01,"Mahasiswa mampu memahami konsep dalam pengembangan aplikasi mobile, trend aplikasi mobile dan perkembangannya",Web Development | Mobile Development,"Computers and Electronics (Knowledge, O*NET 30.3)","Mahasiswa mampu memahami konsep dalam pengembangan aplikasi mobile, trend aplikasi mobile dan perkembangannya",sub_clo,CLO1-01
PENGEMBANGAN APLIKASI BERGERAK,CLO 1,CLO1-02,PENGEMBANGAN_APLIKASI_BERGERAK__CLO1-02,Mahasiswa mampu membuat aplikasi bergerak/aplikasi mobile dalam bentuk yang sederhana,Mobile Development,"Computers and Electronics (Knowledge, O*NET 30.3)",Mahasiswa mampu membuat aplikasi bergerak/aplikasi mobile dalam bentuk yang sederhana,sub_clo,CLO1-02
PENGEMBANGAN APLIKASI BERGERAK,CLO 2,CLO2-01,PENGEMBANGAN_APLIKASI_BERGERAK__CLO2-01,Mahasiswa mampu merancang dan membangun suatu solusi berbasis aplikasi bergerak secara integratif,Mobile Development,"Computers and Electronics (Knowledge, O*NET 30.3)",Mahasiswa mampu merancang dan membangun suatu solusi berbasis aplikasi bergerak secara integratif,sub_clo,CLO2-01
PENGEMBANGAN APLIKASI BERGERAK,CLO 3,CLO3-01,PENGEMBANGAN_APLIKASI_BERGERAK__CLO3-01,Mahasiswa mampu merancang dan membuat tampilan (frontend) android sesuai dengan kaidah user experience yang baik,Web Development | Mobile Development | UI/UX & Interaction Design,"Computers and Electronics (Knowledge, O*NET 30.3) | Design (Knowledge, O*NET 30.3)",Mahasiswa mampu merancang dan membuat tampilan (frontend) android sesuai dengan kaidah user experience yang baik,sub_clo,CLO3-01
PENGEMBANGAN APLIKASI BERGERAK,CLO 3,CLO3-02,PENGEMBANGAN_APLIKASI_BERGERAK__CLO3-02,Mahasiswa mampu merancang dan membuat layanan web service / backend untuk aplikasi bergerak,Web Development | Mobile Development,"Computers and Electronics (Knowledge, O*NET 30.3)",Mahasiswa mampu merancang dan membuat layanan web service / backend untuk aplikasi bergerak,sub_clo,CLO3-02
PENGEMBANGAN APLIKASI BERGERAK,CLO 3,CLO3-03,PENGEMBANGAN_APLIKASI_BERGERAK__CLO3-03,Mahasiswa mampu membuat aplikasi bergerak yang mempunyai fungsi penyimpanan data baik secara lokal maupun dalam database di server (cloud),Mobile Development | Database & Data Management | Cloud Computing,"Computers and Electronics (Knowledge, O*NET 30.3) | Engineering and Technology (Knowledge, O*NET 30.3)",Mahasiswa mampu membuat aplikasi bergerak yang mempunyai fungsi penyimpanan data baik secara lokal maupun dalam database di server (cloud),sub_clo,CLO3-03
PENGEMBANGAN APLIKASI WEBSITE,CLO 1,CLO1-01,PENGEMBANGAN_APLIKASI_WEBSITE__CLO1-01,"Mampu menerapkan HTML, CSS dan Bootstrap berdasarkan rancangan halaman website sederhana",Web Development,"Computers and Electronics (Knowledge, O*NET 30.3)","Mampu menerapkan HTML, CSS dan Bootstrap berdasarkan rancangan halaman website sederhana",sub_clo,CLO1-01
PENGEMBANGAN APLIKASI WEBSITE,CLO 1,CLO1-02,PENGEMBANGAN_APLIKASI_WEBSITE__CLO1-02,Mampu membangun solusi aplikasi berbasis web berdasarkan suatu studi kasus tertentu,Web Development,"Computers and Electronics (Knowledge, O*NET 30.3)",Mampu membangun solusi aplikasi berbasis web berdasarkan suatu studi kasus tertentu,sub_clo,CLO1-02
PENGEMBANGAN APLIKASI WEBSITE,CLO 2,CLO2-01,PENGEMBANGAN_APLIKASI_WEBSITE__CLO2-01,Mampu menggunakan pemrograman Server-Side berbasis web dan mengintegrasikan halaman website dengan database,Programming & Algorithm | Web Development | Database & Data Management,"Computers and Electronics (Knowledge, O*NET 30.3)",Mampu menggunakan pemrograman Server-Side berbasis web dan mengintegrasikan halaman website dengan database,sub_clo,CLO2-01
PENGEMBANGAN APLIKASI WEBSITE,CLO 2,CLO2-02,PENGEMBANGAN_APLIKASI_WEBSITE__CLO2-02,Mampu menggunakan konsep Model View Controller pada Framework Web,Web Development,"Computers and Electronics (Knowledge, O*NET 30.3)",Mampu menggunakan konsep Model View Controller pada Framework Web,sub_clo,CLO2-02
PENGEMBANGAN APLIKASI WEBSITE,CLO 2,CLO2-03,PENGEMBANGAN_APLIKASI_WEBSITE__CLO2-03,Mampu menggunakan alat kolaborasi kode dalam membangun solusi aplikasi berbasis web,Web Development,"Computers and Electronics (Knowledge, O*NET 30.3)",Mampu menggunakan alat kolaborasi kode dalam membangun solusi aplikasi berbasis web,sub_clo,CLO2-03
PENGEMBANGAN SISTEM CERDAS,CLO 1,CLO1,PENGEMBANGAN_SISTEM_CERDAS__CLO1,Mampu memahami konsep-konsep dasar sistem cerdas,Artificial Intelligence,"Computers and Electronics (Knowledge, O*NET 30.3)","Mampu memahami konsep-konsep dasar sistem cerdas, mampu memahami data dan informasi yg dapat digunakan untuk membangun sistem cerdas, serta Mampu merancang, membuat arsitektur, dan menerapkan teknik-teknik sistem cerdas pada studi kasus spesifik sbg project based learning",clo_level,CLO1
PENGEMBANGAN SISTEM CERDAS,CLO 2,CLO2,PENGEMBANGAN_SISTEM_CERDAS__CLO2,Mampu mampu memahami data dan informasi yg dapat digunakan untuk membangun sistem cerdas,Artificial Intelligence | Business Process & Information Systems,"Administration and Management (Knowledge, O*NET 30.3) | Computers and Electronics (Knowledge, O*NET 30.3)","Mampu memahami konsep-konsep dasar sistem cerdas, mampu memahami data dan informasi yg dapat digunakan untuk membangun sistem cerdas, serta Mampu merancang, membuat arsitektur, dan menerapkan teknik-teknik sistem cerdas pada studi kasus spesifik sbg project based learning",clo_level,CLO2
PENGEMBANGAN SISTEM CERDAS,CLO 3,CLO3,PENGEMBANGAN_SISTEM_CERDAS__CLO3,Mampu memahami beberapa teknik dasar sistem cerdas utk klasifikasi seperti Decision ree dan NN,Artificial Intelligence,"Computers and Electronics (Knowledge, O*NET 30.3)",Mampu memahami beberapa teknik dasar sistem cerdas utk klasifikasi seperti Decision ree dan NN,clo_level,CLO3
PENGEMBANGAN SISTEM CERDAS,CLO 4,CLO4,PENGEMBANGAN_SISTEM_CERDAS__CLO4,"Mampu merancang, membuat arsitektur, dan menerapkan teknik-teknik sistem cerdas pada studi kasus spesifik sbg project based learning serta t Mampu merancang, membuat arsitektur, dan menerapkan teknik-teknik sistem cerdas pada studi kasus spesifik sbg project based learning",Artificial Intelligence,"Computers and Electronics (Knowledge, O*NET 30.3)","Mampu merancang, membuat arsitektur, dan menerapkan teknik-teknik sistem cerdas pada studi kasus spesifik sbg project based learning serta t Mampu merancang, membuat arsitektur, dan menerapkan teknik-teknik sistem cerdas pada studi kasus spesifik sbg project based learning",clo_level,CLO4
PENGEMBANGAN SISTEM CERDAS,CLO 5,CLO5,PENGEMBANGAN_SISTEM_CERDAS__CLO5,Mampu Kemampuan memahami konsep Reinforcement Learning dan penerapannya di aplikasi spesifik,Artificial Intelligence,"Computers and Electronics (Knowledge, O*NET 30.3)",Mampu Kemampuan memahami konsep Reinforcement Learning dan penerapannya di aplikasi spesifik,clo_level,CLO5
PENGEMBANGAN UI LANJUT,CLO 1,CLO1-01,PENGEMBANGAN_UI_LANJUT__CLO1-01,Mahasiswa mampu memahami konsep dasar UI/UX dan penerapannya,UI/UX & Interaction Design,"Design (Knowledge, O*NET 30.3)",Mahasiswa mampu memahami konsep dasar UI/UX dan penerapannya,sub_clo,CLO1-1
PENGEMBANGAN UI LANJUT,CLO 1,CLO1-02,PENGEMBANGAN_UI_LANJUT__CLO1-02,Mahasiswa mampu menjelaskan konsep UX design thinking process,UI/UX & Interaction Design,"Design (Knowledge, O*NET 30.3)",Mahasiswa mampu menjelaskan konsep UX design thinking process,sub_clo,CLO1-2
PENGEMBANGAN UI LANJUT,CLO 1,CLO1-03,PENGEMBANGAN_UI_LANJUT__CLO1-03,Mahasiswa mampu menerapkan proses konsep dasar UI/UX dan penerapannya,UI/UX & Interaction Design,"Design (Knowledge, O*NET 30.3)",Mahasiswa mampu menerapkan proses konsep dasar UI/UX dan penerapannya,sub_clo,CLO1-3
PENGEMBANGAN UI LANJUT,CLO 2,CLO2-01,PENGEMBANGAN_UI_LANJUT__CLO2-01,Mahasiswa mampu melakukan user research dan mensintesis hasil,UI/UX & Interaction Design,"Design (Knowledge, O*NET 30.3)",Mahasiswa mampu melakukan user research dan mensintesis hasil,sub_clo,CLO2-1
PENGEMBANGAN UI LANJUT,CLO 2,CLO2-02,PENGEMBANGAN_UI_LANJUT__CLO2-02,Mahasiswa mampu melakukan ideation dan brainstorming solusi dari sintesa hasil proses user research,UI/UX & Interaction Design,"Design (Knowledge, O*NET 30.3)",Mahasiswa mampu melakukan ideation dan brainstorming solusi dari sintesa hasil proses user research,sub_clo,CLO2-2
PENGEMBANGAN UI LANJUT,CLO 3,CLO3-01,PENGEMBANGAN_UI_LANJUT__CLO3-01,Mahasiswa mampu menerapkan konsep component dan variant properites di Figma,UI/UX & Interaction Design,"Design (Knowledge, O*NET 30.3)",Mahasiswa mampu menerapkan konsep component dan variant properites di Figma,sub_clo,CLO3-1
PENGEMBANGAN UI LANJUT,CLO 3,CLO3-02,PENGEMBANGAN_UI_LANJUT__CLO3-02,Mahasiswa mampu menerapkan konsep autolayout di Figma,UI/UX & Interaction Design,"Design (Knowledge, O*NET 30.3)",Mahasiswa mampu menerapkan konsep autolayout di Figma,sub_clo,CLO3-2
PENGEMBANGAN UI LANJUT,CLO 3,CLO3-03,PENGEMBANGAN_UI_LANJUT__CLO3-03,Mahasiswa mampu menerapkan design system pada rancangan user interface di Figma,UI/UX & Interaction Design,"Design (Knowledge, O*NET 30.3)",Mahasiswa mampu menerapkan design system pada rancangan user interface di Figma,sub_clo,CLO3-3
PENGEMBANGAN UI LANJUT,CLO 3,CLO3-04,PENGEMBANGAN_UI_LANJUT__CLO3-04,Mahasiswa mampu menerapkan variable pada rancangan user interface di Figma,UI/UX & Interaction Design,"Design (Knowledge, O*NET 30.3)",Mahasiswa mampu menerapkan variable pada rancangan user interface di Figma,sub_clo,CLO3-4
PENGEMBANGAN UI LANJUT,CLO 3,CLO3-05,PENGEMBANGAN_UI_LANJUT__CLO3-05,Mahasiswa memahami konsep high-fidelity prototype pada Figma,UI/UX & Interaction Design,"Design (Knowledge, O*NET 30.3)",Mahasiswa memahami konsep high-fidelity prototype pada Figma,sub_clo,CLO3-5
PENGEMBANGAN UI LANJUT,CLO 3,CLO3-06,PENGEMBANGAN_UI_LANJUT__CLO3-06,Mahasiswa memahami konsep interactice prototyping pada Figma,UI/UX & Interaction Design,"Design (Knowledge, O*NET 30.3)",Mahasiswa memahami konsep interactice prototyping pada Figma,sub_clo,CLO3-6
PENGEMBANGAN UI LANJUT,CLO 4,CLO4-01,PENGEMBANGAN_UI_LANJUT__CLO4-01,Mahasiswa mampu melakukan usability testing pada prototype,Software Engineering | UI/UX & Interaction Design,"Design (Knowledge, O*NET 30.3) | Engineering and Technology (Knowledge, O*NET 30.3)",Mahasiswa mampu melakukan usability testing pada prototype,sub_clo,CLO4-1
PENGEMBANGAN UI LANJUT,CLO 4,CLO4-02,PENGEMBANGAN_UI_LANJUT__CLO4-02,Mahasiswa mampu melakukan sintesis hasil dari pengujian,Software Engineering,"Engineering and Technology (Knowledge, O*NET 30.3)",Mahasiswa mampu melakukan sintesis hasil dari pengujian,sub_clo,CLO4-2
PENGEMBANGAN UI LANJUT,CLO 5,CLO5-01,PENGEMBANGAN_UI_LANJUT__CLO5-01,Mampu mengkomunikasikan hasil perancangan interaksi dalam sebuah forum,UI/UX & Interaction Design | Professional & Soft Skills,"Active Listening + Speaking (Essential Skills, O*NET 30.3) | Design (Knowledge, O*NET 30.3)",Mampu mengkomunikasikan hasil perancangan interaksi dalam sebuah forum,sub_clo,CLO5-1
PENGUJIAN DAN IMPLEMENTASI SISTEM,CLO 1,CLO1-02,PENGUJIAN_DAN_IMPLEMENTASI_SISTEM__CLO1-02,Mahasiswa dapat membedakan pengujian fungsional dan non- fungsional serta menerapkannya dalam studi kasus,Software Engineering,"Engineering and Technology (Knowledge, O*NET 30.3)",Mahasiswa dapat membedakan pengujian fungsional dan non- fungsional serta menerapkannya dalam studi kasus,sub_clo,CLO1-2
PENGUJIAN DAN IMPLEMENTASI SISTEM,CLO 1,CLO1-03,PENGUJIAN_DAN_IMPLEMENTASI_SISTEM__CLO1-03,Memahami pentingnya pemeliharaan sistem serta metode evaluasi pasca- implementasi,Software Engineering,"Engineering and Technology (Knowledge, O*NET 30.3)",Memahami pentingnya pemeliharaan sistem serta metode evaluasi pasca- implementasi,sub_clo,CLO1-3
PENGUJIAN DAN IMPLEMENTASI SISTEM,CLO 2,CLO2-01,PENGUJIAN_DAN_IMPLEMENTASI_SISTEM__CLO2-01,Mahasiswa memahami konsep dasar implementasi dan pengujian sistem serta siklus hidup pengembangan sistem,Software Engineering | Business Process & Information Systems,"Administration and Management (Knowledge, O*NET 30.3) | Engineering and Technology (Knowledge, O*NET 30.3)",Mahasiswa memahami konsep dasar implementasi dan pengujian sistem serta siklus hidup pengembangan sistem,sub_clo,CLO2-1
PENGUJIAN DAN IMPLEMENTASI SISTEM,CLO 2,CLO2-02,PENGUJIAN_DAN_IMPLEMENTASI_SISTEM__CLO2-02,Mahasiswa dapat membedakan berbagai model implementasi sistem dan memahami keunggulan serta kelemahannya,Software Engineering,"Engineering and Technology (Knowledge, O*NET 30.3)",Mahasiswa dapat membedakan berbagai model implementasi sistem dan memahami keunggulan serta kelemahannya,sub_clo,CLO2-2
PENGUJIAN DAN IMPLEMENTASI SISTEM,CLO 3,CLO3-01,PENGUJIAN_DAN_IMPLEMENTASI_SISTEM__CLO3-01,Mahasiswa memahami jenis- jenis dokumentasi dalam implementasi sistem dan praktik terbaik dalam pembuatannya,Software Engineering,"Engineering and Technology (Knowledge, O*NET 30.3)",Mahasiswa memahami jenis- jenis dokumentasi dalam implementasi sistem dan praktik terbaik dalam pembuatannya,sub_clo,CLO3-1
PENGUJIAN DAN IMPLEMENTASI SISTEM,CLO 3,CLO3-02,PENGUJIAN_DAN_IMPLEMENTASI_SISTEM__CLO3-02,Mahasiswa dapat menerapkan berbagai metode pengujian dalam sebuah proyek nyata,Software Engineering,"Engineering and Technology (Knowledge, O*NET 30.3)",Mahasiswa dapat menerapkan berbagai metode pengujian dalam sebuah proyek nyata,sub_clo,CLO3-2
PENGUJIAN DAN IMPLEMENTASI SISTEM,CLO 4,CLO4-01,PENGUJIAN_DAN_IMPLEMENTASI_SISTEM__CLO4-01,Mahasiswa mampu mengidentifikasi berbagai jenis pengujian perangkat lunak serta teknik pengujian umum,Software Engineering,"Engineering and Technology (Knowledge, O*NET 30.3)",Mahasiswa mampu mengidentifikasi berbagai jenis pengujian perangkat lunak serta teknik pengujian umum,sub_clo,CLO4-1
PENGUJIAN DAN IMPLEMENTASI SISTEM,CLO 4,CLO4-03,PENGUJIAN_DAN_IMPLEMENTASI_SISTEM__CLO4-03,Memahami proses audit sistem informasi serta compliance terhadap standar industri,Software Engineering | Business Process & Information Systems,"Administration and Management (Knowledge, O*NET 30.3) | Engineering and Technology (Knowledge, O*NET 30.3)",Memahami proses audit sistem informasi serta compliance terhadap standar industri,sub_clo,CLO4-3
PERANCANGAN INTERAKSI,CLO 1,CLO1-01,PERANCANGAN_INTERAKSI__CLO1-01,Mampu menjelaskan dasar perancangan interaksi,UI/UX & Interaction Design,"Design (Knowledge, O*NET 30.3)",Mampu menjelaskan dasar perancangan interaksi,sub_clo,CLO1-1
PERANCANGAN INTERAKSI,CLO 1,CLO1-02,PERANCANGAN_INTERAKSI__CLO1-02,Mampu menerapkan proses perancangan interaksi,UI/UX & Interaction Design,"Design (Knowledge, O*NET 30.3)",Mampu menerapkan proses perancangan interaksi,sub_clo,CLO1-2
PERANCANGAN INTERAKSI,CLO 2,CLO2-01,PERANCANGAN_INTERAKSI__CLO2-01,Mampu mengindetifikasi permasalahan dan mendefinisikan kebutuhan sistem,Business Process & Information Systems,"Administration and Management (Knowledge, O*NET 30.3)",Mampu mengindetifikasi permasalahan dan mendefinisikan kebutuhan sistem,sub_clo,CLO2-1
PERANCANGAN INTERAKSI,CLO 3,CLO3-01,PERANCANGAN_INTERAKSI__CLO3-01,Mampu menjelaskan prinsip interaksi,UI/UX & Interaction Design,"Design (Knowledge, O*NET 30.3)",Mampu menjelaskan prinsip interaksi,sub_clo,CLO3-1
PERANCANGAN INTERAKSI,CLO 3,CLO3-02,PERANCANGAN_INTERAKSI__CLO3-02,Mampu menjelaskan style interaksi,UI/UX & Interaction Design,"Design (Knowledge, O*NET 30.3)",Mampu menjelaskan style interaksi,sub_clo,CLO3-2
PERANCANGAN INTERAKSI,CLO 3,CLO3-03,PERANCANGAN_INTERAKSI__CLO3-03,Mampu menerapkan prinsip - prinsip interaksi,UI/UX & Interaction Design,"Design (Knowledge, O*NET 30.3)",Mampu menerapkan prinsip - prinsip interaksi,sub_clo,CLO3-3
PERANCANGAN INTERAKSI,CLO 3,CLO3-04,PERANCANGAN_INTERAKSI__CLO3-04,Mampu menerapkan style interaksi,UI/UX & Interaction Design,"Design (Knowledge, O*NET 30.3)",Mampu menerapkan style interaksi,sub_clo,CLO3-4
PERANCANGAN INTERAKSI,CLO 4,CLO4-01,PERANCANGAN_INTERAKSI__CLO4-01,Mampu menguji produk dengan metode pengujian usability,Software Engineering | UI/UX & Interaction Design,"Design (Knowledge, O*NET 30.3) | Engineering and Technology (Knowledge, O*NET 30.3)",Mampu menguji produk dengan metode pengujian usability,sub_clo,CLO4-1
PERANCANGAN INTERAKSI,CLO 5,CLO5-01,PERANCANGAN_INTERAKSI__CLO5-01,Mampu mengkomunikasikan hasil perancangan interaksi dalam sebuah forum,UI/UX & Interaction Design | Professional & Soft Skills,"Active Listening + Speaking (Essential Skills, O*NET 30.3) | Design (Knowledge, O*NET 30.3)",Mampu mengkomunikasikan hasil perancangan interaksi dalam sebuah forum,sub_clo,CLO5-1
PROBABILITAS DAN STATISTIK,CLO 1,CLO1-01,PROBABILITAS_DAN_STATISTIK__CLO1-01,"Mampu menghitung, menyajikan, dan menginterpretasikan data dalam bidang sistem informasi menggunakan teknik statistika deskriptif",Enterprise Architecture & Integration | Statistics & Mathematics | Business Process & Information Systems,"Administration and Management (Knowledge, O*NET 30.3) | Engineering and Technology (Knowledge, O*NET 30.3) | Mathematics (Knowledge, O*NET 30.3)","Mampu menghitung, menyajikan, dan menginterpretasikan data dalam bidang sistem informasi menggunakan teknik statistika deskriptif",sub_clo,CLO1-01
PROBABILITAS DAN STATISTIK,CLO 1,CLO1-02,PROBABILITAS_DAN_STATISTIK__CLO1-02,Mampu memahami dan menerapkan konsep probabilitas dalam analisis dan pengambilan keputusan berbasis data di bidang Sistem Informasi,Database & Data Management | Data Mining & Analytics | Statistics & Mathematics | Business Process & Information Systems,"Administration and Management (Knowledge, O*NET 30.3) | Computers and Electronics (Knowledge, O*NET 30.3) | Computers and Electronics + Mathematics (Knowledge, O*NET 30.3) | Mathematics (Knowledge, O*NET 30.3)",Mampu memahami dan menerapkan konsep probabilitas dalam analisis dan pengambilan keputusan berbasis data di bidang Sistem Informasi,sub_clo,CLO1-02
PROBABILITAS DAN STATISTIK,CLO 2,CLO2-03,PROBABILITAS_DAN_STATISTIK__CLO2-03,"Mampu memahami dan menerapkan konsep distribusi probabilitas univariate, distribusi probabilitas diskrit dan kontinu, serta menganalisis distribusi normal dan implikasi eorema Limit Pusat dalam pemodelan dan pengambilan keputusan berbasis data di bidang Sistem Informasi",Database & Data Management | Data Mining & Analytics | Statistics & Mathematics | Business Process & Information Systems,"Administration and Management (Knowledge, O*NET 30.3) | Computers and Electronics (Knowledge, O*NET 30.3) | Computers and Electronics + Mathematics (Knowledge, O*NET 30.3) | Mathematics (Knowledge, O*NET 30.3)","Mampu memahami dan menerapkan konsep distribusi probabilitas univariate, distribusi probabilitas diskrit dan kontinu, serta menganalisis distribusi normal dan implikasi eorema Limit Pusat dalam pemodelan dan pengambilan keputusan berbasis data di bidang Sistem Informasi",sub_clo,CLO2-03
PROYEK PERANGKAT LUNAK,CLO 1,CLO1-01,PROYEK_PERANGKAT_LUNAK__CLO1-01,Mampu menentukan permasalahan di bidang Infokom yang dikaitkan dengan implementasi SDG,Business Process & Information Systems,"Administration and Management (Knowledge, O*NET 30.3)",Mampu menentukan permasalahan di bidang Infokom yang dikaitkan dengan implementasi SDG,sub_clo,CLO1-01
PROYEK PERANGKAT LUNAK,CLO 1,CLO1-02,PROYEK_PERANGKAT_LUNAK__CLO1-02,Mampu menganalisis kebutuhan dalam proses pengembangan perangkat lunak pada sebuah proyek yang berbasis Agile Methodology,Software Engineering,"Engineering and Technology (Knowledge, O*NET 30.3)",Mampu menganalisis kebutuhan dalam proses pengembangan perangkat lunak pada sebuah proyek yang berbasis Agile Methodology,sub_clo,CLO1-02
PROYEK PERANGKAT LUNAK,CLO 2,CLO2-01,PROYEK_PERANGKAT_LUNAK__CLO2-01,Mahasiswa mampu merancang dan mengimplementasikan produk dalam proyek pengembangan perangkat lunak,Software Engineering,"Engineering and Technology (Knowledge, O*NET 30.3)",Mahasiswa mampu merancang dan mengimplementasikan produk dalam proyek pengembangan perangkat lunak,sub_clo,CLO2-01
PROYEK PERANGKAT LUNAK,CLO 2,CLO2-02,PROYEK_PERANGKAT_LUNAK__CLO2-02,Mahasiswa mampu mengevaluasi produk yang dihasilkan dalam proyek pengembangan perangkat lunak,Software Engineering,"Engineering and Technology (Knowledge, O*NET 30.3)",Mahasiswa mampu mengevaluasi produk yang dihasilkan dalam proyek pengembangan perangkat lunak,sub_clo,CLO2-02
PROYEK PERANGKAT LUNAK,CLO 3,CLO3-01,PROYEK_PERANGKAT_LUNAK__CLO3-01,Mampu berinisiatif dan bertanggungjawab untuk menyelesaikan berbagai tugas dalam tim,Professional & Soft Skills,"Active Listening + Speaking (Essential Skills, O*NET 30.3)",Mampu berinisiatif dan bertanggungjawab untuk menyelesaikan berbagai tugas dalam tim,sub_clo,CLO3-01
PROYEK PERANGKAT LUNAK,CLO 4,CLO4-01,PROYEK_PERANGKAT_LUNAK__CLO4-01,Mahasiswa mampu menulis dokumen profesional sesuai dengan konteks profesional,Professional & Soft Skills,"Active Listening + Speaking (Essential Skills, O*NET 30.3)",Mahasiswa mampu menulis dokumen profesional sesuai dengan konteks profesional,sub_clo,CLO4-01
PROYEK PERANGKAT LUNAK,CLO 4,CLO4-02,PROYEK_PERANGKAT_LUNAK__CLO4-02,Mahasiswa mampu menulis story pada Product Backlog Item (PBI) sesuai dengan ketentuan dalam agile method,Software Engineering,"Engineering and Technology (Knowledge, O*NET 30.3)",Mahasiswa mampu menulis story pada Product Backlog Item (PBI) sesuai dengan ketentuan dalam agile method,sub_clo,CLO4-02
PROYEK PERANGKAT LUNAK,CLO 5,CLO5-01,PROYEK_PERANGKAT_LUNAK__CLO5-01,Mahasiswa mampu menggunakan versioning control dalam menulis source code untuk individu maupun kolaborasi dengan tim dalam proyek pengbangan sotiware,Programming & Algorithm | Software Engineering,"Computers and Electronics (Knowledge, O*NET 30.3) | Engineering and Technology (Knowledge, O*NET 30.3)",Mahasiswa mampu menggunakan versioning control dalam menulis source code untuk individu maupun kolaborasi dengan tim dalam proyek pengbangan sotiware,sub_clo,CLO5-01
PROYEK PERANGKAT LUNAK,CLO 5,CLO5-02,PROYEK_PERANGKAT_LUNAK__CLO5-02,Mampu menggunakan communication tool selama pengerjaan proyek pengembangan perangkat lunak,Software Engineering,"Engineering and Technology (Knowledge, O*NET 30.3)",Mampu menggunakan communication tool selama pengerjaan proyek pengembangan perangkat lunak,sub_clo,CLO5-02
REKAYASA PROSES BISNIS,CLO 1,CLO1,REKAYASA_PROSES_BISNIS__CLO1,Mampu menganalisis permasalahan dalam bidang infokom dalam konteks enterprise atau masyarakat,Enterprise Architecture & Integration | Business Process & Information Systems,"Administration and Management (Knowledge, O*NET 30.3) | Engineering and Technology (Knowledge, O*NET 30.3)","Mampu menganalisis permasalahan dalam bidang infokom dalam konteks enterprise atau masyarakat., Mahasiswa mampu menulis dokumen profesional sesuai dengan konteks profesional., Mampu menggunakan teknik, metode, perangkat lunak terkini untuk menghasilkan solusi di bidang pengelolaan fungsi dan bisnis organisasi dalam konteks kasus nyata., serta Mampu mengusulkan perbaikan arsitektur atau pengelolaan sistem informasi untuk mendukung tujuan organisasi",clo_level,CLO1
REKAYASA PROSES BISNIS,CLO 2,CLO2,REKAYASA_PROSES_BISNIS__CLO2,Mahasiswa mampu menulis dokumen profesional sesuai dengan konteks profesional,Professional & Soft Skills,"Active Listening + Speaking (Essential Skills, O*NET 30.3)","Mampu menganalisis permasalahan dalam bidang infokom dalam konteks enterprise atau masyarakat., Mahasiswa mampu menulis dokumen profesional sesuai dengan konteks profesional., Mampu menggunakan teknik, metode, perangkat lunak terkini untuk menghasilkan solusi di bidang pengelolaan fungsi dan bisnis organisasi dalam konteks kasus nyata., serta Mampu mengusulkan perbaikan arsitektur atau pengelolaan sistem informasi untuk mendukung tujuan organisasi",clo_level,CLO2
REKAYASA PROSES BISNIS,CLO 3,CLO3,REKAYASA_PROSES_BISNIS__CLO3,"Mampu menggunakan teknik, metode, perangkat lunak terkini untuk menghasilkan solusi di bidang pengelolaan fungsi dan bisnis organisasi dalam konteks kasus nyata. serta t Mampu menggunakan teknik, metode, perangkat lunak terkini untuk menghasilkan solusi di bidang pengelolaan fungsi dan bisnis organisasi dalam konteks kasus nyata",Data Mining & Analytics | Software Engineering | Professional & Soft Skills,"Active Listening + Speaking (Essential Skills, O*NET 30.3) | Computers and Electronics + Mathematics (Knowledge, O*NET 30.3) | Engineering and Technology (Knowledge, O*NET 30.3)","Mampu menganalisis permasalahan dalam bidang infokom dalam konteks enterprise atau masyarakat., Mahasiswa mampu menulis dokumen profesional sesuai dengan konteks profesional., Mampu menggunakan teknik, metode, perangkat lunak terkini untuk menghasilkan solusi di bidang pengelolaan fungsi dan bisnis organisasi dalam konteks kasus nyata., serta Mampu mengusulkan perbaikan arsitektur atau pengelolaan sistem informasi untuk mendukung tujuan organisasi",clo_level,CLO3
REKAYASA PROSES BISNIS,CLO 4,CLO4,REKAYASA_PROSES_BISNIS__CLO4,Mampu mengusulkan perbaikan arsitektur atau pengelolaan sistem informasi untuk mendukung tujuan organisasi,Business Process & Information Systems,"Administration and Management (Knowledge, O*NET 30.3)","Mampu menganalisis permasalahan dalam bidang infokom dalam konteks enterprise atau masyarakat., Mahasiswa mampu menulis dokumen profesional sesuai dengan konteks profesional., Mampu menggunakan teknik, metode, perangkat lunak terkini untuk menghasilkan solusi di bidang pengelolaan fungsi dan bisnis organisasi dalam konteks kasus nyata., serta Mampu mengusulkan perbaikan arsitektur atau pengelolaan sistem informasi untuk mendukung tujuan organisasi",clo_level,CLO4
SISTEM BASIS DATA,CLO 1,CLO1-01,SISTEM_BASIS_DATA__CLO1-01,Mampu mengidentifikasi kebutuhan sistem informasi,Business Process & Information Systems,"Administration and Management (Knowledge, O*NET 30.3)",Mampu mengidentifikasi kebutuhan sistem informasi,sub_clo,CLO1-1
SISTEM BASIS DATA,CLO 2,CLO2-02,SISTEM_BASIS_DATA__CLO2-02,Mampu merancang dan mengimplementasikan sistem dalam manajemen data,Database & Data Management,"Computers and Electronics (Knowledge, O*NET 30.3)",Mampu merancang dan mengimplementasikan sistem dalam manajemen data,sub_clo,CLO2-2
SISTEM BASIS DATA,CLO 2,CLO2-03,SISTEM_BASIS_DATA__CLO2-03,Mampu mengembangkan sistem untuk manajemen data,Database & Data Management,"Computers and Electronics (Knowledge, O*NET 30.3)",Mampu mengembangkan sistem untuk manajemen data,sub_clo,CLO2-3
SISTEM BASIS DATA,CLO 3,CLO3-04,SISTEM_BASIS_DATA__CLO3-04,Mampu menjelaskan konsep NoSQL database untuk berbagai permasalahan,Database & Data Management,"Computers and Electronics (Knowledge, O*NET 30.3)",Mampu menjelaskan konsep NoSQL database untuk berbagai permasalahan,sub_clo,CLO3-4
SISTEM BASIS DATA,CLO 4,CLO4-05,SISTEM_BASIS_DATA__CLO4-05,Mampu menggunakan perkakas untuk solusi data,Database & Data Management,"Computers and Electronics (Knowledge, O*NET 30.3)",Mampu menggunakan perkakas untuk solusi data,sub_clo,CLO4-5
SISTEM ENTERPRISE,CLO 1,CLO1-02,SISTEM_ENTERPRISE__CLO1-02,"Mampu mengutarakan proses bisnis pada fungsi sales dan distribusi, produksi, pada perusahaan",Statistics & Mathematics | Business Process & Information Systems,"Administration and Management (Knowledge, O*NET 30.3) | Mathematics (Knowledge, O*NET 30.3)","Mampu mengutarakan proses bisnis pada fungsi sales dan distribusi, produksi, pada perusahaan",sub_clo,CLO1-02
SISTEM ENTERPRISE,CLO 1,CLO1-04,SISTEM_ENTERPRISE__CLO1-04,Mampu Menggunakan Software ERP pada tahap awal dan sertifikasi,Enterprise Architecture & Integration,"Engineering and Technology (Knowledge, O*NET 30.3)",Mampu Menggunakan Software ERP pada tahap awal dan sertifikasi,sub_clo,CLO1-04
SISTEM ENTERPRISE,CLO 2,CLO2-01,SISTEM_ENTERPRISE__CLO2-01,Mampu membedakan serta menjelaskan berbagai fungsi konsep integrasi sistem dan hubungannya dengan ERP bisnis serta sistem informasi yang mendukung proses bisnis,Enterprise Architecture & Integration | Business Process & Information Systems,"Administration and Management (Knowledge, O*NET 30.3) | Engineering and Technology (Knowledge, O*NET 30.3)",Mampu membedakan serta menjelaskan berbagai fungsi konsep integrasi sistem dan hubungannya dengan ERP bisnis serta sistem informasi yang mendukung proses bisnis,sub_clo,CLO2-01
SISTEM ENTERPRISE,CLO 2,CLO2-03,SISTEM_ENTERPRISE__CLO2-03,"Mampu mengemukakan proses akutansi dan keuangan, serta human resources pada perusahaan",Financial Technology,"Economics and Accounting (Knowledge, O*NET 30.3)","Mampu mengemukakan proses akutansi dan keuangan, serta human resources pada perusahaan",sub_clo,CLO2-03
SISTEM ENTERPRISE,CLO 2,CLO2-05,SISTEM_ENTERPRISE__CLO2-05,Mampu mengidentifikasi fungsi dan proses bisnis yang berjalan pada sebuah perusahaan serta pemanfaatan sistem enterprise dalam membantu aktifitas organisasi,Enterprise Architecture & Integration | Business Process & Information Systems,"Administration and Management (Knowledge, O*NET 30.3) | Engineering and Technology (Knowledge, O*NET 30.3)",Mampu mengidentifikasi fungsi dan proses bisnis yang berjalan pada sebuah perusahaan serta pemanfaatan sistem enterprise dalam membantu aktifitas organisasi,sub_clo,CLO2-05
SISTEM INFORMASI AKUNTANSI,CLO 1,CLO1,SISTEM_INFORMASI_AKUNTANSI__CLO1,"Mampu memodelkan kebutuhan infokom dalam konteks enterprise atau masyarakat, cLO 1 - Mahasiswa mampu menyusun laporan keuangan, cLO 1 - Mahasiswa mampu menyusun laporan kEeuangan, serta cLO 1 - MEahasiswa mampu menyusun laporan keuangan",Enterprise Architecture & Integration | Business Process & Information Systems | Financial Technology,"Administration and Management (Knowledge, O*NET 30.3) | Economics and Accounting (Knowledge, O*NET 30.3) | Engineering and Technology (Knowledge, O*NET 30.3)","Mampu memodelkan kebutuhan infokom dalam konteks enterprise atau masyarakat, cLO 1 - Mahasiswa mampu menyusun laporan keuangan, cLO 1 - Mahasiswa mampu menyusun laporan kEeuangan, serta cLO 1 - MEahasiswa mampu menyusun laporan keuangan",clo_level,CLO1
SISTEM INFORMASI AKUNTANSI,CLO 2,CLO2,SISTEM_INFORMASI_AKUNTANSI__CLO2,"Mampu memahami konsep dasar bidang infokom yang digunakan dalam lingkup disiplin ilmu sistem informasi, cLO 2 - Mahasiswa Mampu Menjelaskan Proses- proses Pengelolaan ransaksi Keuangan Dengan Memanfaatkan Sistem Informasi Yang Efisien Dan Eerintegrasi (ERP Financial Accountng) Dan Mendemonstrasikan Kemampuan Menggunakan Sistem ERP, cLO 2 - Mahasiswa Mampu Menjelaskan Proses- proses Pengelolaan ransaksi Keuangan Dengan Memanfaatkan Sistem Informasi Yang Efisien Dan erintegrasi (ERP Financial Accountng) Dan Mendemonstrasikan Kemampuan Menggunakan Sistem ERP, serta cLO 2 - Mahasiswa Mampu Menjelaskan Proses- proses Pengelolaan ransaksi Keuangan DEengan Memanfaatkan Sistem Informasi Yang Efisien Dan erintegrasi (ERP Financial Accountng) Dan Mendemonstrasikan Kemampuan Menggunakan Sistem ERP",Enterprise Architecture & Integration | Business Process & Information Systems | Financial Technology,"Administration and Management (Knowledge, O*NET 30.3) | Economics and Accounting (Knowledge, O*NET 30.3) | Engineering and Technology (Knowledge, O*NET 30.3)",Mampu memahami konsep dasar bidang infokom yang digunakan dalam lingkup disiplin ilmu sistem informasi,clo_level,CLO2
SISTEM INFORMASI AKUNTANSI,CLO 3,CLO3,SISTEM_INFORMASI_AKUNTANSI__CLO3,Mampu menggunakan kakas dalam pengelolaan sistem informasi perusahaan berbasis ERP serta cLO 3 - Mahasiswa Memiliki Pemahaman Konsep Dan eori Manajemen Keuangan Untuk Pengambilan Keputusan Keuangan Dan Mampu Melakukan Analisis Laporan Keuangan,Data Mining & Analytics | Enterprise Architecture & Integration | Business Process & Information Systems | Financial Technology,"Administration and Management (Knowledge, O*NET 30.3) | Computers and Electronics + Mathematics (Knowledge, O*NET 30.3) | Economics and Accounting (Knowledge, O*NET 30.3) | Engineering and Technology (Knowledge, O*NET 30.3)",Mampu menggunakan kakas dalam pengelolaan sistem informasi perusahaan berbasis ERP serta cLO 3 - Mahasiswa Memiliki Pemahaman Konsep Dan eori Manajemen Keuangan Untuk Pengambilan Keputusan Keuangan Dan Mampu Melakukan Analisis Laporan Keuangan,clo_level,CLO3
SISTEM INFORMASI AKUNTANSI,CLO 4,CLO4,SISTEM_INFORMASI_AKUNTANSI__CLO4,Mampu menganalisis prinsip dan fungsi manajemen Sistem Informasi untuk mendukung strategi bisnis,Business Process & Information Systems,"Administration and Management (Knowledge, O*NET 30.3)",Mampu menganalisis prinsip dan fungsi manajemen Sistem Informasi untuk mendukung strategi bisnis,clo_level,CLO4
SISTEM MANAJEMEN HUBUNGAN PELANGGAN,CLO 1,CLO1,SISTEM_MANAJEMEN_HUBUNGAN_PELANGGAN__CLO1,"Mampu menjelaskan dan menjabarkan evolusi Konvensional CRM menuju Social CRM , menjabarkan dan menentukan cara berpikir konsumen/pelanggan dalam konteks tertentu, menjabarkan dan menentukan penerapan model IDIC (Identify, Differentiate, Interact, Customize) & rust di CRM",Enterprise Architecture & Integration | Supply Chain & CRM,"Economics and Accounting (Knowledge, O*NET 30.3) | Engineering and Technology (Knowledge, O*NET 30.3)","Mampu menjelaskan dan menjabarkan evolusi Konvensional CRM menuju Social CRM , menjabarkan dan menentukan cara berpikir konsumen/pelanggan dalam konteks tertentu, menjabarkan dan menentukan penerapan model IDIC (Identify, Differentiate, Interact, Customize) & rust di CRM",clo_level,CLO1
SISTEM MANAJEMEN HUBUNGAN PELANGGAN,CLO 2,CLO2,SISTEM_MANAJEMEN_HUBUNGAN_PELANGGAN__CLO2,Mampu menganalisis dan membentuk pendapat dalam klasifikasi dan segmentasi konsumen,Artificial Intelligence | Supply Chain & CRM,"Computers and Electronics (Knowledge, O*NET 30.3) | Economics and Accounting (Knowledge, O*NET 30.3)",Mampu menganalisis dan membentuk pendapat dalam klasifikasi dan segmentasi konsumen,clo_level,CLO2
SISTEM MANAJEMEN HUBUNGAN PELANGGAN,CLO 3,CLO3,SISTEM_MANAJEMEN_HUBUNGAN_PELANGGAN__CLO3,Mampu menjabarkan konsep dasar analytics dan data mining dan perannya dalam CRMdan Menjelaskan tool- tool yang dapat digunakan untuk analytics di CRM dan menggunakan salah satu tool CRM analytics,Data Mining & Analytics | Supply Chain & CRM,"Computers and Electronics + Mathematics (Knowledge, O*NET 30.3) | Economics and Accounting (Knowledge, O*NET 30.3)",Mampu menjabarkan konsep dasar analytics dan data mining dan perannya dalam CRMdan Menjelaskan tool- tool yang dapat digunakan untuk analytics di CRM dan menggunakan salah satu tool CRM analytics,clo_level,CLO3
SISTEM MANAJEMEN HUBUNGAN PELANGGAN,CLO 4,CLO4,SISTEM_MANAJEMEN_HUBUNGAN_PELANGGAN__CLO4,Mampu merancang dan merumuskan pengukuran dan mengelola nilai pelanggan berdasarkan customer-strategy enterprise,Enterprise Architecture & Integration | Supply Chain & CRM,"Economics and Accounting (Knowledge, O*NET 30.3) | Engineering and Technology (Knowledge, O*NET 30.3)",Mampu merancang dan merumuskan pengukuran dan mengelola nilai pelanggan berdasarkan customer-strategy enterprise,clo_level,CLO4
SISTEM MANAJEMEN HUBUNGAN PELANGGAN,CLO 5,CLO5,SISTEM_MANAJEMEN_HUBUNGAN_PELANGGAN__CLO5,Mampu mendesain customer-strategy enterprise,Enterprise Architecture & Integration,"Engineering and Technology (Knowledge, O*NET 30.3)",Mampu mendesain customer-strategy enterprise,clo_level,CLO5
SISTEM OPERASI,CLO 1,CLO1,SISTEM_OPERASI__CLO1,"Mampu merancang, mengembangkan, mengimplementasikan, dan mengevaluasi solusi berbasis sistem informasi untuk memenuhi kebutuhan organisasi menuju data-driven organization",Data Mining & Analytics | Business Process & Information Systems | Human Resource Management,"Administration and Management (Knowledge, O*NET 30.3) | Computers and Electronics + Mathematics (Knowledge, O*NET 30.3) | Personnel and Human Resources (Knowledge, O*NET 30.3)","Mampu merancang, mengembangkan, mengimplementasikan, dan mengevaluasi solusi berbasis sistem informasi untuk memenuhi kebutuhan organisasi menuju data-driven organization",clo_level,CLO1
SISTEM OPERASI,CLO 2,CLO2,SISTEM_OPERASI__CLO2,Mampu mengimplementasikan solusi berbasis sistem informasi menggunakan metodologi pengembangan yang tepat,Business Process & Information Systems,"Administration and Management (Knowledge, O*NET 30.3)",Mampu mengimplementasikan solusi berbasis sistem informasi menggunakan metodologi pengembangan yang tepat,clo_level,CLO2
SISTEM OPERASI,CLO 3,CLO3,SISTEM_OPERASI__CLO3,Mampu menggunakan metode tertentu dalam keilmuan sistem informasi dalam konteks penelitian atau proyek nyata,Business Process & Information Systems | Research & Academic Writing,"Administration and Management (Knowledge, O*NET 30.3) | Critical Thinking + Writing (Essential Skills, O*NET 30.3)",Mampu menggunakan metode tertentu dalam keilmuan sistem informasi dalam konteks penelitian atau proyek nyata,clo_level,CLO3
SISTEM OPERASI,CLO 4,CLO4,SISTEM_OPERASI__CLO4,"Mampu menggunakan teknik, keahlian, dan perangkat dalam pengembangan aplikasi dan integrasinya dalam konteks kasus nyata",Web Development | Data Mining & Analytics | Professional & Soft Skills,"Active Listening + Speaking (Essential Skills, O*NET 30.3) | Computers and Electronics (Knowledge, O*NET 30.3) | Computers and Electronics + Mathematics (Knowledge, O*NET 30.3)","Mampu menggunakan teknik, keahlian, dan perangkat dalam pengembangan aplikasi dan integrasinya dalam konteks kasus nyata",clo_level,CLO4
STATISTIKA INDUSTRI,CLO 1,CLO1-01,STATISTIKA_INDUSTRI__CLO1-01,Mahasiswa mampu melakukan proses pengumpulan data dengan menggunakan teknik sampling yang tepat,Statistics & Mathematics,"Mathematics (Knowledge, O*NET 30.3)",Mahasiswa mampu melakukan proses pengumpulan data dengan menggunakan teknik sampling yang tepat,sub_clo,CLO1-01
STATISTIKA INDUSTRI,CLO 2,CLO2-02,STATISTIKA_INDUSTRI__CLO2-02,Mahasiswa mampu melakukan pengujian hipotesis yang dimanfaatkan untuk menyelesaikan masalah,Software Engineering | Statistics & Mathematics,"Engineering and Technology (Knowledge, O*NET 30.3) | Mathematics (Knowledge, O*NET 30.3)",Mahasiswa mampu melakukan pengujian hipotesis yang dimanfaatkan untuk menyelesaikan masalah,sub_clo,CLO2-02
STATISTIKA INDUSTRI,CLO 3,CLO3-03,STATISTIKA_INDUSTRI__CLO3-03,"Mahasiswa mampu membangun model statistika untuk menganalisis, memprediksi, dan mengambil keputusan pada permasalahan bidang sistem informasi",Statistics & Mathematics | Business Process & Information Systems,"Administration and Management (Knowledge, O*NET 30.3) | Mathematics (Knowledge, O*NET 30.3)","Mahasiswa mampu membangun model statistika untuk menganalisis, memprediksi, dan mengambil keputusan pada permasalahan bidang sistem informasi",sub_clo,CLO3-03
TATA KELOLA DAN MANAJEMEN TEKNOLOGI INFORMASI,CLO 1,CLO1-01,TATA_KELOLA_DAN_MANAJEMEN_TEKNOLOGI_INFORMASI__CLO1-01,Mahasiswa mampu memahami dan menjelaskan konsep tata kelola dan manajemen TI (TKMTI) berdasarkan kerangka kerja praktik yang baik di industri (COBIT 2019),IT Governance,"Administration and Management (Knowledge, O*NET 30.3)",Mahasiswa mampu memahami dan menjelaskan konsep tata kelola dan manajemen TI (TKMTI) berdasarkan kerangka kerja praktik yang baik di industri (COBIT 2019),sub_clo,CLO1-01
TATA KELOLA DAN MANAJEMEN TEKNOLOGI INFORMASI,CLO 2,CLO2-02,TATA_KELOLA_DAN_MANAJEMEN_TEKNOLOGI_INFORMASI__CLO2-02,Mampu menjelaskan detail faktor desain untuk penentuan tujuan TKMTI prioritas beserta tujuh komponen sistem TKTMI pada lima domain terkait,IT Governance,"Administration and Management (Knowledge, O*NET 30.3)",Mampu menjelaskan detail faktor desain untuk penentuan tujuan TKMTI prioritas beserta tujuh komponen sistem TKTMI pada lima domain terkait,sub_clo,CLO2-02
TATA KELOLA DAN MANAJEMEN TEKNOLOGI INFORMASI,CLO 3,CLO3-03,TATA_KELOLA_DAN_MANAJEMEN_TEKNOLOGI_INFORMASI__CLO3-03,Mampu menentukan lingkup tujuan TKMTI prioritas berdasarkan faktor desain serta merancang instrumen penilaian tingkat kinerja tujuh komponen sistem TKMTI prioritas terkait,IT Governance,"Administration and Management (Knowledge, O*NET 30.3)",Mampu menentukan lingkup tujuan TKMTI prioritas berdasarkan faktor desain serta merancang instrumen penilaian tingkat kinerja tujuh komponen sistem TKMTI prioritas terkait,sub_clo,CLO3-03
TATA KELOLA DAN MANAJEMEN TEKNOLOGI INFORMASI,CLO 3,CLO3-04,TATA_KELOLA_DAN_MANAJEMEN_TEKNOLOGI_INFORMASI__CLO3-04,Mampu melaksanakan penilaian kesenjangan antara kondisi saat ini dengan target dan merancang solusi tujuh komponen sistem TKMTI prioritas pada suatu organisasi berdasarkan hasil penilaian kesenjangan yang dilakukan sebelumnya,IT Governance,"Administration and Management (Knowledge, O*NET 30.3)",Mampu melaksanakan penilaian kesenjangan antara kondisi saat ini dengan target dan merancang solusi tujuh komponen sistem TKMTI prioritas pada suatu organisasi berdasarkan hasil penilaian kesenjangan yang dilakukan sebelumnya,sub_clo,CLO3-04
